Timestamp,Temperature_C,Humidity_pct,Soil_Moisture_pct,Light_Lux,Pump_Active,Grow_Light_Active,Exhaust_Fan_Active
2026-09-22 10:12:39,ERR,ERR,ERR,ERR,False,False,False
2026-09-22 10:12:41,ERR,ERR,ERR,ERR,False,False,False
2026-09-22 10:12:44,ERR,ERR,ERR,ERR,False,False,False
2026-09-22 10:21:00,ERR,ERR,ERR,ERR,False,False,False
2026-09-22 10:21:02,ERR,ERR,ERR,ERR,False,False,False
2026-09-22 10:21:04,ERR,ERR,ERR,ERR,False,False,False
2026-09-22 10:21:06,ERR,ERR,ERR,ERR,False,False,False
2026-09-22 10:21:08,ERR,ERR,ERR,ERR,False,False,False
2026-09-22 10:21:10,ERR,ERR,ERR,ERR,False,False,False
2026-09-22 10:21:12,ERR,ERR,ERR,ERR,False,False,False
2026-09-25 08:16:23,ERR,ERR,ERR,ERR,False,False,False
2026-09-25 08:16:25,ERR,ERR,ERR,ERR,False,False,False
2026-09-25 08:16:27,ERR,ERR,ERR,ERR,False,False,False
2026-09-25 08:16:29,ERR,ERR,ERR,ERR,False,False,False
2026-09-25 08:16:31,ERR,ERR,ERR,ERR,False,False,False
2026-09-25 08:16:33,ERR,ERR,ERR,ERR,False,False,False
2026-09-25 08:16:35,ERR,ERR,ERR,ERR,False,False,False
2026-09-25 08:16:37,ERR,ERR,ERR,ERR,False,False,False
2026-09-25 08:16:39,ERR,ERR,ERR,ERR,False,False,False
2026-09-25 08:16:41,ERR,ERR,ERR,ERR,False,False,False
2026-09-25 08:16:43,ERR,ERR,ERR,ERR,False,False,False
2026-09-25 08:16:45,ERR,ERR,ERR,ERR,False,False,False
2026-09-25 08:16:47,ERR,ERR,ERR,ERR,False,False,False
2026-09-25 08:16:49,ERR,ERR,ERR,ERR,False,False,False
2026-09-25 08:16:51,ERR,ERR,ERR,ERR,False,False,False
2026-09-25 08:16:53,ERR,ERR,ERR,ERR,False,False,False
2026-09-25 08:16:55,ERR,ERR,ERR,ERR,False,False,False
2026-09-25 08:16:57,ERR,ERR,ERR,ERR,False,False,False
2026-09-25 08:16:59,ERR,ERR,ERR,ERR,False,False,False
2026-09-25 08:17:01,ERR,ERR,ERR,ERR,False,False,False
2026-09-25 08:17:03,ERR,ERR,ERR,ERR,False,False,False
2026-09-25 08:17:05,ERR,ERR,ERR,ERR,False,False,False
2026-09-25 08:17:07,ERR,ERR,ERR,ERR,False,False,False
2026-09-25 08:17:09,ERR,ERR,ERR,ERR,False,False,False
2026-09-25 08:17:12,ERR,ERR,ERR,ERR,False,False,False
2026-09-25 08:17:14,ERR,ERR,ERR,ERR,False,False,False
2026-09-25 08:17:16,ERR,ERR,ERR,ERR,False,False,False
2026-09-25 08:17:18,ERR,ERR,ERR,ERR,False,False,False
2026-09-25 08:17:20,ERR,ERR,ERR,ERR,False,False,False
2026-09-25 08:17:22,ERR,ERR,ERR,ERR,False,False,False
2026-09-25 08:17:24,ERR,ERR,ERR,ERR,False,False,False
2026-09-25 08:17:26,ERR,ERR,ERR,ERR,False,False,False
2026-09-25 08:17:28,ERR,ERR,ERR,ERR,False,False,False
2026-09-25 08:17:30,ERR,ERR,ERR,ERR,False,False,False
2026-09-25 08:17:32,ERR,ERR,ERR,ERR,False,False,False
2026-09-25 08:17:34,ERR,ERR,ERR,ERR,False,False,False
2026-09-25 08:17:36,ERR,ERR,ERR,ERR,False,False,False
2026-09-25 08:17:38,ERR,ERR,ERR,ERR,False,False,False
2026-09-25 08:17:40,ERR,ERR,ERR,ERR,False,False,False
2026-09-25 08:17:42,ERR,ERR,ERR,ERR,False,False,False
2026-09-25 08:17:44,ERR,ERR,ERR,ERR,False,False,False
2026-09-25 08:17:46,ERR,ERR,ERR,ERR,False,False,False
2026-09-25 08:17:48,ERR,ERR,ERR,ERR,False,False,False
2026-09-25 08:17:50,ERR,ERR,ERR,ERR,False,False,False
2026-09-25 08:17:52,ERR,ERR,ERR,ERR,False,False,False
2026-09-25 08:17:54,ERR,ERR,ERR,ERR,False,False,False
2026-09-25 08:17:56,ERR,ERR,ERR,ERR,False,False,False
2026-09-25 08:17:58,ERR,ERR,ERR,ERR,False,False,False
2026-09-25 08:18:00,ERR,ERR,ERR,ERR,False,False,False
2026-09-25 08:18:02,ERR,ERR,ERR,ERR,False,False,False
2026-09-25 08:18:04,ERR,ERR,ERR,ERR,False,False,False
2026-09-25 08:18:06,ERR,ERR,ERR,ERR,False,False,False
2026-09-25 08:18:08,ERR,ERR,ERR,ERR,False,False,False
2026-09-25 08:18:10,ERR,ERR,ERR,ERR,False,False,False
2026-09-25 08:18:12,ERR,ERR,ERR,ERR,False,False,False
2026-09-25 08:18:14,ERR,ERR,ERR,ERR,False,False,False
2026-09-25 08:18:16,ERR,ERR,ERR,ERR,False,False,False
2026-09-25 08:18:18,ERR,ERR,ERR,ERR,False,False,False
2026-09-25 08:18:20,ERR,ERR,ERR,ERR,False,False,False
2026-09-25 08:18:22,ERR,ERR,ERR,ERR,False,False,False
2026-09-25 08:18:24,ERR,ERR,ERR,ERR,False,False,False
2026-09-25 08:18:26,ERR,ERR,ERR,ERR,False,False,False
2026-09-25 08:18:28,ERR,ERR,ERR,ERR,False,False,False
2026-09-25 08:18:30,ERR,ERR,ERR,ERR,False,False,False
2026-09-25 08:18:32,ERR,ERR,ERR,ERR,False,False,False
2026-09-25 08:18:34,ERR,ERR,ERR,ERR,False,False,False
2026-09-25 08:18:36,ERR,ERR,ERR,ERR,False,False,False
2026-09-25 08:18:38,ERR,ERR,ERR,ERR,False,False,False
2026-09-25 08:18:40,ERR,ERR,ERR,ERR,False,False,False
2026-09-25 08:18:42,ERR,ERR,ERR,ERR,False,False,False
2026-09-25 08:18:44,ERR,ERR,ERR,ERR,False,False,False
2026-09-25 08:18:46,ERR,ERR,ERR,ERR,False,False,False
2026-09-25 08:18:48,ERR,ERR,ERR,ERR,False,False,False
2026-09-25 08:18:50,ERR,ERR,ERR,ERR,False,False,False
2026-09-25 08:18:52,ERR,ERR,ERR,ERR,False,False,False
2026-09-25 08:18:55,ERR,ERR,ERR,ERR,False,False,False
2026-09-25 08:18:57,ERR,ERR,ERR,ERR,False,False,False
2026-09-25 08:18:59,ERR,ERR,ERR,ERR,False,False,False
2026-09-25 08:19:01,ERR,ERR,ERR,ERR,False,False,False
2026-09-25 08:19:03,ERR,ERR,ERR,ERR,False,False,False
2026-09-25 08:19:05,ERR,ERR,ERR,ERR,False,False,False
2026-09-25 08:19:07,ERR,ERR,ERR,ERR,False,False,False
2026-09-25 08:19:09,ERR,ERR,ERR,ERR,False,False,False
2026-09-25 08:19:11,ERR,ERR,ERR,ERR,False,False,False
2026-09-25 08:19:13,ERR,ERR,ERR,ERR,False,False,False
2026-09-25 08:19:15,ERR,ERR,ERR,ERR,False,False,False
2026-09-25 08:19:17,ERR,ERR,ERR,ERR,False,False,False
2026-09-25 08:19:19,ERR,ERR,ERR,ERR,False,False,False
2026-09-25 08:19:21,ERR,ERR,ERR,ERR,False,False,False
2026-09-25 08:19:23,ERR,ERR,ERR,ERR,False,False,False
2026-09-25 08:19:25,ERR,ERR,ERR,ERR,False,False,False
2026-09-25 08:19:27,ERR,ERR,ERR,ERR,False,False,False
2026-09-25 08:19:29,ERR,ERR,ERR,ERR,False,False,False
2026-09-25 08:19:31,ERR,ERR,ERR,ERR,False,False,False
2026-09-25 08:19:33,ERR,ERR,ERR,ERR,False,False,False
2026-09-25 08:19:35,ERR,ERR,ERR,ERR,False,False,False
2026-09-25 08:19:37,ERR,ERR,ERR,ERR,False,False,False
2026-09-25 08:19:39,ERR,ERR,ERR,ERR,False,False,False
2026-09-25 08:19:41,ERR,ERR,ERR,ERR,False,False,False
2026-09-25 08:19:43,ERR,ERR,ERR,ERR,False,False,False
2026-09-25 08:19:45,ERR,ERR,ERR,ERR,False,False,False
2026-09-25 08:19:47,ERR,ERR,ERR,ERR,False,False,False
2026-09-25 08:19:49,ERR,ERR,ERR,ERR,False,False,False
2026-09-25 08:19:51,ERR,ERR,ERR,ERR,False,False,False
2026-09-25 08:19:53,ERR,ERR,ERR,ERR,False,False,False
2026-09-25 08:19:55,ERR,ERR,ERR,ERR,False,False,False
2026-09-25 08:19:57,ERR,ERR,ERR,ERR,False,False,False
2026-09-25 08:19:59,ERR,ERR,ERR,ERR,False,False,False
2026-09-25 08:20:01,ERR,ERR,ERR,ERR,False,False,False
2026-09-25 08:20:03,ERR,ERR,ERR,ERR,False,False,False
2026-09-25 08:20:05,ERR,ERR,ERR,ERR,False,False,False
2026-09-25 08:20:07,ERR,ERR,ERR,ERR,False,False,False
2026-09-25 08:20:09,ERR,ERR,ERR,ERR,False,False,False
2026-09-25 08:20:11,ERR,ERR,ERR,ERR,False,False,False
2026-09-25 08:20:13,ERR,ERR,ERR,ERR,False,False,False
2026-09-25 08:20:15,ERR,ERR,ERR,ERR,False,False,False
2026-09-25 08:20:17,ERR,ERR,ERR,ERR,False,False,False
2026-09-25 08:20:19,ERR,ERR,ERR,ERR,False,False,False
2026-09-25 08:20:21,ERR,ERR,ERR,ERR,False,False,False
2026-09-25 08:20:23,ERR,ERR,ERR,ERR,False,False,False
2026-09-25 08:20:25,ERR,ERR,ERR,ERR,False,False,False
2026-09-25 08:20:27,ERR,ERR,ERR,ERR,False,False,False
2026-09-25 08:20:29,ERR,ERR,ERR,ERR,False,False,False
2026-09-25 08:20:31,ERR,ERR,ERR,ERR,False,False,False
2026-09-25 08:20:33,ERR,ERR,ERR,ERR,False,False,False
2026-09-25 08:20:35,ERR,ERR,ERR,ERR,False,False,False
2026-09-25 08:20:37,ERR,ERR,ERR,ERR,False,False,False
2026-09-25 08:20:39,29.8,88,0,0,False,False,False
2026-09-25 08:20:41,29.8,87,0,0,False,False,False
2026-09-25 08:20:43,29.8,88,0,0,False,False,False
2026-09-25 08:20:45,29.8,88,0,0,False,False,False
2026-09-25 08:20:47,29.8,88,0,0,False,False,False
2026-09-25 08:20:49,29.8,88,0,0,False,False,False
2026-09-25 08:20:51,29.8,88,0,0,False,False,False
2026-09-25 08:20:53,29.8,88,0,0,False,False,False
2026-09-25 08:20:55,29.8,88,0,0,False,False,False
2026-09-25 08:20:57,29.8,88,0,0,False,False,False
2026-09-25 08:20:59,29.8,88,0,0,False,False,False
2026-09-25 08:21:01,29.8,88,0,0,False,False,False
2026-09-25 08:21:03,29.8,88,0,0,False,False,False
2026-09-25 08:21:05,29.8,88,0,0,False,False,False
2026-09-25 08:21:08,29.8,88,0,0,False,False,False
2026-09-25 08:21:10,29.8,87,0,0,False,False,False
2026-09-25 08:21:12,29.8,87,0,0,False,False,False
2026-09-25 08:21:14,29.8,87,0,0,False,False,False
2026-09-25 08:21:16,29.8,88,0,0,False,False,False
2026-09-25 08:21:18,29.8,87,0,0,False,False,False
2026-09-25 08:21:20,29.8,87,0,0,False,False,False
2026-09-25 08:21:22,29.8,88,0,0,False,False,False
2026-09-25 08:21:24,29.8,87,0,0,False,False,False
2026-09-25 08:21:26,29.8,87,0,0,False,False,False
2026-09-25 08:21:28,29.8,87,0,0,False,False,False
2026-09-25 08:21:30,29.8,86,0,0,False,False,False
2026-09-25 08:21:32,29.8,86,0,0,False,False,False
2026-09-25 08:21:34,29.8,86,0,0,False,False,False
2026-09-25 08:21:36,29.8,87,0,0,False,False,False
2026-09-25 08:21:38,29.8,87,0,0,False,False,False
2026-09-25 08:21:40,29.8,87,0,0,False,False,False
2026-09-25 08:21:45,ERR,ERR,ERR,ERR,False,False,False
2026-09-25 08:21:47,ERR,ERR,ERR,ERR,False,False,False
2026-09-25 08:21:50,ERR,ERR,ERR,ERR,False,False,False
2026-09-25 08:21:52,29.8,85,0,0,False,False,False
2026-09-25 08:21:54,29.8,85,0,0,False,False,False
2026-09-25 08:21:58,ERR,ERR,ERR,ERR,False,False,False
2026-09-25 08:22:00,29.8,84,0,0,False,False,False
2026-09-25 08:22:02,29.8,84,0,0,False,False,False
2026-09-25 08:22:05,29.8,84,0,0,False,False,False
2026-09-25 08:22:07,29.8,84,0,0,False,False,False
2026-09-25 08:22:09,29.8,84,0,0,False,False,False
2026-09-25 08:22:11,29.8,84,0,0,False,False,False
2026-09-25 08:22:13,29.8,84,0,0,False,False,False
2026-09-25 08:22:15,29.8,84,0,0,False,False,False
2026-09-25 08:22:17,29.8,84,0,0,False,False,False
2026-09-25 08:22:19,29.8,84,0,0,False,False,False
2026-09-25 08:22:21,29.8,84,0,0,False,False,False
2026-09-25 08:22:24,29.8,84,0,0,False,False,False
2026-09-25 08:22:26,29.8,84,0,0,False,False,False
2026-09-25 08:22:28,29.8,85,0,0,False,False,False
2026-09-25 08:22:30,29.8,84,0,0,False,False,False
2026-09-25 08:22:32,29.8,85,0,0,False,False,False
2026-09-25 08:22:34,29.8,85,0,0,False,False,False
2026-09-25 08:22:36,29.8,85,0,0,False,False,False
2026-09-25 08:22:38,29.8,85,0,0,False,False,False
2026-09-25 08:22:40,29.8,85,0,0,False,False,False
2026-09-25 08:22:42,29.8,85,0,0,False,False,False
2026-09-25 08:22:44,29.8,85,0,0,False,False,False
2026-09-25 08:22:46,29.8,85,0,0,False,False,False
2026-09-25 08:22:48,29.8,85,0,0,False,False,False
2026-09-25 08:22:50,29.8,85,0,0,False,False,False
2026-09-25 08:22:52,29.8,84,0,0,False,False,False
2026-09-25 08:22:54,29.8,85,0,0,False,False,False
2026-09-25 08:22:56,29.8,85,0,0,False,False,False
2026-09-25 08:22:58,29.8,85,0,0,False,False,False
2026-09-25 08:23:00,29.8,85,0,0,False,False,False
2026-09-25 08:23:02,29.8,85,0,0,False,False,False
2026-09-25 08:23:04,29.8,85,0,0,False,False,False
2026-09-25 08:23:06,29.8,85,0,0,False,False,False
2026-09-25 08:23:08,29.8,85,0,0,False,False,False
2026-09-25 08:23:10,29.8,85,0,0,False,False,False
2026-09-25 08:23:12,29.8,85,0,0,False,False,False
2026-09-25 08:23:14,29.8,85,0,0,False,False,False
2026-09-25 08:23:16,29.7,85,0,0,False,False,False
2026-09-25 08:23:18,29.6,85,0,0,False,False,False
2026-09-25 08:23:20,29.5,85,0,0,False,False,False
2026-09-25 08:23:22,29.5,85,0,0,False,False,False
2026-09-25 08:23:24,29.4,85,0,0,False,False,False
2026-09-25 08:23:26,29.4,86,0,0,False,False,False
2026-09-25 08:23:28,29.4,85,0,0,False,False,False
2026-09-25 08:23:30,29.4,85,0,0,False,False,False
2026-09-25 08:23:32,29.4,85,0,0,False,False,False
2026-09-25 08:23:34,29.4,85,0,0,False,False,False
2026-09-25 08:23:36,29.4,85,0,0,False,False,False
2026-09-25 08:23:38,29.4,85,0,0,False,False,False
2026-09-25 08:23:40,29.4,86,0,0,False,False,False
2026-09-25 08:23:42,29.4,85,0,0,False,False,False
2026-09-25 08:23:44,29.3,85,0,0,False,False,False
2026-09-25 08:23:46,29.3,85,0,0,False,False,False
2026-09-25 08:23:48,29.3,85,0,0,False,False,False
2026-09-25 08:23:50,29.3,85,0,0,False,False,False
2026-09-25 08:23:52,29.3,86,0,0,False,False,False
2026-09-25 08:23:54,29.3,86,0,0,False,False,False
2026-09-25 08:23:56,29.3,85,0,0,False,False,False
2026-09-25 08:23:58,29.3,86,0,0,False,False,False
2026-09-25 08:24:00,29.3,85,0,0,False,False,False
2026-09-25 08:24:02,29.3,85,0,0,False,False,False
2026-09-25 08:24:04,29.3,85,0,0,False,False,False
2026-09-25 08:24:06,29.3,85,0,0,False,False,False
2026-09-25 08:24:08,29.3,86,0,0,False,False,False
2026-09-25 08:24:10,29.3,85,0,0,False,False,False
2026-09-25 08:24:12,29.3,85,0,0,False,False,False
2026-09-25 08:24:14,29.3,85,0,0,False,False,False
2026-09-25 08:24:16,29.3,86,0,0,False,False,False
2026-09-25 08:24:18,29.3,85,0,0,False,False,False
2026-09-25 08:24:20,29.3,85,0,0,False,False,False
2026-09-25 08:24:22,29.3,85,0,0,False,False,False
2026-09-25 08:24:24,29.3,86,0,0,False,False,False
2026-09-25 08:24:26,29.3,85,0,0,False,False,False
2026-09-25 08:24:28,29.3,85,0,0,False,False,False
2026-09-25 08:24:30,29.3,85,0,0,False,False,False
2026-09-25 08:24:32,29.3,86,0,0,False,False,False
2026-09-25 08:24:34,29.3,85,0,0,False,False,False
2026-09-25 08:24:36,29.3,85,0,0,False,False,False
2026-09-25 08:24:38,29.3,86,0,0,False,False,False
2026-09-25 08:24:40,29.3,85,0,0,False,False,False
2026-09-25 08:24:42,29.3,86,0,0,False,False,False
2026-09-25 08:24:44,29.3,86,0,0,False,False,False
2026-09-25 08:24:46,29.3,86,0,0,False,False,False
2026-09-25 08:24:48,29.3,86,0,0,False,False,False
2026-09-25 08:24:50,29.3,86,0,0,False,False,False
2026-09-25 08:24:52,29.3,86,0,0,False,False,False
2026-09-25 08:24:54,29.3,86,0,0,False,False,False
2026-09-25 08:24:56,29.3,86,0,0,False,False,False
2026-09-25 08:24:58,29.3,86,0,0,False,False,False
2026-09-25 08:25:00,29.3,86,0,0,False,False,False
2026-09-25 08:25:02,29.3,86,0,0,False,False,False
2026-09-25 08:25:04,29.3,86,0,0,False,False,False
2026-09-25 08:25:06,29.3,86,0,0,False,False,False
2026-09-25 08:25:08,29.3,86,0,0,False,False,False
2026-09-25 08:25:10,29.3,86,0,0,False,False,False
2026-09-25 08:25:12,29.3,86,0,0,False,False,False
2026-09-25 08:25:14,29.3,86,0,0,False,False,False
2026-09-25 08:25:16,29.3,86,0,0,False,False,False
2026-09-25 08:25:18,29.3,86,0,0,False,False,False
2026-09-25 08:25:20,29.3,86,0,0,False,False,False
2026-09-25 08:25:22,29.3,85,0,0,False,False,False
2026-09-25 08:25:24,29.3,85,0,0,False,False,False
2026-09-25 08:25:26,29.3,86,0,0,False,False,False
2026-09-25 08:25:28,29.3,85,0,0,False,False,False
2026-09-25 08:25:30,29.3,85,0,0,False,False,False
2026-09-25 08:25:32,29.3,85,0,0,False,False,False
2026-09-25 08:25:34,29.3,85,0,0,False,False,False
2026-09-25 08:25:36,29.3,86,0,0,False,False,False
2026-09-25 08:25:38,29.3,85,0,0,False,False,False
2026-09-25 08:25:40,29.3,85,0,0,False,False,False
2026-09-25 08:25:42,29.3,85,0,0,False,False,False
2026-09-25 08:25:44,29.3,86,0,0,False,False,False
2026-09-25 08:25:46,29.3,85,0,0,False,False,False
2026-09-25 08:25:48,29.3,85,0,0,False,False,False
2026-09-25 08:25:50,29.3,85,0,0,False,False,False
2026-09-25 08:25:52,29.3,85,0,0,False,False,False
2026-09-25 08:25:54,29.3,85,0,0,False,False,False
2026-09-25 08:25:56,29.3,85,0,0,False,False,False
2026-09-25 08:25:58,29.3,85,0,0,False,False,False
2026-09-25 08:26:00,29.3,86,0,0,False,False,False
2026-09-25 08:26:02,29.3,86,0,0,False,False,False
2026-09-25 08:26:04,29.3,86,0,0,False,False,False
2026-09-25 08:26:06,29.3,86,0,0,False,False,False
2026-09-25 08:26:08,29.3,86,0,0,False,False,False
2026-09-25 08:26:10,29.3,86,0,0,False,False,False
2026-09-25 08:26:12,29.3,86,0,0,False,False,False
2026-09-25 08:26:14,29.3,86,0,0,False,False,False
2026-09-25 08:26:16,29.3,86,0,0,False,False,False
2026-09-25 08:26:18,29.3,85,0,0,False,False,False
2026-09-25 08:26:20,29.3,85,0,0,False,False,False
2026-09-25 08:26:22,29.3,85,0,0,False,False,False
2026-09-25 08:26:24,29.3,85,0,0,False,False,False
2026-09-25 08:26:26,29.3,86,0,0,False,False,False
2026-09-25 08:26:28,29.3,85,0,0,False,False,False
2026-09-25 08:26:30,29.3,85,0,0,False,False,False
2026-09-25 08:26:32,29.3,86,0,0,False,False,False
2026-09-25 08:26:34,29.3,85,0,0,False,False,False
2026-09-25 08:26:36,29.3,85,0,0,False,False,False
2026-09-25 08:26:38,29.3,85,0,0,False,False,False
2026-09-25 08:26:40,29.3,85,0,0,False,False,False
2026-09-25 08:26:42,29.3,86,0,0,False,False,False
2026-09-25 08:26:44,29.3,86,0,0,False,False,False
2026-09-25 08:26:46,29.3,86,0,0,False,False,False
2026-09-25 08:26:48,29.3,86,0,0,False,False,False
2026-09-25 08:26:50,29.3,85,0,0,False,False,False
2026-09-25 08:26:52,29.3,85,0,0,False,False,False
2026-09-25 08:26:54,29.3,85,0,0,False,False,False
2026-09-25 08:26:56,29.3,85,0,0,False,False,False
2026-09-25 08:26:58,29.3,85,0,0,False,False,False
2026-09-25 08:27:00,29.3,85,0,0,False,False,False
2026-09-25 08:27:02,29.3,85,0,0,False,False,False
2026-09-25 08:27:04,29.3,85,0,0,False,False,False
2026-09-25 08:27:06,ERR,ERR,ERR,ERR,False,False,False
2026-09-25 08:27:08,29.3,86,0,0,False,False,False
2026-09-25 08:27:10,29.3,85,0,0,False,False,False
2026-09-25 08:27:12,29.3,85,0,0,False,False,False
2026-09-25 08:27:14,29.3,85,0,0,False,False,False
2026-09-25 08:27:16,29.3,85,0,0,False,False,False
2026-09-25 08:27:18,29.3,85,0,0,False,False,False
2026-09-25 08:27:20,29.3,86,0,0,False,False,False
2026-09-25 08:27:22,29.3,85,0,0,False,False,False
2026-09-25 08:27:25,29.3,85,0,0,False,False,False
2026-09-25 08:27:27,29.3,86,0,0,False,False,False
2026-09-25 08:27:29,29.3,86,0,0,False,False,False
2026-09-25 08:27:31,29.3,86,0,0,False,False,False
2026-09-25 08:27:33,29.3,86,0,0,False,False,False
2026-09-25 08:27:35,29.3,86,0,0,False,False,False
2026-09-25 08:27:37,29.3,86,0,0,False,False,False
2026-09-25 08:27:39,29.3,86,0,0,False,False,False
2026-09-25 08:27:41,29.3,87,0,0,False,False,False
2026-09-25 08:27:43,29.3,86,0,0,False,False,False
2026-09-25 08:27:45,29.3,86,0,0,False,False,False
2026-09-25 08:27:47,29.3,86,0,0,False,False,False
2026-09-25 08:27:49,29.3,86,0,0,False,False,False
2026-09-25 08:27:51,29.3,87,0,0,False,False,False
2026-09-25 08:27:53,29.3,86,0,0,False,False,False
2026-09-25 08:27:55,29.3,86,0,0,False,False,False
2026-09-25 08:27:57,29.3,86,0,0,False,False,False
2026-09-25 08:27:59,29.3,86,0,0,False,False,False
2026-09-25 08:28:01,29.3,87,0,0,False,False,False
2026-09-25 08:28:03,29.3,85,0,0,False,False,False
2026-09-25 08:28:05,29.3,85,0,0,False,False,False
2026-09-25 08:28:07,29.3,85,0,0,False,False,False
2026-09-25 08:28:09,29.3,85,0,0,False,False,False
2026-09-25 08:28:11,29.3,85,0,0,False,False,False
2026-09-25 08:28:13,29.3,85,0,0,False,False,False
2026-09-25 08:28:15,29.3,85,0,0,False,False,False
2026-09-25 08:28:17,29.3,85,0,0,False,False,False
2026-09-25 08:28:19,29.3,85,0,0,False,False,False
2026-09-25 08:28:21,29.3,85,0,0,False,False,False
2026-09-25 08:28:23,29.3,85,0,0,False,False,False
2026-09-25 08:28:25,29.3,85,0,0,False,False,False
2026-09-25 08:28:27,29.3,85,0,0,False,False,False
2026-09-25 08:28:29,29.3,85,0,0,False,False,False
2026-09-25 08:28:31,29.3,85,0,0,False,False,False
2026-09-25 08:28:33,29.3,85,0,0,False,False,False
2026-09-25 08:28:35,29.3,85,0,0,False,False,False
2026-09-25 08:28:37,29.4,85,0,0,False,False,False
2026-09-25 08:28:39,29.4,85,0,0,False,False,False
2026-09-25 08:28:41,29.4,85,0,0,False,False,False
2026-09-25 08:28:43,29.4,85,0,0,False,False,False
2026-09-25 08:28:45,29.4,85,0,0,False,False,False
2026-09-25 08:28:47,29.4,84,0,0,False,False,False
2026-09-25 08:28:49,29.5,85,0,0,False,False,False
2026-09-25 08:28:51,29.6,85,0,0,False,False,False
2026-09-25 08:28:53,29.6,84,0,0,False,False,False
2026-09-25 08:28:55,29.5,84,0,0,False,False,False
2026-09-25 08:28:57,29.6,84,0,0,False,False,False
2026-09-25 08:28:59,29.7,84,0,0,False,False,False
2026-09-25 08:29:01,29.8,84,0,0,False,False,False
2026-09-25 08:29:03,29.8,84,0,0,False,False,False
2026-09-25 08:29:05,29.8,84,0,0,False,False,False
2026-09-25 08:29:07,29.8,84,0,0,False,False,False
2026-09-25 08:29:09,29.8,84,0,0,False,False,False
2026-09-25 08:29:11,29.8,84,0,0,False,False,False
2026-09-25 08:29:13,29.8,84,0,0,False,False,False
2026-09-25 08:29:15,29.8,84,0,0,False,False,False
2026-09-25 08:29:17,29.8,84,0,0,False,False,False
2026-09-25 08:29:19,29.8,84,0,0,False,False,False
2026-09-25 08:29:21,29.8,84,0,0,False,False,False
2026-09-25 08:29:23,29.8,84,0,0,False,False,False
2026-09-25 08:29:25,29.8,84,0,0,False,False,False
2026-09-25 08:29:27,29.8,84,0,0,False,False,False
2026-09-25 08:29:29,29.8,84,0,0,False,False,False
2026-09-25 08:29:31,29.8,84,0,0,False,False,False
2026-09-25 08:29:33,29.8,84,0,0,False,False,False
2026-09-25 08:29:35,29.8,84,0,0,False,False,False
2026-09-25 08:29:37,29.8,84,0,0,False,False,False
2026-09-25 08:29:39,29.8,84,0,0,False,False,False
2026-09-25 08:29:41,29.8,84,0,0,False,False,False
2026-09-25 08:29:43,29.8,84,0,0,False,False,False
2026-09-25 08:29:45,29.8,84,0,0,False,False,False
2026-09-25 08:29:47,29.8,84,0,0,False,False,False
2026-09-25 08:29:49,29.8,84,0,0,False,False,False
2026-09-25 08:29:51,29.8,84,0,0,False,False,False
2026-09-25 08:29:53,29.8,84,0,0,False,False,False
2026-09-25 08:29:56,29.8,84,0,0,False,False,False
2026-09-25 08:29:58,29.8,84,0,0,False,False,False
2026-09-25 08:30:00,29.8,84,0,0,False,False,False
2026-09-25 08:30:02,29.8,84,0,0,False,False,False
2026-09-25 08:30:04,29.8,84,0,0,False,False,False
2026-09-25 08:30:06,29.8,84,0,0,False,False,False
2026-09-25 08:30:08,29.8,84,0,0,False,False,False
2026-09-25 08:30:10,29.8,84,0,0,False,False,False
2026-09-25 08:30:12,29.8,84,0,0,False,False,False
2026-09-25 08:30:14,29.8,84,0,0,False,False,False
2026-09-25 08:30:16,29.8,85,0,0,False,False,False
2026-09-25 08:30:18,29.8,84,0,0,False,False,False
2026-09-25 08:30:20,29.8,84,0,0,False,False,False
2026-09-25 08:30:22,29.8,84,0,0,False,False,False
2026-09-25 08:30:24,29.8,84,0,0,False,False,False
2026-09-25 08:30:26,29.8,84,0,0,False,False,False
2026-09-25 08:30:28,29.8,84,0,0,False,False,False
2026-09-25 08:30:30,29.8,84,0,0,False,False,False
2026-09-25 08:30:32,29.8,84,0,0,False,False,False
2026-09-25 08:30:34,29.8,84,0,0,False,False,False
2026-09-25 08:30:36,29.8,84,0,0,False,False,False
2026-09-25 08:30:38,29.8,84,0,0,False,False,False
2026-09-25 08:30:40,29.8,84,0,0,False,False,False
2026-09-25 08:30:42,29.8,84,0,0,False,False,False
2026-09-25 08:30:44,29.8,84,0,0,False,False,False
2026-09-25 08:30:46,29.8,84,0,0,False,False,False
2026-09-25 08:30:53,29.8,84,0,0,False,False,False
2026-09-25 08:30:55,29.8,84,0,0,False,False,False
2026-09-25 08:30:57,29.8,83,0,0,False,False,False
2026-09-25 08:30:59,29.8,83,0,0,False,False,False
2026-09-25 08:31:01,29.8,83,0,0,False,False,False
2026-09-25 08:31:03,29.8,83,0,0,False,False,False
2026-09-25 08:31:05,29.8,83,0,0,False,False,False
2026-09-25 08:31:07,29.8,83,0,0,False,False,False
2026-09-25 08:31:09,29.8,83,0,0,False,False,False
2026-09-25 08:31:11,29.8,83,0,0,False,False,False
2026-09-25 08:31:13,29.8,83,0,0,False,False,False
2026-09-25 08:31:15,29.8,83,0,0,False,False,False
2026-09-25 08:31:17,29.8,83,0,0,False,False,False
2026-09-25 08:31:19,29.8,82,0,0,False,False,False
2026-09-25 08:31:21,29.8,83,0,0,False,False,False
2026-09-25 08:31:23,29.8,83,0,0,False,False,False
2026-09-25 08:31:25,29.8,83,0,0,False,False,False
2026-09-25 08:31:27,29.8,83,0,0,False,False,False
2026-09-25 08:31:29,29.8,83,0,0,False,False,False
2026-09-25 08:31:31,29.8,83,0,0,False,False,False
2026-09-25 08:31:33,29.8,83,0,0,False,False,False
2026-09-25 08:31:35,29.8,83,0,0,False,False,False
2026-09-25 08:31:37,29.8,83,0,0,False,False,False
2026-09-25 08:31:39,29.8,83,0,0,False,False,False
2026-09-25 08:31:41,29.8,83,0,0,False,False,False
2026-09-25 08:31:43,29.8,83,0,0,False,False,False
2026-09-25 08:31:45,29.8,83,0,0,False,False,False
2026-09-25 08:31:47,29.8,83,0,0,False,False,False
2026-09-25 08:31:49,29.8,84,0,0,False,False,False
2026-09-25 08:31:51,29.8,83,0,0,False,False,False
2026-09-25 08:31:53,29.8,83,0,0,False,False,False
2026-09-25 08:31:55,29.8,83,0,0,False,False,False
2026-09-25 08:31:57,29.8,83,0,0,False,False,False
2026-09-25 08:31:59,29.8,83,0,0,False,False,False
2026-09-25 08:32:01,29.8,83,0,0,False,False,False
2026-09-25 08:32:03,29.8,84,0,0,False,False,False
2026-09-25 08:32:05,29.8,84,0,0,False,False,False
2026-09-25 08:32:07,29.8,84,0,0,False,False,False
2026-09-25 08:32:09,29.8,84,0,0,False,False,False
2026-09-25 08:32:11,29.8,84,0,0,False,False,False
2026-09-25 08:32:13,29.8,84,0,0,False,False,False
2026-09-25 08:32:15,29.8,84,0,0,False,False,False
2026-09-25 08:32:17,29.8,84,0,0,False,False,False
2026-09-25 08:32:19,29.8,84,0,0,False,False,False
2026-09-25 08:32:21,29.8,84,0,0,False,False,False
2026-09-25 08:32:23,29.8,84,0,0,False,False,False
2026-09-25 08:32:25,29.8,84,0,0,False,False,False
2026-09-25 08:32:27,29.8,84,0,0,False,False,False
2026-09-25 08:32:29,29.8,84,0,0,False,False,False
2026-09-25 08:32:31,29.8,84,0,0,False,False,False
2026-09-25 08:32:33,29.8,84,0,0,False,False,False
2026-09-25 08:32:35,29.8,84,0,0,False,False,False
2026-09-25 08:32:37,29.8,84,0,0,False,False,False
2026-09-25 08:32:39,29.8,84,0,0,False,False,False
2026-09-25 08:32:41,29.8,84,0,0,False,False,False
2026-09-25 08:32:43,29.8,84,0,0,False,False,False
2026-09-25 08:32:45,29.8,84,0,0,False,False,False
2026-09-25 08:32:47,29.8,84,0,0,False,False,False
2026-09-25 08:32:49,29.8,83,0,0,False,False,False
2026-09-25 08:32:51,29.8,83,0,0,False,False,False
2026-09-25 08:32:53,29.8,83,0,0,False,False,False
2026-09-25 08:32:55,29.8,83,0,0,False,False,False
2026-09-25 08:32:57,29.8,83,0,0,False,False,False
2026-09-25 08:32:59,29.8,84,0,0,False,False,False
2026-09-25 08:33:01,29.8,84,0,0,False,False,False
2026-09-25 08:33:03,29.8,83,0,0,False,False,False
2026-09-25 08:33:05,29.8,83,0,0,False,False,False
2026-09-25 08:33:07,29.8,83,0,0,False,False,False
2026-09-25 08:33:09,29.8,83,0,0,False,False,False
2026-09-25 08:33:11,29.8,83,0,0,False,False,False
2026-09-25 08:33:17,ERR,ERR,ERR,ERR,False,False,False
2026-09-25 08:33:19,ERR,ERR,ERR,ERR,False,False,False
2026-09-25 08:33:21,29.8,83,0,0,False,False,False
2026-09-25 08:33:23,29.8,83,0,0,False,False,False
2026-09-25 08:33:25,29.8,82,0,0,False,False,False
2026-09-25 08:33:27,29.8,83,0,0,False,False,False
2026-09-25 08:33:29,29.8,83,0,0,False,False,False
2026-09-25 08:33:31,29.8,83,0,0,False,False,False
2026-09-25 08:33:34,29.8,83,0,0,False,False,False
2026-09-25 08:33:39,29.8,83,0,0,False,False,False
2026-09-25 08:33:41,29.8,83,0,0,False,False,False
2026-09-25 08:33:43,29.8,82,0,0,False,False,False
2026-09-25 08:33:45,29.8,82,0,0,False,False,False
2026-09-25 08:33:47,29.8,82,0,0,False,False,False
2026-09-25 08:33:49,29.8,83,0,0,False,False,False
2026-09-25 08:33:51,29.8,82,0,0,False,False,False
2026-09-25 08:33:53,29.8,82,0,0,False,False,False
2026-09-25 08:33:55,29.8,82,0,0,False,False,False
2026-09-25 08:33:57,29.8,83,0,0,False,False,False
2026-09-25 08:33:59,29.8,83,0,0,False,False,False
2026-09-25 08:34:01,29.8,82,0,0,False,False,False
2026-09-25 08:34:03,29.8,83,0,0,False,False,False
2026-09-25 08:34:05,29.8,82,0,0,False,False,False
2026-09-25 08:34:07,30.2,88,0,0,False,False,True
2026-09-25 08:34:09,30.8,98,0,0,False,False,True
2026-09-25 08:34:11,32.8,98,0,0,False,False,True
2026-09-25 08:34:13,32.3,98,0,0,False,False,True
2026-09-25 08:34:15,32.3,98,0,0,False,False,True
2026-09-25 08:34:17,32.3,98,0,0,False,False,True
2026-09-25 08:34:19,31.8,98,0,0,False,False,True
2026-09-25 08:34:21,31.8,98,0,0,False,False,True
2026-09-25 08:34:23,31.8,98,0,0,False,False,True
2026-09-25 08:34:25,31.3,98,0,0,False,False,True
2026-09-25 08:34:27,31.3,98,0,0,False,False,True
2026-09-25 08:34:29,31.3,98,0,0,False,False,True
2026-09-25 08:34:31,30.8,95,0,0,False,False,True
2026-09-25 08:34:33,30.8,95,0,0,False,False,True
2026-09-25 08:34:35,30.8,94,0,0,False,False,True
2026-09-25 08:34:37,30.8,92,0,0,False,False,True
2026-09-25 08:34:39,30.2,91,0,0,False,False,True
2026-09-25 08:34:41,30.2,90,0,0,False,False,True
2026-09-25 08:34:43,30.2,90,0,0,False,False,True
2026-09-25 08:34:45,30.2,90,0,0,False,False,True
2026-09-25 08:34:47,30.2,89,0,0,False,False,True
2026-09-25 08:34:49,30.2,87,0,0,False,False,True
2026-09-25 08:34:51,30.2,86,0,0,False,False,True
2026-09-25 08:34:53,30.2,86,0,0,False,False,True
2026-09-25 08:34:55,30.2,86,0,0,False,False,True
2026-09-25 08:34:57,30.2,86,0,0,False,False,True
2026-09-25 08:34:59,30.2,86,0,0,False,False,True
2026-09-25 08:35:01,30.2,86,0,0,False,False,True
2026-09-25 08:35:03,30.8,98,0,0,False,False,True
2026-09-25 08:35:05,30.8,94,0,0,False,False,True
2026-09-25 08:35:07,30.2,92,0,0,False,False,True
2026-09-25 08:35:09,30.2,91,0,0,False,False,True
2026-09-25 08:35:11,30.2,91,0,0,False,False,True
2026-09-25 08:35:13,30.2,91,0,0,False,False,True
2026-09-25 08:35:15,30.2,90,0,0,False,False,True
2026-09-25 08:35:17,30.2,87,0,0,False,False,True
2026-09-25 08:35:19,30.2,86,0,0,False,False,True
2026-09-25 08:35:21,30.2,86,0,0,False,False,True
2026-09-25 08:35:23,30.2,86,0,0,False,False,True
2026-09-25 08:35:25,30.2,86,0,0,False,False,True
2026-09-25 08:35:27,30.2,86,0,0,False,False,True
2026-09-25 08:35:29,30.2,84,0,0,False,False,True
2026-09-25 08:35:31,30.2,84,0,0,False,False,True
2026-09-25 08:35:33,30.2,83,0,0,False,False,True
2026-09-25 08:35:35,30.2,84,0,0,False,False,True
2026-09-25 08:35:37,30.2,84,0,0,False,False,True
2026-09-25 08:35:39,30.2,84,0,0,False,False,True
2026-09-25 08:35:41,30.2,84,0,0,False,False,True
2026-09-25 08:35:43,30.2,84,0,0,False,False,True
2026-09-25 08:35:46,29.8,84,0,0,False,False,False
2026-09-25 08:35:48,29.8,84,0,0,False,False,False
2026-09-25 08:35:50,29.8,84,0,0,False,False,False
2026-09-25 08:35:52,29.8,84,0,0,False,False,False
2026-09-25 08:35:54,29.8,84,0,0,False,False,False
2026-09-25 08:35:56,29.8,84,0,0,False,False,False
2026-09-25 08:35:58,29.8,84,0,0,False,False,False
2026-09-25 08:36:00,29.8,84,0,0,False,False,False
2026-09-25 08:36:02,29.8,84,0,0,False,False,False
2026-09-25 08:36:04,29.8,84,0,0,False,False,False
2026-09-25 08:36:06,29.8,84,0,0,False,False,False
2026-09-25 08:36:08,29.8,84,0,0,False,False,False
2026-09-25 08:36:10,29.8,84,0,0,False,False,False
2026-09-25 08:36:12,29.8,84,0,0,False,False,False
2026-09-25 08:36:14,29.8,84,0,0,False,False,False
2026-09-25 08:36:16,29.8,84,0,0,False,False,False
2026-09-25 08:36:18,29.8,84,0,0,False,False,False
2026-09-25 08:36:20,29.8,84,0,0,False,False,False
2026-09-25 08:36:22,29.8,84,0,0,False,False,False
2026-09-25 08:36:24,29.8,84,0,0,False,False,False
2026-09-25 08:36:26,29.8,84,0,0,False,False,False
2026-09-25 08:36:28,29.8,84,0,0,False,False,False
2026-09-25 08:36:30,29.8,84,0,0,False,False,False
2026-09-25 08:36:32,29.8,84,0,0,False,False,False
2026-09-25 08:36:34,29.8,84,0,0,False,False,False
2026-09-25 08:36:36,29.8,84,0,0,False,False,False
2026-09-25 08:36:38,29.8,84,0,0,False,False,False
2026-09-25 08:36:40,29.8,84,0,0,False,False,False
2026-09-25 08:36:42,29.8,84,0,0,False,False,False
2026-09-25 08:36:44,29.8,84,0,0,False,False,False
2026-09-25 08:36:46,29.8,84,0,0,False,False,False
2026-09-25 08:36:48,29.8,84,0,0,False,False,False
2026-09-25 08:36:50,29.8,84,0,0,False,False,False
2026-09-25 08:36:52,29.8,84,0,0,False,False,False
2026-09-25 08:36:54,29.8,84,0,0,False,False,False
2026-09-25 08:36:56,29.8,84,0,0,False,False,False
2026-09-25 08:36:58,29.9,84,0,0,False,False,False
2026-09-25 08:37:00,30.1,83,0,0,False,False,True
2026-09-25 08:37:02,30.2,83,0,0,False,False,True
2026-09-25 08:37:04,30.2,82,0,0,False,False,True
2026-09-25 08:37:06,30.2,82,0,0,False,False,True
2026-09-25 08:37:08,30.2,82,0,0,False,False,True
2026-09-25 08:37:10,30.2,82,0,0,False,False,True
2026-09-25 08:37:12,30.2,82,0,0,False,False,True
2026-09-25 08:37:14,30.2,82,0,0,False,False,True
2026-09-25 08:37:16,30.2,82,0,0,False,False,True
2026-09-25 08:37:18,30.2,82,0,0,False,False,True
2026-09-25 08:37:20,30,83,0,0,False,False,True
2026-09-25 08:37:22,30.2,82,0,0,False,False,True
2026-09-25 08:37:24,30.2,82,0,0,False,False,True
2026-09-25 08:37:26,30.1,83,0,0,False,False,True
2026-09-25 08:37:28,30.2,82,0,0,False,False,True
2026-09-25 08:37:30,30.2,82,0,0,False,False,True
2026-09-25 08:37:32,30.2,82,0,0,False,False,True
2026-09-25 08:37:34,30.2,82,0,0,False,False,True
2026-09-25 08:37:36,30.2,82,0,0,False,False,True
2026-09-25 08:37:38,30.2,82,0,0,False,False,True
2026-09-25 08:37:40,30.2,82,0,0,False,False,True
2026-09-25 08:37:42,30.2,82,0,0,False,False,True
2026-09-25 08:37:44,30.1,82,0,0,False,False,True
2026-09-25 08:37:46,29.9,83,0,0,False,False,False
2026-09-25 08:37:48,29.8,83,0,0,False,False,False
2026-09-25 08:37:50,29.8,83,0,0,False,False,False
2026-09-25 08:37:52,29.8,83,0,0,False,False,False
2026-09-25 08:37:54,29.8,83,0,0,False,False,False
2026-09-25 08:37:56,29.8,83,0,0,False,False,False
2026-09-25 08:37:58,29.8,83,0,0,False,False,False
2026-09-25 08:38:00,29.8,84,0,0,False,False,False
2026-09-25 08:38:02,29.8,83,0,0,False,False,False
2026-09-25 08:38:04,29.8,83,0,0,False,False,False
2026-09-25 08:38:06,29.8,83,0,0,False,False,False
2026-09-25 08:38:08,29.8,83,0,0,False,False,False
2026-09-25 08:38:10,29.8,83,0,0,False,False,False
2026-09-25 08:38:12,29.8,83,0,0,False,False,False
2026-09-25 08:38:14,29.8,84,0,0,False,False,False
2026-09-25 08:38:16,29.8,84,0,0,False,False,False
2026-09-25 08:38:18,29.8,83,0,0,False,False,False
2026-09-25 08:38:20,29.8,83,0,0,False,False,False
2026-09-25 08:38:22,29.8,83,0,0,False,False,False
2026-09-25 08:38:24,29.8,84,0,0,False,False,False
2026-09-25 08:38:26,29.8,83,0,0,False,False,False
2026-09-25 08:38:28,29.8,83,0,0,False,False,False
2026-09-25 08:38:30,29.8,83,0,0,False,False,False
2026-09-25 08:38:32,29.8,83,0,0,False,False,False
2026-09-25 08:38:34,29.9,83,0,0,False,False,False
2026-09-25 08:38:36,30,82,0,0,False,False,True
2026-09-25 08:38:38,29.9,83,0,0,False,False,False
2026-09-25 08:38:40,29.9,83,0,0,False,False,False
2026-09-25 08:38:42,29.9,83,0,0,False,False,False
2026-09-25 08:38:44,29.9,83,0,0,False,False,False
2026-09-25 08:38:46,29.9,83,0,0,False,False,False
2026-09-25 08:38:48,29.9,83,0,0,False,False,False
2026-09-25 08:38:50,29.9,84,0,0,False,False,False
2026-09-25 08:38:52,30,83,0,0,False,False,True
2026-09-25 08:38:54,29.9,83,0,0,False,False,False
2026-09-25 08:38:56,29.8,83,0,0,False,False,False
2026-09-25 08:38:58,29.9,83,0,0,False,False,False
2026-09-25 08:39:00,30.1,83,0,0,False,False,True
2026-09-25 08:39:02,30.2,83,0,0,False,False,True
2026-09-25 08:39:04,30.2,83,0,0,False,False,True
2026-09-25 08:39:06,30.2,83,0,0,False,False,True
2026-09-25 08:39:08,ERR,ERR,ERR,ERR,False,False,True
2026-09-25 08:39:10,30.2,82,0,0,False,False,True
2026-09-25 08:39:12,30.1,82,0,0,False,False,True
2026-09-25 08:39:14,30.2,81,0,0,False,False,True
2026-09-25 08:39:16,30.2,82,0,0,False,False,True
2026-09-25 08:39:18,30.2,82,0,0,False,False,True
2026-09-25 08:39:20,30.2,82,0,0,False,False,True
2026-09-25 08:39:22,30.2,82,0,0,False,False,True
2026-09-25 08:39:24,30.2,82,0,0,False,False,True
2026-09-25 08:39:26,30.2,82,0,0,False,False,True
2026-09-25 08:39:28,30.2,82,0,0,False,False,True
2026-09-25 08:39:30,30.2,82,0,0,False,False,True
2026-09-25 08:39:32,30.2,82,0,0,False,False,True
2026-09-25 08:39:34,30.2,82,0,0,False,False,True
2026-09-25 08:39:36,30.2,82,0,0,False,False,True
2026-09-25 08:39:38,30.2,82,0,0,False,False,True
2026-09-25 08:39:40,30.2,82,0,0,False,False,True
2026-09-25 08:39:42,30.2,82,0,0,False,False,True
2026-09-25 08:39:44,30.2,82,0,0,False,False,True
2026-09-25 08:39:46,30.2,82,0,0,False,False,True
2026-09-25 08:39:48,30.2,82,0,0,False,False,True
2026-09-25 08:39:50,30.2,82,0,0,False,False,True
2026-09-25 08:39:52,30.2,82,0,0,False,False,True
2026-09-25 08:39:54,30.2,82,0,0,False,False,True
2026-09-25 08:39:56,30.2,82,0,0,False,False,True
2026-09-25 08:39:58,30.2,82,0,0,False,False,True
2026-09-25 08:40:00,30.2,80,0,0,False,False,True
2026-09-25 08:40:02,30.2,81,0,0,False,False,True
2026-09-25 08:40:04,30.2,81,0,0,False,False,True
2026-09-25 08:40:06,30.2,81,0,0,False,False,True
2026-09-25 08:40:08,30.2,81,0,0,False,False,True
2026-09-25 08:40:10,30.2,81,0,0,False,False,True
2026-09-25 08:40:12,30.2,81,0,0,False,False,True
2026-09-25 08:40:14,30.2,82,0,0,False,False,True
2026-09-25 08:40:16,30.2,82,0,0,False,False,True
2026-09-25 08:40:18,30.2,81,0,0,False,False,True
2026-09-25 08:40:20,30.2,82,0,0,False,False,True
2026-09-25 08:40:22,30.2,81,0,0,False,False,True
2026-09-25 08:40:24,30.2,81,0,0,False,False,True
2026-09-25 08:40:26,30.2,81,0,0,False,False,True
2026-09-25 08:40:28,30.2,80,0,0,False,False,True
2026-09-25 08:40:30,30.2,80,0,0,False,False,True
2026-09-25 08:40:32,30.2,81,0,0,False,False,True
2026-09-25 08:40:34,30.2,81,0,0,False,False,True
2026-09-25 08:40:36,30.2,81,0,0,False,False,True
2026-09-25 08:40:38,30.2,81,0,0,False,False,True
2026-09-25 08:40:40,30.2,81,0,0,False,False,True
2026-09-25 08:40:42,30.2,81,0,0,False,False,True
2026-09-25 08:40:44,30.2,81,0,0,False,False,True
2026-09-25 08:40:46,30.2,81,0,0,False,False,True
2026-09-25 08:40:48,30.2,80,0,0,False,False,True
2026-09-25 08:40:50,30.2,80,0,0,False,False,True
2026-09-25 08:40:52,30.2,80,0,0,False,False,True
2026-09-25 08:40:54,30.2,81,0,0,False,False,True
2026-09-25 08:40:56,30.2,81,0,0,False,False,True
2026-09-25 08:40:58,30.2,81,0,0,False,False,True
2026-09-25 08:41:00,30.2,81,0,0,False,False,True
2026-09-25 08:41:02,30.2,81,0,0,False,False,True
2026-09-25 08:41:04,30.2,81,0,0,False,False,True
2026-09-25 08:41:06,30.2,81,0,0,False,False,True
2026-09-25 08:41:08,30.2,81,0,0,False,False,True
2026-09-25 08:41:10,30.2,81,0,0,False,False,True
2026-09-25 08:41:12,30.2,81,0,0,False,False,True
2026-09-25 08:41:14,30.2,81,0,0,False,False,True
2026-09-25 08:41:16,30.2,81,0,0,False,False,True
2026-09-25 08:41:18,30.2,81,0,0,False,False,True
2026-09-25 08:41:20,30.2,80,0,0,False,False,True
2026-09-25 08:41:22,30.2,80,0,0,False,False,True
2026-09-25 08:41:24,30.2,81,0,0,False,False,True
2026-09-25 08:41:26,30.2,80,0,0,False,False,True
2026-09-25 08:41:28,30.2,81,0,0,False,False,True
2026-09-25 08:41:30,30.2,80,0,0,False,False,True
2026-09-25 08:41:32,30.2,80,0,0,False,False,True
2026-09-25 08:41:34,30.2,80,0,0,False,False,True
2026-09-25 08:41:36,30.2,80,0,0,False,False,True
2026-09-25 08:41:38,30.2,80,0,0,False,False,True
2026-09-25 08:41:40,30.2,80,0,0,False,False,True
2026-09-25 08:41:42,30.2,80,0,0,False,False,True
2026-09-25 08:41:44,30.2,80,0,0,False,False,True
2026-09-25 08:41:46,30.2,79,0,0,False,False,True
2026-09-25 08:41:48,30.2,79,0,0,False,False,True
2026-09-25 08:41:50,30.2,79,0,0,False,False,True
2026-09-25 08:41:52,30.2,79,0,0,False,False,True
2026-09-25 08:41:54,30.2,79,0,0,False,False,True
2026-09-25 08:41:56,30.2,80,0,0,False,False,True
2026-09-25 08:41:58,30.2,80,0,0,False,False,True
2026-09-25 08:42:00,30.2,80,0,0,False,False,True
2026-09-25 08:42:02,30.2,80,0,0,False,False,True
2026-09-25 08:42:04,30.2,80,0,0,False,False,True
2026-09-25 08:42:06,30.2,80,0,0,False,False,True
2026-09-25 08:42:08,30.2,80,0,0,False,False,True
2026-09-25 08:42:10,30.2,79,0,0,False,False,True
2026-09-25 08:42:12,30.2,79,0,0,False,False,True
2026-09-25 08:42:14,30.2,79,0,0,False,False,True
2026-09-25 08:42:16,30.2,79,0,0,False,False,True
2026-09-25 08:42:18,30.2,79,0,0,False,False,True
2026-09-25 08:42:20,30.2,79,0,0,False,False,True
2026-09-25 08:42:22,30.2,79,0,0,False,False,True
2026-09-25 08:42:24,30.2,79,0,0,False,False,True
2026-09-25 08:42:26,30.2,79,0,0,False,False,True
2026-09-25 08:42:28,30.2,79,0,0,False,False,True
2026-09-25 08:42:30,30.2,79,0,0,False,False,True
2026-09-25 08:42:32,30.2,80,0,0,False,False,True
2026-09-25 08:42:34,30.2,79,0,0,False,False,True
2026-09-25 08:42:36,30.2,79,0,0,False,False,True
2026-09-25 08:42:38,30.2,79,0,0,False,False,True
2026-09-25 08:42:40,30.2,79,0,0,False,False,True
2026-09-25 08:42:42,30.2,79,0,0,False,False,True
2026-09-25 08:42:44,30.2,80,0,0,False,False,True
2026-09-25 08:42:46,30.2,80,0,0,False,False,True
2026-09-25 08:42:48,30.2,79,0,0,False,False,True
2026-09-25 08:42:50,30.2,79,0,0,False,False,True
2026-09-25 08:42:52,30.2,79,0,0,False,False,True
2026-09-25 08:42:54,30.2,79,0,0,False,False,True
2026-09-25 08:42:56,30.2,79,0,0,False,False,True
2026-09-25 08:42:58,30.2,79,0,0,False,False,True
2026-09-25 08:43:00,30.2,80,0,0,False,False,True
2026-09-25 08:43:02,30.2,80,0,0,False,False,True
2026-09-25 08:43:04,30.2,79,0,0,False,False,True
2026-09-25 08:43:06,30.2,79,0,0,False,False,True
2026-09-25 08:43:08,30.2,79,0,0,False,False,True
2026-09-25 08:43:10,30.2,79,0,0,False,False,True
2026-09-25 08:43:12,30.2,79,0,0,False,False,True
2026-09-25 08:43:14,30.2,80,0,0,False,False,True
2026-09-25 08:43:16,30.2,80,0,0,False,False,True
2026-09-25 08:43:18,30.2,80,0,0,False,False,True
2026-09-25 08:43:20,30.2,80,0,0,False,False,True
2026-09-25 08:43:22,30.2,79,0,0,False,False,True
2026-09-25 08:43:24,30.2,80,0,0,False,False,True
2026-09-25 08:43:26,30.2,79,0,0,False,False,True
2026-09-25 08:43:28,30.2,79,0,0,False,False,True
2026-09-25 08:43:30,30.2,79,0,0,False,False,True
2026-09-25 08:43:32,30.2,79,0,0,False,False,True
2026-09-25 08:43:34,30.2,79,0,0,False,False,True
2026-09-25 08:43:36,30.2,79,0,0,False,False,True
2026-09-25 08:43:38,30.2,79,0,0,False,False,True
2026-09-25 08:43:40,30.2,79,0,0,False,False,True
2026-09-25 08:43:42,30.2,79,0,0,False,False,True
2026-09-25 08:43:44,30.2,79,0,0,False,False,True
2026-09-25 08:43:46,30.2,79,0,0,False,False,True
2026-09-25 08:43:48,30.2,79,0,0,False,False,True
2026-09-25 08:43:50,30.2,79,0,0,False,False,True
2026-09-25 08:43:52,30.2,79,0,0,False,False,True
2026-09-25 08:43:54,30.2,79,0,0,False,False,True
2026-09-25 08:43:56,30.2,79,0,0,False,False,True
2026-09-25 08:43:58,30.2,79,0,0,False,False,True
2026-09-25 08:44:00,30.2,79,0,0,False,False,True
2026-09-25 08:44:02,30.2,79,0,0,False,False,True
2026-09-25 08:44:04,30.2,80,0,0,False,False,True
2026-09-25 08:44:06,30.2,80,0,0,False,False,True
2026-09-25 08:44:08,30.2,80,0,0,False,False,True
2026-09-25 08:44:10,30.2,80,0,0,False,False,True
2026-09-25 08:44:12,30.2,79,0,0,False,False,True
2026-09-25 08:44:14,30.2,79,0,0,False,False,True
2026-09-25 08:44:16,30.2,79,0,0,False,False,True
2026-09-25 08:44:18,30.2,79,0,0,False,False,True
2026-09-25 08:44:20,30.2,79,0,0,False,False,True
2026-09-25 08:44:22,30.2,79,0,0,False,False,True
2026-09-25 08:44:24,30.2,79,0,0,False,False,True
2026-09-25 08:44:26,30.2,79,0,0,False,False,True
2026-09-25 08:44:28,30.2,79,0,0,False,False,True
2026-09-25 08:44:30,30.2,79,0,0,False,False,True
2026-09-25 08:44:32,30.2,79,0,0,False,False,True
2026-09-25 08:44:34,30.2,79,0,0,False,False,True
2026-09-25 08:44:36,30.2,79,0,0,False,False,True
2026-09-25 08:44:38,30.2,79,0,0,False,False,True
2026-09-25 08:44:40,30.2,79,0,0,False,False,True
2026-09-25 08:44:42,30.2,79,0,0,False,False,True
2026-09-25 08:44:44,30.2,79,0,0,False,False,True
2026-09-25 08:44:46,30.2,79,0,0,False,False,True
2026-09-25 08:44:48,30.2,79,0,0,False,False,True
2026-09-25 08:44:50,30.2,79,0,0,False,False,True
2026-09-25 08:44:52,30.2,79,0,0,False,False,True
2026-09-25 08:44:54,30.2,79,0,0,False,False,True
2026-09-25 08:44:56,30.2,79,0,0,False,False,True
2026-09-25 08:44:58,30.2,79,0,0,False,False,True
2026-09-25 08:45:00,30.2,79,0,0,False,False,True
2026-09-25 08:45:02,30.2,79,0,0,False,False,True
2026-09-25 08:45:04,30.2,79,0,0,False,False,True
2026-09-25 08:45:06,30.2,79,0,0,False,False,True
2026-09-25 08:45:08,30.2,79,0,0,False,False,True
2026-09-25 08:45:10,30.2,79,0,0,False,False,True
2026-09-25 08:45:13,30.2,79,0,0,False,False,True
2026-09-25 08:45:15,30.2,79,0,0,False,False,True
2026-09-25 08:45:17,30.2,79,0,0,False,False,True
2026-09-25 08:45:19,30.2,79,0,0,False,False,True
2026-09-25 08:45:21,30.2,79,0,0,False,False,True
2026-09-25 08:45:23,30.2,79,0,0,False,False,True
2026-09-25 08:45:25,30.2,79,0,0,False,False,True
2026-09-25 08:45:27,30.2,79,0,0,False,False,True
2026-09-25 08:45:29,30.2,79,0,0,False,False,True
2026-09-25 08:45:31,30.2,79,0,0,False,False,True
2026-09-25 08:45:33,30.2,79,0,0,False,False,True
2026-09-25 08:45:35,30.2,79,0,0,False,False,True
2026-09-25 08:45:37,30.2,79,0,0,False,False,True
2026-09-25 08:45:39,30.2,80,0,0,False,False,True
2026-09-25 08:45:41,30.2,79,0,0,False,False,True
2026-09-25 08:45:43,30.2,79,0,0,False,False,True
2026-09-25 08:45:45,30.2,79,0,0,False,False,True
2026-09-25 08:45:47,30.2,79,0,0,False,False,True
2026-09-25 08:45:49,30.2,79,0,0,False,False,True
2026-09-25 08:45:51,30.2,79,0,0,False,False,True
2026-09-25 08:45:53,30.2,79,0,0,False,False,True
2026-09-25 08:45:55,30.2,80,0,0,False,False,True
2026-09-25 08:45:57,30.2,79,0,0,False,False,True
2026-09-25 08:45:59,30.2,79,0,0,False,False,True
2026-09-25 08:46:01,30.2,79,0,0,False,False,True
2026-09-25 08:46:03,30.2,79,0,0,False,False,True
2026-09-25 08:46:05,30.2,79,0,0,False,False,True
2026-09-25 08:46:07,30.2,79,0,0,False,False,True
2026-09-25 08:46:09,30.2,79,0,0,False,False,True
2026-09-25 08:46:11,30.2,79,0,0,False,False,True
2026-09-25 08:46:13,30.2,79,0,0,False,False,True
2026-09-25 08:46:15,30.2,79,0,0,False,False,True
2026-09-25 08:46:17,30.2,79,0,0,False,False,True
2026-09-25 08:46:19,30.2,79,0,0,False,False,True
2026-09-25 08:46:21,30.2,79,0,0,False,False,True
2026-09-25 08:46:23,30.2,79,0,0,False,False,True
2026-09-25 08:46:25,30.2,79,0,0,False,False,True
2026-09-25 08:46:27,30.2,79,0,0,False,False,True
2026-09-25 08:46:29,30.2,79,0,0,False,False,True
2026-09-25 08:46:31,30.2,79,0,0,False,False,True
2026-09-25 08:46:33,30.2,79,0,0,False,False,True
2026-09-25 08:46:35,30.2,79,0,0,False,False,True
2026-09-25 08:46:37,30.2,80,0,0,False,False,True
2026-09-25 08:46:39,30.2,79,0,0,False,False,True
2026-09-25 08:46:41,30.2,79,0,0,False,False,True
2026-09-25 08:46:43,30.2,79,0,0,False,False,True
2026-09-25 08:46:45,30.2,79,0,0,False,False,True
2026-09-25 08:46:47,30.2,79,0,0,False,False,True
2026-09-25 08:46:49,30.2,79,0,0,False,False,True
2026-09-25 08:46:51,30.2,79,0,0,False,False,True
2026-09-25 08:46:53,30.2,79,0,0,False,False,True
2026-09-25 08:46:55,30.2,80,0,0,False,False,True
2026-09-25 08:46:57,30.2,80,0,0,False,False,True
2026-09-25 08:46:59,30.2,80,0,0,False,False,True
2026-09-25 08:47:01,30.2,79,0,0,False,False,True
2026-09-25 08:47:03,30.2,79,0,0,False,False,True
2026-09-25 08:47:05,30.2,79,0,0,False,False,True
2026-09-25 08:47:07,30.2,80,0,0,False,False,True
2026-09-25 08:47:09,30.2,80,0,0,False,False,True
2026-09-25 08:47:11,30.2,79,0,0,False,False,True
2026-09-25 08:47:16,ERR,ERR,ERR,ERR,False,False,False
2026-09-25 08:47:18,ERR,ERR,ERR,ERR,False,False,False
2026-09-25 08:47:20,30.2,79,0,0,False,False,True
2026-09-25 08:47:22,30.2,79,0,0,False,False,True
2026-09-25 08:47:24,30.2,79,0,0,False,False,True
2026-09-25 08:47:26,30.2,79,0,0,False,False,True
2026-09-25 08:47:28,30.2,79,0,0,False,False,True
2026-09-25 08:47:30,30.2,79,0,0,False,False,True
2026-09-25 08:47:32,30.2,79,0,0,False,False,True
2026-09-25 08:47:34,30.2,79,0,0,False,False,True
2026-09-25 08:47:36,30.2,79,0,0,False,False,True
2026-09-25 08:47:38,30.2,79,0,0,False,False,True
2026-09-25 08:47:40,30.2,79,0,0,False,False,True
2026-09-25 08:47:42,30.2,79,0,0,False,False,True
2026-09-25 08:47:44,30.2,79,0,0,False,False,True
2026-09-25 08:47:46,30.2,79,0,0,False,False,True
2026-09-25 08:47:48,30.2,79,0,0,False,False,True
2026-09-25 08:47:50,30.2,79,0,0,False,False,True
2026-09-25 08:47:52,30.2,79,0,0,False,False,True
2026-09-25 08:47:54,30.2,79,0,0,False,False,True
2026-09-25 08:47:56,30.2,79,0,0,False,False,True
2026-09-25 08:47:58,30.2,79,0,0,False,False,True
2026-09-25 08:48:00,30.2,79,0,0,False,False,True
2026-09-25 08:48:02,30.2,79,0,0,False,False,True
2026-09-25 08:48:04,30.2,79,0,0,False,False,True
2026-09-25 08:48:06,30.2,79,0,0,False,False,True
2026-09-25 08:48:08,30.2,79,0,0,False,False,True
2026-09-25 08:48:10,30.2,79,0,0,False,False,True
2026-09-25 08:48:12,30.2,79,0,0,False,False,True
2026-09-25 08:48:14,30.2,79,0,0,False,False,True
2026-09-25 08:48:16,30.2,79,0,0,False,False,True
2026-09-25 08:48:18,30.2,79,0,0,False,False,True
2026-09-25 08:48:20,30.2,79,0,0,False,False,True
2026-09-25 08:48:22,30.2,79,0,0,False,False,True
2026-09-25 08:48:24,30.2,79,0,0,False,False,True
2026-09-25 08:48:26,30.2,79,0,0,False,False,True
2026-09-25 08:48:28,30.2,79,0,0,False,False,True
2026-09-25 08:48:30,30.2,79,0,0,False,False,True
2026-09-25 08:48:32,30.2,79,0,0,False,False,True
2026-09-25 08:48:34,30.2,79,0,0,False,False,True
2026-09-25 08:48:36,30.2,79,0,0,False,False,True
2026-09-25 08:48:38,30.2,79,0,0,False,False,True
2026-09-25 08:48:40,30.2,79,0,0,False,False,True
2026-09-25 08:48:42,30.6,79,0,0,False,False,True
2026-09-25 08:48:44,30.6,79,0,0,False,False,True
2026-09-25 08:48:46,30.8,79,0,0,False,False,True
2026-09-25 08:48:48,30.8,79,0,0,False,False,True
2026-09-25 08:48:50,30.8,79,0,0,False,False,True
2026-09-25 08:48:52,30.8,79,0,0,False,False,True
2026-09-25 08:48:54,30.8,79,0,0,False,False,True
2026-09-25 08:48:56,30.8,79,0,0,False,False,True
2026-09-25 08:48:58,30.8,79,0,0,False,False,True
2026-09-25 08:49:00,30.8,79,0,0,False,False,True
2026-09-25 08:49:02,30.8,79,0,0,False,False,True
2026-09-25 08:49:04,30.8,79,0,0,False,False,True
2026-09-25 08:49:06,30.8,79,0,0,False,False,True
2026-09-25 08:49:08,30.8,79,0,0,False,False,True
2026-09-25 08:49:10,30.8,79,0,0,False,False,True
2026-09-25 08:49:12,30.8,79,0,0,False,False,True
2026-09-25 08:49:14,30.8,79,0,0,False,False,True
2026-09-25 08:49:16,30.8,79,0,0,False,False,True
2026-09-25 08:49:18,30.8,79,0,0,False,False,True
2026-09-25 08:49:20,30.8,79,0,0,False,False,True
2026-09-25 08:49:22,30.8,79,0,0,False,False,True
2026-09-25 08:49:24,30.8,79,0,0,False,False,True
2026-09-25 08:49:26,30.8,79,0,0,False,False,True
2026-09-25 08:49:28,30.8,78,0,0,False,False,True
2026-09-25 08:49:30,30.8,79,0,0,False,False,True
2026-09-25 08:49:32,30.8,79,0,0,False,False,True
2026-09-25 08:49:34,30.8,79,0,0,False,False,True
2026-09-25 08:49:36,30.8,79,0,0,False,False,True
2026-09-25 08:49:38,30.8,79,0,0,False,False,True
2026-09-25 08:49:40,30.8,79,0,0,False,False,True
2026-09-25 08:49:42,30.8,79,0,0,False,False,True
2026-09-25 08:49:44,30.8,79,0,0,False,False,True
2026-09-25 08:49:46,30.8,79,0,0,False,False,True
2026-09-25 08:49:48,30.8,79,0,0,False,False,True
2026-09-25 08:49:50,30.8,79,0,0,False,False,True
2026-09-25 08:49:52,30.8,79,0,0,False,False,True
2026-09-25 08:49:54,30.8,79,0,0,False,False,True
2026-09-25 08:49:56,30.8,79,0,0,False,False,True
2026-09-25 08:49:58,30.8,79,0,0,False,False,True
2026-09-25 08:50:00,30.8,79,0,0,False,False,True
2026-09-25 08:50:02,30.8,79,0,0,False,False,True
2026-09-25 08:50:04,30.8,79,0,0,False,False,True
2026-09-25 08:50:06,30.8,79,0,0,False,False,True
2026-09-25 08:50:08,30.8,79,0,0,False,False,True
2026-09-25 08:50:10,30.8,79,0,0,False,False,True
2026-09-25 08:50:12,30.8,79,0,0,False,False,True
2026-09-25 08:50:14,30.8,79,0,0,False,False,True
2026-09-25 08:50:16,30.8,79,0,0,False,False,True
2026-09-25 08:50:18,30.8,79,0,0,False,False,True
2026-09-25 08:50:20,30.8,79,0,0,False,False,True
2026-09-25 08:50:22,30.8,79,0,0,False,False,True
2026-09-25 08:50:24,30.8,79,0,0,False,False,True
2026-09-25 08:50:26,30.8,79,0,0,False,False,True
2026-09-25 08:50:28,30.8,79,0,0,False,False,True
2026-09-25 08:50:30,30.8,79,0,0,False,False,True
2026-09-25 08:50:32,30.8,79,0,0,False,False,True
2026-09-25 08:50:34,30.8,79,0,0,False,False,True
2026-09-25 08:50:36,30.8,79,0,0,False,False,True
2026-09-25 08:50:38,30.8,79,0,0,False,False,True
2026-09-25 08:50:40,30.8,79,0,0,False,False,True
2026-09-25 08:50:42,30.8,79,0,0,False,False,True
2026-09-25 08:50:44,30.8,79,0,0,False,False,True
2026-09-25 08:50:46,30.8,79,0,0,False,False,True
2026-09-25 08:50:48,30.8,79,0,0,False,False,True
2026-09-25 08:51:02,30.8,79,0,0,False,False,True
2026-09-25 08:51:04,30.8,79,0,0,False,False,True
2026-09-25 08:51:06,30.8,79,0,0,False,False,True
2026-09-25 08:51:08,30.8,79,0,0,False,False,True
2026-09-25 08:51:10,30.8,79,0,0,False,False,True
2026-09-25 08:51:12,30.8,79,0,0,False,False,True
2026-09-25 08:51:14,30.8,79,0,0,False,False,True
2026-09-25 08:51:16,30.8,79,0,0,False,False,True
2026-09-25 08:51:18,30.8,79,0,0,False,False,True
2026-09-25 08:51:20,30.8,79,0,0,False,False,True
2026-09-25 08:51:22,30.8,79,0,0,False,False,True
2026-09-25 08:51:24,30.8,79,0,0,False,False,True
2026-09-25 08:51:26,30.8,79,0,0,False,False,True
2026-09-25 08:51:28,30.8,79,0,0,False,False,True
2026-09-25 08:51:30,30.8,79,0,0,False,False,True
2026-09-25 08:51:32,30.8,79,0,0,False,False,True
2026-09-25 08:51:34,30.8,78,0,0,False,False,True
2026-09-25 08:51:36,30.8,78,0,0,False,False,True
2026-09-25 08:51:38,30.8,78,0,0,False,False,True
2026-09-25 08:51:40,30.8,78,0,0,False,False,True
2026-09-25 08:51:42,30.8,78,0,0,False,False,True
2026-09-25 08:51:44,30.8,78,0,0,False,False,True
2026-09-25 08:51:46,30.8,78,0,0,False,False,True
2026-09-25 08:51:48,30.8,78,0,0,False,False,True
2026-09-25 08:51:50,30.8,78,0,0,False,False,True
2026-09-25 08:51:52,30.8,78,0,0,False,False,True
2026-09-25 08:51:54,30.8,78,0,0,False,False,True
2026-09-25 08:51:56,30.8,78,0,0,False,False,True
2026-09-25 08:51:58,30.8,78,0,0,False,False,True
2026-09-25 08:52:00,30.8,78,0,0,False,False,True
2026-09-25 08:52:02,30.8,78,0,0,False,False,True
2026-09-25 08:52:04,30.8,78,0,0,False,False,True
2026-09-25 08:52:06,30.8,78,0,0,False,False,True
2026-09-25 08:52:08,30.8,78,0,0,False,False,True
2026-09-25 08:52:10,30.8,78,0,0,False,False,True
2026-09-25 08:52:12,30.8,78,0,0,False,False,True
2026-09-25 08:52:14,30.8,78,0,0,False,False,True
2026-09-25 08:52:16,30.8,77,0,0,False,False,True
2026-09-25 08:52:18,30.8,77,0,0,False,False,True
2026-09-25 08:52:20,30.8,77,0,0,False,False,True
2026-09-25 08:52:22,30.8,77,0,0,False,False,True
2026-09-25 08:52:24,30.8,77,0,0,False,False,True
2026-09-25 08:52:26,30.8,77,0,0,False,False,True
2026-09-25 08:52:28,30.8,77,0,0,False,False,True
2026-09-25 08:52:30,30.8,77,0,0,False,False,True
2026-09-25 08:52:32,30.8,77,0,0,False,False,True
2026-09-25 08:52:34,30.8,77,0,0,False,False,True
2026-09-25 08:52:36,30.8,77,0,0,False,False,True
2026-09-25 08:52:38,30.8,77,0,0,False,False,True
2026-09-25 08:52:40,30.8,77,0,0,False,False,True
2026-09-25 08:52:42,30.8,76,0,0,False,False,True
2026-09-25 08:52:44,30.8,76,0,0,False,False,True
2026-09-25 08:52:46,30.8,76,0,0,False,False,True
2026-09-25 08:52:48,30.8,76,0,0,False,False,True
2026-09-25 08:52:50,30.8,76,0,0,False,False,True
2026-09-25 08:52:52,30.8,76,0,0,False,False,True
2026-09-25 08:52:54,30.8,77,0,0,False,False,True
2026-09-25 08:52:56,30.8,77,0,0,False,False,True
2026-09-25 08:52:58,30.8,77,0,0,False,False,True
2026-09-25 08:53:00,30.8,77,0,0,False,False,True
2026-09-25 08:53:02,30.8,77,0,0,False,False,True
2026-09-25 08:53:04,30.8,77,0,0,False,False,True
2026-09-25 08:53:06,30.8,77,0,0,False,False,True
2026-09-25 08:53:08,30.8,77,0,0,False,False,True
2026-09-25 08:53:10,30.8,77,0,0,False,False,True
2026-09-25 08:53:12,30.8,77,0,0,False,False,True
2026-09-25 08:53:14,30.8,77,0,0,False,False,True
2026-09-25 08:53:16,30.8,77,0,0,False,False,True
2026-09-25 08:53:18,30.8,77,0,0,False,False,True
2026-09-25 08:53:20,30.8,77,0,0,False,False,True
2026-09-25 08:53:22,30.8,77,0,0,False,False,True
2026-09-25 08:53:24,30.8,77,0,0,False,False,True
2026-09-25 08:53:26,30.8,77,0,0,False,False,True
2026-09-25 08:53:28,30.8,77,0,0,False,False,True
2026-09-25 08:53:30,30.8,77,0,0,False,False,True
2026-09-25 08:53:32,30.8,77,0,0,False,False,True
2026-09-25 08:53:34,30.8,77,0,0,False,False,True
2026-09-25 08:53:36,30.8,77,0,0,False,False,True
2026-09-25 08:53:38,30.8,77,0,0,False,False,True
2026-09-25 08:53:40,30.8,77,0,0,False,False,True
2026-09-25 08:53:42,30.8,77,0,0,False,False,True
2026-09-25 08:53:44,30.8,77,0,0,False,False,True
2026-09-25 08:53:46,30.8,77,0,0,False,False,True
2026-09-25 08:53:48,30.8,77,0,0,False,False,True
2026-09-25 08:53:50,30.8,78,0,0,False,False,True
2026-09-25 08:53:52,30.8,78,0,0,False,False,True
2026-09-25 08:53:54,30.8,77,0,0,False,False,True
2026-09-25 08:53:56,30.8,77,0,0,False,False,True
2026-09-25 08:53:58,30.8,78,0,0,False,False,True
2026-09-25 08:54:00,30.9,77,0,0,False,False,True
2026-09-25 08:54:02,31.1,77,0,0,False,False,True
2026-09-25 08:54:04,31,77,0,0,False,False,True
2026-09-25 08:54:06,31,77,0,0,False,False,True
2026-09-25 08:54:08,30.9,77,0,0,False,False,True
2026-09-25 08:54:10,31,77,0,0,False,False,True
2026-09-25 08:54:12,31.2,77,0,0,False,False,True
2026-09-25 08:54:14,31.3,77,0,0,False,False,True
2026-09-25 08:54:16,31.3,77,0,0,False,False,True
2026-09-25 08:54:18,31.3,77,0,0,False,False,True
2026-09-25 08:54:20,31.2,77,0,0,False,False,True
2026-09-25 08:54:22,31.3,77,0,0,False,False,True
2026-09-25 08:54:24,31.3,77,0,0,False,False,True
2026-09-25 08:54:26,31.3,77,0,0,False,False,True
2026-09-25 08:54:28,31.3,77,0,0,False,False,True
2026-09-25 08:54:30,31.3,77,0,0,False,False,True
2026-09-25 08:54:32,31.3,77,0,0,False,False,True
2026-09-25 08:54:34,31.3,77,0,0,False,False,True
2026-09-25 08:54:36,31.3,77,0,0,False,False,True
2026-09-25 08:54:38,31.3,77,0,0,False,False,True
2026-09-25 08:54:40,31.3,77,0,0,False,False,True
2026-09-25 08:54:42,31.3,77,0,0,False,False,True
2026-09-25 08:54:44,31.3,77,0,0,False,False,True
2026-09-25 08:54:46,31.3,77,0,0,False,False,True
2026-09-25 08:54:48,31.3,77,0,0,False,False,True
2026-09-25 08:54:50,31.3,77,0,0,False,False,True
2026-09-25 08:54:52,31.3,76,0,0,False,False,True
2026-09-25 08:54:54,31.3,76,0,0,False,False,True
2026-09-25 08:54:56,31.3,77,0,0,False,False,True
2026-09-25 08:54:58,31.3,76,0,0,False,False,True
2026-09-25 08:55:00,31.3,76,0,0,False,False,True
2026-09-25 08:55:02,31.3,76,0,0,False,False,True
2026-09-25 08:55:04,31.3,76,0,0,False,False,True
2026-09-25 08:55:06,31.3,76,0,0,False,False,True
2026-09-25 08:55:08,31.3,76,0,0,False,False,True
2026-09-25 08:55:10,31.3,76,0,0,False,False,True
2026-09-25 08:55:12,31.3,76,0,0,False,False,True
2026-09-25 08:55:14,31.3,76,0,0,False,False,True
2026-09-25 08:55:16,31.3,76,0,0,False,False,True
2026-09-25 08:55:18,31.3,76,0,0,False,False,True
2026-09-25 08:55:20,31.3,76,0,0,False,False,True
2026-09-25 08:55:22,31.3,76,0,0,False,False,True
2026-09-25 08:55:24,31.3,76,0,0,False,False,True
2026-09-25 08:55:26,31.3,77,0,0,False,False,True
2026-09-25 08:55:28,31.3,76,0,0,False,False,True
2026-09-25 08:55:30,31.3,76,0,0,False,False,True
2026-09-25 08:55:32,31.3,76,0,0,False,False,True
2026-09-25 08:55:34,31.3,77,0,0,False,False,True
2026-09-25 08:55:36,31.3,76,0,0,False,False,True
2026-09-25 08:55:38,31.3,76,0,0,False,False,True
2026-09-25 08:55:40,31.3,77,0,0,False,False,True
2026-09-25 08:55:42,31.3,77,0,0,False,False,True
2026-09-25 08:55:44,31.3,76,0,0,False,False,True
2026-09-25 08:55:46,31.3,76,0,0,False,False,True
2026-09-25 08:55:48,31.3,77,0,0,False,False,True
2026-09-25 08:55:50,31.3,76,0,0,False,False,True
2026-09-25 08:55:52,31.3,76,0,0,False,False,True
2026-09-25 08:55:54,31.3,76,0,0,False,False,True
2026-09-25 08:55:56,31.3,77,0,0,False,False,True
2026-09-25 08:55:58,31.3,76,0,0,False,False,True
2026-09-25 08:56:00,31.3,76,0,0,False,False,True
2026-09-25 08:56:02,31.3,76,0,0,False,False,True
2026-09-25 08:56:04,31.3,76,0,0,False,False,True
2026-09-25 08:56:06,31.3,77,0,0,False,False,True
2026-09-25 08:56:08,31.3,76,0,0,False,False,True
2026-09-25 08:56:10,31.3,76,0,0,False,False,True
2026-09-25 08:56:12,31.3,76,0,0,False,False,True
2026-09-25 08:56:14,31.3,76,0,0,False,False,True
2026-09-25 08:56:16,31.3,76,0,0,False,False,True
2026-09-25 08:56:18,31.3,76,0,0,False,False,True
2026-09-25 08:56:20,31.3,76,0,0,False,False,True
2026-09-25 08:56:22,31.3,76,0,0,False,False,True
2026-09-25 08:56:24,31.3,76,0,0,False,False,True
2026-09-25 08:56:26,31.3,76,0,0,False,False,True
2026-09-25 08:56:28,31.3,76,0,0,False,False,True
2026-09-25 08:56:30,31.3,76,0,0,False,False,True
2026-09-25 08:56:32,31.3,76,0,0,False,False,True
2026-09-25 08:56:34,31.3,76,0,0,False,False,True
2026-09-25 08:56:36,31.3,76,0,0,False,False,True
2026-09-25 08:56:38,31.3,76,0,0,False,False,True
2026-09-25 08:56:40,31.3,76,0,0,False,False,True
2026-09-25 08:56:42,31.3,76,0,0,False,False,True
2026-09-25 08:56:44,31.3,76,0,0,False,False,True
2026-09-25 08:56:46,31.3,76,0,0,False,False,True
2026-09-25 08:56:48,31.3,76,0,0,False,False,True
2026-09-25 08:56:50,31.3,76,0,0,False,False,True
2026-09-25 08:56:52,31.3,76,0,0,False,False,True
2026-09-25 08:56:54,31.3,76,0,0,False,False,True
2026-09-25 08:56:56,31.3,76,0,0,False,False,True
2026-09-25 08:56:58,31.3,76,0,0,False,False,True
2026-09-25 08:57:00,31.3,76,0,0,False,False,True
2026-09-25 08:57:02,31.3,76,0,0,False,False,True
2026-09-25 08:57:04,31.3,76,0,0,False,False,True
2026-09-25 08:57:06,31.3,76,0,0,False,False,True
2026-09-25 08:57:08,31.3,76,0,0,False,False,True
2026-09-25 08:57:10,31.3,76,0,0,False,False,True
2026-09-25 08:57:12,31.3,76,0,0,False,False,True
2026-09-25 08:57:14,31.3,76,0,0,False,False,True
2026-09-25 08:57:16,31.3,76,0,0,False,False,True
2026-09-25 08:57:18,31.3,76,0,0,False,False,True
2026-09-25 08:57:20,31.3,76,0,0,False,False,True
2026-09-25 08:57:22,31.3,76,0,0,False,False,True
2026-09-25 08:57:24,31.3,76,0,0,False,False,True
2026-09-25 08:57:26,31.3,75,0,0,False,False,True
2026-09-25 08:57:28,31.3,75,0,0,False,False,True
2026-09-25 08:57:30,31.3,75,0,0,False,False,True
2026-09-25 08:57:32,31.3,75,0,0,False,False,True
2026-09-25 08:57:34,31.3,75,0,0,False,False,True
2026-09-25 08:57:36,31.3,76,0,0,False,False,True
2026-09-25 08:57:38,31.3,75,0,0,False,False,True
2026-09-25 08:57:40,31.3,75,0,0,False,False,True
2026-09-25 08:57:42,31.3,75,0,0,False,False,True
2026-09-25 08:57:44,31.3,75,0,0,False,False,True
2026-09-25 08:57:46,31.3,75,0,0,False,False,True
2026-09-25 08:57:48,31.3,75,0,0,False,False,True
2026-09-25 08:57:50,31.3,75,0,0,False,False,True
2026-09-25 08:57:52,31.3,75,0,0,False,False,True
2026-09-25 08:57:54,31.3,75,0,0,False,False,True
2026-09-25 08:57:56,31.3,75,0,0,False,False,True
2026-09-25 08:57:58,31.3,75,0,0,False,False,True
2026-09-25 08:58:00,31.3,75,0,0,False,False,True
2026-09-25 08:58:02,31.3,75,0,0,False,False,True
2026-09-25 08:58:04,31.3,75,0,0,False,False,True
2026-09-25 08:58:06,31.3,75,0,0,False,False,True
2026-09-25 08:58:08,31.3,75,0,0,False,False,True
2026-09-25 08:58:10,31.3,75,0,0,False,False,True
2026-09-25 08:58:12,31.3,75,0,0,False,False,True
2026-09-25 08:58:14,31.3,75,0,0,False,False,True
2026-09-25 08:58:16,31.3,75,0,0,False,False,True
2026-09-25 08:58:18,31.3,75,0,0,False,False,True
2026-09-25 08:58:20,31.3,75,0,0,False,False,True
2026-09-25 08:58:22,31.3,75,0,0,False,False,True
2026-09-25 08:58:24,31.3,75,0,0,False,False,True
2026-09-25 08:58:26,31.3,75,0,0,False,False,True
2026-09-25 08:58:28,31.3,75,0,0,False,False,True
2026-09-25 08:58:30,31.3,75,0,0,False,False,True
2026-09-25 08:58:32,31.3,75,0,0,False,False,True
2026-09-25 08:58:34,31.3,75,0,0,False,False,True
2026-09-25 08:58:36,31.3,75,0,0,False,False,True
2026-09-25 08:58:38,31.3,75,0,0,False,False,True
2026-09-25 08:58:40,31.3,75,0,0,False,False,True
2026-09-25 08:58:42,31.3,75,0,0,False,False,True
2026-09-25 08:58:44,31.3,75,0,0,False,False,True
2026-09-25 08:58:46,31.3,75,0,0,False,False,True
2026-09-25 08:58:48,31.3,75,0,0,False,False,True
2026-09-25 08:58:50,31.3,75,0,0,False,False,True
2026-09-25 08:58:52,31.3,75,0,0,False,False,True
2026-09-25 08:58:54,31.3,75,0,0,False,False,True
2026-09-25 08:58:56,31.3,75,0,0,False,False,True
2026-09-25 08:58:58,31.3,75,0,0,False,False,True
2026-09-25 08:59:00,31.3,75,0,0,False,False,True
2026-09-25 08:59:02,31.3,75,0,0,False,False,True
2026-09-25 08:59:04,31.3,75,0,0,False,False,True
2026-09-25 08:59:06,31.3,75,0,0,False,False,True
2026-09-25 08:59:08,31.3,75,0,0,False,False,True
2026-09-25 08:59:10,31.3,75,0,0,False,False,True
2026-09-25 08:59:12,31.3,75,0,0,False,False,True
2026-09-25 08:59:14,31.3,75,0,0,False,False,True
2026-09-25 08:59:16,31.3,75,0,0,False,False,True
2026-09-25 08:59:18,31.3,75,0,0,False,False,True
2026-09-25 08:59:20,31.3,75,0,0,False,False,True
2026-09-25 08:59:22,31.3,75,0,0,False,False,True
2026-09-25 08:59:24,31.3,75,0,0,False,False,True
2026-09-25 08:59:26,31.3,75,0,0,False,False,True
2026-09-25 08:59:28,31.3,75,0,0,False,False,True
2026-09-25 08:59:30,31.3,75,0,0,False,False,True
2026-09-25 08:59:36,ERR,ERR,ERR,ERR,False,False,False
2026-09-25 08:59:38,31.3,75,0,0,False,False,True
2026-09-25 08:59:40,31.3,75,0,0,False,False,True
2026-09-25 08:59:42,31.3,75,0,0,False,False,True
2026-09-25 08:59:44,31.3,75,0,0,False,False,True
2026-09-25 08:59:46,31.3,75,0,0,False,False,True
2026-09-25 08:59:48,31.3,75,0,0,False,False,True
2026-09-25 08:59:50,31.3,75,0,0,False,False,True
2026-09-25 08:59:52,31.3,75,0,0,False,False,True
2026-09-25 08:59:54,31.3,75,0,0,False,False,True
2026-09-25 08:59:56,31.3,75,0,0,False,False,True
2026-09-25 08:59:58,31.3,75,0,0,False,False,True
2026-09-25 09:00:00,31.3,75,0,0,False,False,True
2026-09-25 09:00:02,31.3,75,0,0,False,False,True
2026-09-25 09:00:04,31.3,75,0,0,False,False,True
2026-09-25 09:00:06,31.3,75,0,0,False,False,True
2026-09-25 09:00:08,31.3,75,0,0,False,False,True
2026-09-25 09:00:10,31.3,75,0,0,False,False,True
2026-09-25 09:00:12,31.3,75,0,0,False,False,True
2026-09-25 09:00:14,31.3,75,0,0,False,False,True
2026-09-25 09:00:16,31.3,75,0,0,False,False,True
2026-09-25 09:00:18,31.3,75,0,0,False,False,True
2026-09-25 09:00:20,31.3,75,0,0,False,False,True
2026-09-25 09:00:22,31.3,75,0,0,False,False,True
2026-09-25 09:00:24,31.3,75,0,0,False,False,True
2026-09-25 09:00:26,31.3,75,0,0,False,False,True
2026-09-25 09:00:28,31.3,75,0,0,False,False,True
2026-09-25 09:00:30,31.3,75,0,0,False,False,True
2026-09-25 09:00:32,31.3,75,0,0,False,False,True
2026-09-25 09:00:34,31.3,75,0,0,False,False,True
2026-09-25 09:00:36,31.3,75,0,0,False,False,True
2026-09-25 09:00:38,31.3,75,0,0,False,False,True
2026-09-25 09:00:40,31.3,75,0,0,False,False,True
2026-09-25 09:00:42,31.3,75,0,0,False,False,True
2026-09-25 09:00:44,31.3,75,0,0,False,False,True
2026-09-25 09:00:46,31.3,75,0,0,False,False,True
2026-09-25 09:00:48,31.3,75,0,0,False,False,True
2026-09-25 09:00:50,31.3,75,0,0,False,False,True
2026-09-25 09:00:52,31.3,75,0,0,False,False,True
2026-09-25 09:00:54,31.3,75,0,0,False,False,True
2026-09-25 09:00:56,31.3,75,0,0,False,False,True
2026-09-25 09:00:58,31.3,75,0,0,False,False,True
2026-09-25 09:01:00,31.3,75,0,0,False,False,True
2026-09-25 09:01:02,31.3,75,0,0,False,False,True
2026-09-25 09:01:04,31.3,75,0,0,False,False,True
2026-09-25 09:01:06,31.3,75,0,0,False,False,True
2026-09-25 09:01:08,31.3,75,0,0,False,False,True
2026-09-25 09:01:10,31.3,75,0,0,False,False,True
2026-09-25 09:01:12,31.3,75,0,0,False,False,True
2026-09-25 09:01:14,31.3,75,0,0,False,False,True
2026-09-25 09:01:16,31.3,75,0,0,False,False,True
2026-09-25 09:01:18,31.3,75,0,0,False,False,True
2026-09-25 09:01:21,31.3,75,0,0,False,False,True
2026-09-25 09:01:23,31.3,75,0,0,False,False,True
2026-09-25 09:01:25,31.3,75,0,0,False,False,True
2026-09-25 09:01:27,31.3,75,0,0,False,False,True
2026-09-25 09:01:29,31.3,75,0,0,False,False,True
2026-09-25 09:01:31,31.3,75,0,0,False,False,True
2026-09-25 09:01:33,31.3,75,0,0,False,False,True
2026-09-25 09:01:35,31.3,75,0,0,False,False,True
2026-09-25 09:01:37,31.3,75,0,0,False,False,True
2026-09-25 09:01:39,31.3,75,0,0,False,False,True
2026-09-25 09:01:41,31.3,75,0,0,False,False,True
2026-09-25 09:01:43,31.3,75,0,0,False,False,True
2026-09-25 09:01:45,31.3,75,0,0,False,False,True
2026-09-25 09:01:47,31.3,75,0,0,False,False,True
2026-09-25 09:01:49,31.3,75,0,0,False,False,True
2026-09-25 09:01:51,31.3,75,0,0,False,False,True
2026-09-25 09:01:53,31.3,75,0,0,False,False,True
2026-09-25 09:01:55,31.3,75,0,0,False,False,True
2026-09-25 09:01:57,31.3,75,0,0,False,False,True
2026-09-25 09:01:59,31.3,75,0,0,False,False,True
2026-09-25 09:02:01,31.3,75,0,0,False,False,True
2026-09-25 09:02:03,31.3,75,0,0,False,False,True
2026-09-25 09:02:05,31.3,75,0,0,False,False,True
2026-09-25 09:02:07,31.3,75,0,0,False,False,True
2026-09-25 09:02:09,31.3,75,0,0,False,False,True
2026-09-25 09:02:11,31.3,75,0,0,False,False,True
2026-09-25 09:02:13,31.3,75,0,0,False,False,True
2026-09-25 09:02:15,31.3,75,0,0,False,False,True
2026-09-25 09:02:17,31.3,75,0,0,False,False,True
2026-09-25 09:02:19,31.3,75,0,0,False,False,True
2026-09-25 09:02:21,31.3,75,0,0,False,False,True
2026-09-25 09:02:23,31.3,75,0,0,False,False,True
2026-09-25 09:02:25,31.3,75,0,0,False,False,True
2026-09-25 09:02:27,31.3,75,0,0,False,False,True
2026-09-25 09:02:29,31.3,75,0,0,False,False,True
2026-09-25 09:02:31,31.3,75,0,0,False,False,True
2026-09-25 09:02:33,31.3,75,0,0,False,False,True
2026-09-25 09:02:35,31.3,75,0,0,False,False,True
2026-09-25 09:02:37,31.3,75,0,0,False,False,True
2026-09-25 09:02:39,31.3,75,0,0,False,False,True
2026-09-25 09:02:41,31.3,75,0,0,False,False,True
2026-09-25 09:02:43,31.3,75,0,0,False,False,True
2026-09-25 09:02:45,31.3,75,0,0,False,False,True
2026-09-25 09:02:47,31.3,75,0,0,False,False,True
2026-09-25 09:02:49,31.3,75,0,0,False,False,True
2026-09-25 09:02:51,31.3,75,0,0,False,False,True
2026-09-25 09:02:53,31.3,75,0,0,False,False,True
2026-09-25 09:02:55,31.3,75,0,0,False,False,True
2026-09-25 09:02:57,31.3,75,0,0,False,False,True
2026-09-25 09:02:59,31.3,75,0,0,False,False,True
2026-09-25 09:03:01,31.3,75,0,0,False,False,True
2026-09-25 09:03:03,31.3,75,0,0,False,False,True
2026-09-25 09:03:05,31.3,75,0,0,False,False,True
2026-09-25 09:03:07,31.3,75,0,0,False,False,True
2026-09-25 09:03:09,31.3,75,0,0,False,False,True
2026-09-25 09:03:11,31.3,75,0,0,False,False,True
2026-09-25 09:03:13,31.3,75,0,0,False,False,True
2026-09-25 09:03:15,31.3,75,0,0,False,False,True
2026-09-25 09:03:17,31.3,75,0,0,False,False,True
2026-09-25 09:03:19,31.3,75,0,0,False,False,True
2026-09-25 09:03:21,31.3,75,0,0,False,False,True
2026-09-25 09:03:23,31.3,75,0,0,False,False,True
2026-09-25 09:03:25,31.3,75,0,0,False,False,True
2026-09-25 09:03:27,31.3,75,0,0,False,False,True
2026-09-25 09:03:29,31.3,75,0,0,False,False,True
2026-09-25 09:03:31,31.3,75,0,0,False,False,True
2026-09-25 09:03:33,31.3,75,0,0,False,False,True
2026-09-25 09:03:35,31.3,75,0,0,False,False,True
2026-09-25 09:03:37,31.3,75,0,0,False,False,True
2026-09-25 09:03:39,31.3,75,0,0,False,False,True
2026-09-25 09:03:41,31.3,75,0,0,False,False,True
2026-09-25 09:03:43,31.3,75,0,0,False,False,True
2026-09-25 09:03:45,31.3,75,0,0,False,False,True
2026-09-25 09:03:47,31.3,75,0,0,False,False,True
2026-09-25 09:03:49,31.3,75,0,0,False,False,True
2026-09-25 09:03:51,31.3,75,0,0,False,False,True
2026-09-25 09:03:53,31.3,75,0,0,False,False,True
2026-09-25 09:03:55,31.3,75,0,0,False,False,True
2026-09-25 09:03:57,31.3,75,0,0,False,False,True
2026-09-25 09:03:59,31.3,75,0,0,False,False,True
2026-09-25 09:04:01,31.3,75,0,0,False,False,True
2026-09-25 09:04:03,31.3,75,0,0,False,False,True
2026-09-25 09:04:05,31.3,75,0,0,False,False,True
2026-09-25 09:04:07,31.3,75,0,0,False,False,True
2026-09-25 09:04:09,31.3,75,0,0,False,False,True
2026-09-25 09:04:11,31.3,75,0,0,False,False,True
2026-09-25 09:04:13,31.3,75,0,0,False,False,True
2026-09-25 09:04:15,31.3,75,0,0,False,False,True
2026-09-25 09:16:43,ERR,ERR,ERR,ERR,False,False,False
2026-09-25 09:16:45,32.3,73,0,0,False,False,True
2026-09-25 09:16:47,32.3,72,0,0,False,False,True
2026-09-25 09:16:49,32.3,72,0,0,False,False,True
2026-09-25 09:16:51,32.3,72,0,0,False,False,True
2026-09-25 09:16:53,32.3,73,0,0,False,False,True
2026-09-25 09:16:55,32.3,72,0,0,False,False,True
2026-09-25 09:16:57,32.3,72,0,0,False,False,True
2026-09-25 09:16:59,32.3,72,0,0,False,False,True
2026-09-25 09:17:01,32.3,72,0,0,False,False,True
2026-09-25 09:17:03,32.3,73,0,0,False,False,True
2026-09-25 09:17:05,32.3,73,0,0,False,False,True
2026-09-25 09:17:07,32.3,73,0,0,False,False,True
2026-09-25 09:17:09,32.3,72,0,0,False,False,True
2026-09-25 09:17:11,32.3,72,0,0,False,False,True
2026-09-25 09:17:13,32.3,72,0,0,False,False,True
2026-09-25 09:17:15,32.3,72,0,0,False,False,True
2026-09-25 09:17:17,32.3,73,0,0,False,False,True
2026-09-25 09:17:19,32.3,72,0,0,False,False,True
2026-09-25 09:17:21,32.3,73,0,0,False,False,True
2026-09-25 09:17:23,32.3,73,0,0,False,False,True
2026-09-25 09:17:25,32.3,73,0,0,False,False,True
2026-09-25 09:17:27,32.3,73,0,0,False,False,True
2026-09-25 09:17:29,32.3,74,0,0,False,False,True
2026-09-25 09:17:31,32.3,73,0,0,False,False,True
2026-09-25 09:17:33,32.3,73,0,0,False,False,True
2026-09-25 09:17:35,32.3,73,0,0,False,False,True
2026-09-25 09:17:37,32.3,73,0,0,False,False,True
2026-09-25 09:17:39,32.3,73,0,0,False,False,True
2026-09-25 09:17:41,32.3,73,0,0,False,False,True
2026-09-25 09:17:43,32.3,73,0,0,False,False,True
2026-09-25 09:17:45,32.3,73,0,0,False,False,True
2026-09-25 09:17:47,32.3,73,0,0,False,False,True
2026-09-25 09:17:49,32.3,73,0,0,False,False,True
2026-09-25 09:17:51,32.3,73,0,0,False,False,True
2026-09-25 09:17:53,32.3,74,0,0,False,False,True
2026-09-25 09:17:55,32.3,73,0,0,False,False,True
2026-09-25 09:17:57,32.3,73,0,0,False,False,True
2026-09-25 09:17:59,32.3,72,0,0,False,False,True
2026-09-25 09:18:01,32.3,72,0,0,False,False,True
2026-09-25 09:18:03,32.3,73,0,0,False,False,True
2026-09-25 09:18:05,32.3,73,0,0,False,False,True
2026-09-25 09:18:07,32.3,73,0,0,False,False,True
2026-09-25 09:18:09,32.3,73,0,0,False,False,True
2026-09-25 09:18:11,32.3,73,0,0,False,False,True
2026-09-25 09:18:13,32.2,72,0,0,False,False,True
2026-09-25 09:18:15,32.2,72,0,0,False,False,True
2026-09-25 09:18:17,32,73,0,0,False,False,True
2026-09-25 09:18:19,32.2,73,0,0,False,False,True
2026-09-25 09:18:21,32,73,0,0,False,False,True
2026-09-25 09:18:23,31.8,73,0,0,False,False,True
2026-09-25 09:18:25,31.8,73,0,0,False,False,True
2026-09-25 09:18:27,31.8,73,0,0,False,False,True
2026-09-25 09:18:29,31.8,73,0,0,False,False,True
2026-09-25 09:18:31,31.8,73,0,0,False,False,True
2026-09-25 09:18:33,31.8,73,0,0,False,False,True
2026-09-25 09:18:35,31.8,73,0,0,False,False,True
2026-09-25 09:18:37,31.8,73,0,0,False,False,True
2026-09-25 09:18:39,31.8,73,0,0,False,False,True
2026-09-25 09:18:41,31.8,73,0,0,False,False,True
2026-09-25 09:18:43,31.8,73,0,0,False,False,True
2026-09-25 09:18:45,31.8,73,0,0,False,False,True
2026-09-25 09:18:47,31.8,73,0,0,False,False,True
2026-09-25 09:18:49,31.8,73,0,0,False,False,True
2026-09-25 09:18:51,31.8,73,0,0,False,False,True
2026-09-25 09:18:53,31.8,74,0,0,False,False,True
2026-09-25 09:18:55,31.8,74,0,0,False,False,True
2026-09-25 09:18:57,31.8,74,0,0,False,False,True
2026-09-25 09:18:59,31.8,74,0,0,False,False,True
2026-09-25 09:19:01,31.8,73,0,0,False,False,True
2026-09-25 09:19:03,31.8,73,0,0,False,False,True
2026-09-25 09:19:05,31.8,73,0,0,False,False,True
2026-09-25 09:19:07,31.8,74,0,0,False,False,True
2026-09-25 09:19:09,31.8,75,0,0,False,False,True
2026-09-25 09:19:11,31.8,74,0,0,False,False,True
2026-09-25 09:19:13,31.8,74,0,0,False,False,True
2026-09-25 09:19:15,31.8,74,0,0,False,False,True
2026-09-25 09:19:17,31.8,74,0,0,False,False,True
2026-09-25 09:19:19,31.8,74,0,0,False,False,True
2026-09-25 09:19:21,31.8,74,0,0,False,False,True
2026-09-25 09:19:23,31.8,73,0,0,False,False,True
2026-09-25 09:19:25,31.8,74,0,0,False,False,True
2026-09-25 09:19:27,31.8,74,0,0,False,False,True
2026-09-25 09:19:29,31.8,74,0,0,False,False,True
2026-09-25 09:19:31,31.8,74,0,0,False,False,True
2026-09-25 09:19:33,31.8,74,0,0,False,False,True
2026-09-25 09:19:35,31.8,74,0,0,False,False,True
2026-09-25 09:19:37,31.8,74,0,0,False,False,True
2026-09-25 09:19:39,31.8,74,0,0,False,False,True
2026-09-25 09:19:41,31.8,74,0,0,False,False,True
2026-09-25 09:19:43,31.8,74,0,0,False,False,True
2026-09-25 09:19:45,31.8,74,0,0,False,False,True
2026-09-25 09:19:47,31.8,74,0,0,False,False,True
2026-09-25 09:19:49,31.8,73,0,0,False,False,True
2026-09-25 09:19:51,31.8,73,0,0,False,False,True
2026-09-25 09:19:53,31.8,73,0,0,False,False,True
2026-09-25 09:19:55,31.8,73,0,0,False,False,True
2026-09-25 09:19:57,31.8,74,0,0,False,False,True
2026-09-25 09:19:59,31.8,73,0,0,False,False,True
2026-09-25 09:20:01,31.8,73,0,0,False,False,True
2026-09-25 09:20:03,31.8,73,0,0,False,False,True
2026-09-25 09:20:05,31.8,73,0,0,False,False,True
2026-09-25 09:20:07,31.8,74,0,0,False,False,True
2026-09-25 09:20:09,31.8,73,0,0,False,False,True
2026-09-25 09:20:11,31.8,73,0,0,False,False,True
2026-09-25 09:20:13,31.8,73,0,0,False,False,True
2026-09-25 09:20:15,31.8,73,0,0,False,False,True
2026-09-25 09:20:17,31.8,73,0,0,False,False,True
2026-09-25 09:20:19,31.8,73,0,0,False,False,True
2026-09-25 09:20:21,31.8,73,0,0,False,False,True
2026-09-25 09:20:23,31.8,73,0,0,False,False,True
2026-09-25 09:20:25,31.8,73,0,0,False,False,True
2026-09-25 09:20:28,31.8,73,0,0,False,False,True
2026-09-25 09:20:30,31.8,73,0,0,False,False,True
2026-09-25 09:20:32,31.8,73,0,0,False,False,True
2026-09-25 09:20:34,31.8,73,0,0,False,False,True
2026-09-25 09:20:36,31.8,73,0,0,False,False,True
2026-09-25 09:20:38,31.8,73,0,0,False,False,True
2026-09-25 09:20:40,31.8,73,0,0,False,False,True
2026-09-25 09:20:42,31.8,72,0,0,False,False,True
2026-09-25 09:20:44,31.8,72,0,0,False,False,True
2026-09-25 09:20:46,31.8,72,0,0,False,False,True
2026-09-25 09:20:48,31.8,72,0,0,False,False,True
2026-09-25 09:20:50,31.8,72,0,0,False,False,True
2026-09-25 09:20:52,31.8,72,0,0,False,False,True
2026-09-25 09:20:54,31.8,72,0,0,False,False,True
2026-09-25 09:20:56,31.8,72,0,0,False,False,True
2026-09-25 09:20:58,31.8,72,0,0,False,False,True
2026-09-25 09:21:00,31.8,72,0,0,False,False,True
2026-09-25 09:21:02,31.8,72,0,0,False,False,True
2026-09-25 09:21:04,31.8,72,0,0,False,False,True
2026-09-25 09:21:06,31.8,72,0,0,False,False,True
2026-09-25 09:21:08,31.8,72,0,0,False,False,True
2026-09-25 09:21:10,31.8,73,0,0,False,False,True
2026-09-25 09:21:12,31.8,73,0,0,False,False,True
2026-09-25 09:21:14,31.8,72,0,0,False,False,True
2026-09-25 09:21:16,31.8,73,0,0,False,False,True
2026-09-25 09:21:18,31.8,72,0,0,False,False,True
2026-09-25 09:21:20,31.8,73,0,0,False,False,True
2026-09-25 09:21:22,31.8,73,0,0,False,False,True
2026-09-25 09:21:24,31.8,73,0,0,False,False,True
2026-09-25 09:21:26,31.8,73,0,0,False,False,True
2026-09-25 09:21:28,31.8,73,0,0,False,False,True
2026-09-25 09:21:30,31.8,73,0,0,False,False,True
2026-09-25 09:21:32,31.8,73,0,0,False,False,True
2026-09-25 09:21:34,31.8,73,0,0,False,False,True
2026-09-25 09:21:36,31.8,73,0,0,False,False,True
2026-09-25 09:21:38,31.8,73,0,0,False,False,True
2026-09-25 09:21:40,31.8,73,0,0,False,False,True
2026-09-25 09:21:42,31.8,73,0,0,False,False,True
2026-09-25 09:21:44,31.8,73,0,0,False,False,True
2026-09-25 09:21:46,31.8,73,0,0,False,False,True
2026-09-25 09:21:48,31.8,73,0,0,False,False,True
2026-09-25 09:21:50,31.8,73,0,0,False,False,True
2026-09-25 09:21:52,31.8,73,0,0,False,False,True
2026-09-25 09:21:54,31.8,72,0,0,False,False,True
2026-09-25 09:21:56,31.8,73,0,0,False,False,True
2026-09-25 09:21:58,31.8,73,0,0,False,False,True
2026-09-25 09:22:00,31.8,73,0,0,False,False,True
2026-09-25 09:22:02,31.8,73,0,0,False,False,True
2026-09-25 09:22:04,31.8,73,0,0,False,False,True
2026-09-25 09:22:06,31.8,73,0,0,False,False,True
2026-09-25 09:22:08,31.8,73,0,0,False,False,True
2026-09-25 09:22:10,31.8,73,0,0,False,False,True
2026-09-25 09:22:18,ERR,ERR,ERR,ERR,False,False,False
2026-09-25 09:22:20,31.8,73,0,0,False,False,True
2026-09-25 09:22:22,31.8,73,0,0,False,False,True
2026-09-25 09:22:24,31.8,73,0,0,False,False,True
2026-09-25 09:22:26,31.8,73,0,0,False,False,True
2026-09-25 09:22:28,31.8,72,0,0,False,False,True
2026-09-25 09:22:30,31.8,72,0,0,False,False,True
2026-09-25 09:22:32,31.8,73,0,0,False,False,True
2026-09-25 09:22:34,31.8,73,0,0,False,False,True
2026-09-25 09:22:36,31.8,73,0,0,False,False,True
2026-09-25 09:22:38,31.8,73,0,0,False,False,True
2026-09-25 09:22:40,31.8,73,0,0,False,False,True
2026-09-25 09:22:42,31.8,73,0,0,False,False,True
2026-09-25 09:22:44,31.8,73,0,0,False,False,True
2026-09-25 09:22:46,31.8,73,0,0,False,False,True
2026-09-25 09:22:48,31.8,73,0,0,False,False,True
2026-09-25 09:22:50,31.8,73,0,0,False,False,True
2026-09-25 09:22:52,31.8,73,0,0,False,False,True
2026-09-25 09:22:54,31.8,73,0,0,False,False,True
2026-09-25 09:22:56,31.8,73,0,0,False,False,True
2026-09-25 09:22:58,31.8,73,0,0,False,False,True
2026-09-25 09:23:06,31.8,73,0,0,False,False,True
2026-09-25 09:23:09,31.8,73,0,0,False,False,True
2026-09-25 09:25:08,31.8,74,0,0,False,False,True
2026-09-25 09:25:10,31.8,73,0,0,False,False,True
2026-09-25 09:25:12,31.8,73,0,0,False,False,True
2026-09-25 09:25:14,31.8,73,0,0,False,False,True
2026-09-25 09:25:16,31.8,73,0,0,False,False,True
2026-09-25 09:25:18,31.8,73,0,0,False,False,True
2026-09-25 09:25:20,31.8,74,0,0,False,False,True
2026-09-25 09:25:22,31.8,74,0,0,False,False,True
2026-09-25 09:25:24,31.8,74,0,0,False,False,True
2026-09-25 09:25:26,31.8,74,0,0,False,False,True
2026-09-25 09:25:28,31.8,75,0,0,False,False,True
2026-09-25 09:25:30,31.8,74,0,0,False,False,True
2026-09-25 09:25:32,31.8,74,0,0,False,False,True
2026-09-25 09:25:34,31.8,74,0,0,False,False,True
2026-09-25 09:25:36,31.8,74,0,0,False,False,True
2026-09-25 09:25:38,31.8,74,0,0,False,False,True
2026-09-25 09:25:40,31.8,74,0,0,False,False,True
2026-09-25 09:25:42,31.8,73,0,0,False,False,True
2026-09-25 09:25:44,31.8,73,0,0,False,False,True
2026-09-25 09:25:46,31.8,74,0,0,False,False,True
2026-09-25 09:25:48,31.8,73,0,0,False,False,True
2026-09-25 09:25:50,31.8,73,0,0,False,False,True
2026-09-25 09:25:52,31.8,73,0,0,False,False,True
2026-09-25 09:25:54,31.8,73,0,0,False,False,True
2026-09-25 09:25:56,31.8,73,0,0,False,False,True
2026-09-25 09:25:58,31.8,73,0,0,False,False,True
2026-09-25 09:26:00,31.8,73,0,0,False,False,True
2026-09-25 09:26:02,31.8,73,0,0,False,False,True
2026-09-25 09:26:04,31.8,73,0,0,False,False,True
2026-09-25 09:26:06,31.8,73,0,0,False,False,True
2026-09-25 09:26:08,31.8,73,0,0,False,False,True
2026-09-25 09:26:10,31.8,73,0,0,False,False,True
2026-09-25 09:26:12,31.8,73,0,0,False,False,True
2026-09-25 09:26:14,31.8,73,0,0,False,False,True
2026-09-25 09:26:16,31.8,73,0,0,False,False,True
2026-09-25 09:26:18,31.8,73,0,0,False,False,True
2026-09-25 09:26:20,31.8,73,0,0,False,False,True
2026-09-25 09:26:22,31.8,73,0,0,False,False,True
2026-09-25 09:26:24,31.8,73,0,0,False,False,True
2026-09-25 09:26:26,31.8,73,0,0,False,False,True
2026-09-25 09:26:28,31.8,73,0,0,False,False,True
2026-09-25 09:26:30,31.8,73,0,0,False,False,True
2026-09-25 09:26:32,31.8,73,0,0,False,False,True
2026-09-25 09:26:34,31.8,73,0,0,False,False,True
2026-09-25 09:26:36,31.8,73,0,0,False,False,True
2026-09-25 09:26:38,31.8,73,0,0,False,False,True
2026-09-25 09:26:40,31.8,73,0,0,False,False,True
2026-09-25 09:26:42,31.8,73,0,0,False,False,True
2026-09-25 09:26:44,31.8,73,0,0,False,False,True
2026-09-25 09:26:46,31.8,73,0,0,False,False,True
2026-09-25 09:26:48,31.8,73,0,0,False,False,True
2026-09-25 09:26:50,31.8,73,0,0,False,False,True
2026-09-25 09:26:52,31.8,73,0,0,False,False,True
2026-09-25 09:26:54,31.8,73,0,0,False,False,True
2026-09-25 09:26:56,31.8,72,0,0,False,False,True
2026-09-25 09:26:58,31.8,73,0,0,False,False,True
2026-09-25 09:27:00,31.8,73,0,0,False,False,True
2026-09-25 09:27:02,31.8,73,0,0,False,False,True
2026-09-25 09:27:04,31.8,73,0,0,False,False,True
2026-09-25 09:27:06,31.8,72,0,0,False,False,True
2026-09-25 09:27:08,31.8,72,0,0,False,False,True
2026-09-25 09:27:10,31.8,72,0,0,False,False,True
2026-09-25 09:27:12,31.8,72,0,0,False,False,True
2026-09-25 09:27:14,31.8,72,0,0,False,False,True
2026-09-25 09:27:16,31.8,72,0,0,False,False,True
2026-09-25 09:27:18,31.8,72,0,0,False,False,True
2026-09-25 09:27:20,31.8,73,0,0,False,False,True
2026-09-25 09:27:22,31.8,72,0,0,False,False,True
2026-09-25 09:27:24,31.8,72,0,0,False,False,True
2026-09-25 09:27:26,31.8,72,0,0,False,False,True
2026-09-25 09:27:28,31.9,73,0,0,False,False,True
2026-09-25 09:27:30,32.1,72,0,0,False,False,True
2026-09-25 09:27:32,32.2,72,0,0,False,False,True
2026-09-25 09:27:34,32.2,73,0,0,False,False,True
2026-09-25 09:27:36,32.3,72,0,0,False,False,True
2026-09-25 09:27:38,32.3,72,0,0,False,False,True
2026-09-25 09:27:40,32.3,73,0,0,False,False,True
2026-09-25 09:27:42,32.3,73,0,0,False,False,True
2026-09-25 09:27:44,32.3,72,0,0,False,False,True
2026-09-25 09:27:46,32.3,72,0,0,False,False,True
2026-09-25 09:27:48,32.3,72,0,0,False,False,True
2026-09-25 09:27:50,32.3,72,0,0,False,False,True
2026-09-25 09:27:52,32.3,73,0,0,False,False,True
2026-09-25 09:27:54,32.3,72,0,0,False,False,True
2026-09-25 09:27:56,32.3,72,0,0,False,False,True
2026-09-25 09:27:58,32.3,72,0,0,False,False,True
2026-09-25 09:28:00,32.3,72,0,0,False,False,True
2026-09-25 09:28:02,32.3,72,0,0,False,False,True
2026-09-25 09:28:04,32.3,72,0,0,False,False,True
2026-09-25 09:28:06,32.3,72,0,0,False,False,True
2026-09-25 09:28:08,32.3,72,0,0,False,False,True
2026-09-25 09:28:10,32.3,72,0,0,False,False,True
2026-09-25 09:28:12,32.3,72,0,0,False,False,True
2026-09-25 09:28:14,32.3,72,0,0,False,False,True
2026-09-25 09:28:16,32.3,72,0,0,False,False,True
2026-09-25 09:28:18,32.3,72,0,0,False,False,True
2026-09-25 09:28:20,32.3,72,0,0,False,False,True
2026-09-25 09:28:22,32.3,72,0,0,False,False,True
2026-09-25 09:28:24,32.3,72,0,0,False,False,True
2026-09-25 09:28:26,32.3,72,0,0,False,False,True
2026-09-25 09:28:28,32.3,72,0,0,False,False,True
2026-09-25 09:28:30,32.3,72,0,0,False,False,True
2026-09-25 09:28:32,32.3,72,0,0,False,False,True
2026-09-25 09:28:34,32.3,72,0,0,False,False,True
2026-09-25 09:28:36,32.3,73,0,0,False,False,True
2026-09-25 09:28:38,32.3,72,0,0,False,False,True
2026-09-25 09:28:40,32.3,73,0,0,False,False,True
2026-09-25 09:28:42,32.3,73,0,0,False,False,True
2026-09-25 09:28:44,32.3,72,0,0,False,False,True
2026-09-25 09:28:46,32.3,72,0,0,False,False,True
2026-09-25 09:28:48,32.3,72,0,0,False,False,True
2026-09-25 09:28:50,32.3,72,0,0,False,False,True
2026-09-25 09:28:52,32.3,72,0,0,False,False,True
2026-09-25 09:28:54,32.3,72,0,0,False,False,True
2026-09-25 09:28:56,32.3,72,0,0,False,False,True
2026-09-25 09:28:58,32.3,71,0,0,False,False,True
2026-09-25 09:29:00,32.3,71,0,0,False,False,True
2026-09-25 09:29:02,32.3,71,0,0,False,False,True
2026-09-25 09:29:04,32.3,71,0,0,False,False,True
2026-09-25 09:29:06,32.3,71,0,0,False,False,True
2026-09-25 09:29:08,32.3,71,0,0,False,False,True
2026-09-25 09:29:10,32.3,71,0,0,False,False,True
2026-09-25 09:29:12,32.3,71,0,0,False,False,True
2026-09-25 09:29:14,32.3,71,0,0,False,False,True
2026-09-25 09:29:16,32.3,71,0,0,False,False,True
2026-09-25 09:29:18,32.3,71,0,0,False,False,True
2026-09-25 09:29:20,32.3,71,0,0,False,False,True
2026-09-25 09:29:22,32.3,71,0,0,False,False,True
2026-09-25 09:29:24,32.3,71,0,0,False,False,True
2026-09-25 09:29:26,32.3,71,0,0,False,False,True
2026-09-25 09:29:28,32.3,71,0,0,False,False,True
2026-09-25 09:29:30,32.3,71,0,0,False,False,True
2026-09-25 09:29:32,32.3,71,0,0,False,False,True
2026-09-25 09:29:34,32.3,71,0,0,False,False,True
2026-09-25 09:29:36,32.3,71,0,0,False,False,True
2026-09-25 09:29:38,32.3,71,0,0,False,False,True
2026-09-25 09:29:40,32.3,71,0,0,False,False,True
2026-09-25 09:29:42,32.3,71,0,0,False,False,True
2026-09-25 09:29:44,32.3,71,0,0,False,False,True
2026-09-25 09:29:46,32.3,71,0,0,False,False,True
2026-09-25 09:29:48,32.3,71,0,0,False,False,True
2026-09-25 09:29:50,32.3,71,0,0,False,False,True
2026-09-25 09:29:52,32.3,71,0,0,False,False,True
2026-09-25 09:29:54,32.3,71,0,0,False,False,True
2026-09-25 09:29:56,32.3,72,0,0,False,False,True
2026-09-25 09:29:58,32.3,72,0,0,False,False,True
2026-09-25 09:30:00,32.3,72,0,0,False,False,True
2026-09-25 09:30:02,32.3,71,0,0,False,False,True
2026-09-25 09:30:04,32.3,71,0,0,False,False,True
2026-09-25 09:30:06,32.3,71,0,0,False,False,True
2026-09-25 09:30:08,32.3,71,0,0,False,False,True
2026-09-25 09:30:10,32.3,71,0,0,False,False,True
2026-09-25 09:30:12,32.3,71,0,0,False,False,True
2026-09-25 09:30:14,32.3,71,0,0,False,False,True
2026-09-25 09:30:16,32.3,71,0,0,False,False,True
2026-09-25 09:30:18,32.3,71,0,0,False,False,True
2026-09-25 09:30:20,32.3,71,0,0,False,False,True
2026-09-25 09:30:22,32.3,71,0,0,False,False,True
2026-09-25 09:30:24,32.3,72,0,0,False,False,True
2026-09-25 09:30:26,32.3,71,0,0,False,False,True
2026-09-25 09:30:28,32.3,71,0,0,False,False,True
2026-09-25 09:30:30,32.3,71,0,0,False,False,True
2026-09-25 09:30:32,32.3,71,0,0,False,False,True
2026-09-25 09:30:34,32.3,71,0,0,False,False,True
2026-09-25 09:30:36,32.3,71,0,0,False,False,True
2026-09-25 09:30:38,32.3,71,0,0,False,False,True
2026-09-25 09:30:40,32.3,72,0,0,False,False,True
2026-09-25 09:30:42,32.3,71,0,0,False,False,True
2026-09-25 09:30:44,32.3,71,0,0,False,False,True
2026-09-25 09:30:46,32.3,71,0,0,False,False,True
2026-09-25 09:30:48,32.3,71,0,0,False,False,True
2026-09-25 09:30:50,32.3,71,0,0,False,False,True
2026-09-25 09:30:52,32.3,71,0,0,False,False,True
2026-09-25 09:30:54,32.3,71,0,0,False,False,True
2026-09-25 09:30:56,32.3,71,0,0,False,False,True
2026-09-25 09:30:58,32.3,71,0,0,False,False,True
2026-09-25 09:31:00,32.3,71,0,0,False,False,True
2026-09-25 09:31:02,32.3,71,0,0,False,False,True
2026-09-25 09:31:04,32.3,71,0,0,False,False,True
2026-09-25 09:31:06,32.3,71,0,0,False,False,True
2026-09-25 09:31:08,32.3,71,0,0,False,False,True
2026-09-25 09:31:10,32.3,71,0,0,False,False,True
2026-09-25 09:31:12,32.3,71,0,0,False,False,True
2026-09-25 09:31:14,32.3,71,0,0,False,False,True
2026-09-25 09:31:16,32.3,71,0,0,False,False,True
2026-09-25 09:31:18,32.3,71,0,0,False,False,True
2026-09-25 09:31:20,32.3,71,0,0,False,False,True
2026-09-25 09:31:22,32.3,71,0,0,False,False,True
2026-09-25 09:31:24,32.3,71,0,0,False,False,True
2026-09-25 09:31:26,32.3,71,0,0,False,False,True
2026-09-25 09:31:28,32.3,71,0,0,False,False,True
2026-09-25 09:31:30,32.3,71,0,0,False,False,True
2026-09-25 09:31:32,32.3,71,0,0,False,False,True
2026-09-25 09:31:34,32.3,71,0,0,False,False,True
2026-09-25 09:31:36,32.3,71,0,0,False,False,True
2026-09-25 09:31:38,32.3,71,0,0,False,False,True
2026-09-25 09:31:40,32.3,71,0,0,False,False,True
2026-09-25 09:31:42,32.3,71,0,0,False,False,True
2026-09-25 09:31:44,32.3,71,0,0,False,False,True
2026-09-25 09:31:46,32.3,71,0,0,False,False,True
2026-09-25 09:31:48,32.3,71,0,0,False,False,True
2026-09-25 09:31:50,32.3,71,0,0,False,False,True
2026-09-25 09:31:52,32.3,71,0,0,False,False,True
2026-09-25 09:31:54,32.3,71,0,0,False,False,True
2026-09-25 09:31:56,32.3,71,0,0,False,False,True
2026-09-25 09:31:58,32.3,71,0,0,False,False,True
2026-09-25 09:32:00,32.3,71,0,0,False,False,True
2026-09-25 09:32:02,32.3,71,0,0,False,False,True
2026-09-25 09:32:04,32.3,71,0,0,False,False,True
2026-09-25 09:32:06,32.3,71,0,0,False,False,True
2026-09-25 09:32:08,32.3,71,0,0,False,False,True
2026-09-25 09:32:10,32.3,71,0,0,False,False,True
2026-09-25 09:32:12,32.3,71,0,0,False,False,True
2026-09-25 09:32:14,32.3,71,0,0,False,False,True
2026-09-25 09:32:16,32.3,71,0,0,False,False,True
2026-09-25 09:32:18,32.3,71,0,0,False,False,True
2026-09-25 09:32:20,32.3,71,0,0,False,False,True
2026-09-25 09:32:22,32.3,71,0,0,False,False,True
2026-09-25 09:32:24,32.3,71,0,0,False,False,True
2026-09-25 09:32:26,32.3,71,0,0,False,False,True
2026-09-25 09:32:28,32.3,71,0,0,False,False,True
2026-09-25 09:32:30,32.3,71,0,0,False,False,True
2026-09-25 09:32:32,32.3,71,0,0,False,False,True
2026-09-25 09:32:34,32.3,71,0,0,False,False,True
2026-09-25 09:32:36,32.3,71,0,0,False,False,True
2026-09-25 09:32:38,32.3,71,0,0,False,False,True
2026-09-25 09:32:40,32.4,71,0,0,False,False,True
2026-09-25 09:32:42,32.4,71,0,0,False,False,True
2026-09-25 09:32:44,32.6,71,0,0,False,False,True
2026-09-25 09:32:46,32.6,71,0,0,False,False,True
2026-09-25 09:32:48,32.7,71,0,0,False,False,True
2026-09-25 09:32:50,32.7,71,0,0,False,False,True
2026-09-25 09:32:52,32.7,71,0,0,False,False,True
2026-09-25 09:32:54,32.7,71,0,0,False,False,True
2026-09-25 09:32:56,32.7,71,0,0,False,False,True
2026-09-25 09:32:58,32.8,71,0,0,False,False,True
2026-09-25 09:33:00,32.8,71,0,0,False,False,True
2026-09-25 09:33:02,32.8,71,0,0,False,False,True
2026-09-25 09:33:04,32.8,71,0,0,False,False,True
2026-09-25 09:33:06,32.8,71,0,0,False,False,True
2026-09-25 09:33:08,32.8,71,0,0,False,False,True
2026-09-25 09:33:10,32.8,71,0,0,False,False,True
2026-09-25 09:33:12,32.8,71,0,0,False,False,True
2026-09-25 09:33:14,32.8,71,0,0,False,False,True
2026-09-25 09:33:16,32.8,71,0,0,False,False,True
2026-09-25 09:33:18,32.8,71,0,0,False,False,True
2026-09-25 09:33:20,32.8,71,0,0,False,False,True
2026-09-25 09:33:22,32.8,71,0,0,False,False,True
2026-09-25 09:33:24,32.8,71,0,0,False,False,True
2026-09-25 09:33:26,32.8,71,0,0,False,False,True
2026-09-25 09:33:28,32.8,71,0,0,False,False,True
2026-09-25 09:33:30,32.8,71,0,0,False,False,True
2026-09-25 09:33:32,32.8,71,0,0,False,False,True
2026-09-25 09:33:34,32.8,71,0,0,False,False,True
2026-09-25 09:33:36,32.8,71,0,0,False,False,True
2026-09-25 09:33:38,32.8,71,0,0,False,False,True
2026-09-25 09:33:40,32.8,71,0,0,False,False,True
2026-09-25 09:33:42,32.8,71,0,0,False,False,True
2026-09-25 09:33:44,32.8,71,0,0,False,False,True
2026-09-25 09:33:46,32.8,71,0,0,False,False,True
2026-09-25 09:33:48,32.8,71,0,0,False,False,True
2026-09-25 09:33:50,32.8,71,0,0,False,False,True
2026-09-25 09:33:52,32.8,71,0,0,False,False,True
2026-09-25 09:33:54,32.8,71,0,0,False,False,True
2026-09-25 09:33:56,32.8,71,0,0,False,False,True
2026-09-25 09:33:58,32.8,71,0,0,False,False,True
2026-09-25 09:34:00,32.8,71,0,0,False,False,True
2026-09-25 09:34:02,32.8,71,0,0,False,False,True
2026-09-25 09:34:04,32.8,71,0,0,False,False,True
2026-09-25 09:34:06,32.8,71,0,0,False,False,True
2026-09-25 09:34:08,32.8,71,0,0,False,False,True
2026-09-25 09:34:10,32.8,71,0,0,False,False,True
2026-09-25 09:34:12,32.8,71,0,0,False,False,True
2026-09-25 09:34:14,32.8,71,0,0,False,False,True
2026-09-25 09:34:16,32.8,71,0,0,False,False,True
2026-09-25 09:34:18,32.8,71,0,0,False,False,True
2026-09-25 09:34:20,32.8,71,0,0,False,False,True
2026-09-25 09:34:22,32.8,71,0,0,False,False,True
2026-09-25 09:34:24,32.8,71,0,0,False,False,True
2026-09-25 09:34:26,32.8,71,0,0,False,False,True
2026-09-25 09:34:28,32.8,71,0,0,False,False,True
2026-09-25 09:34:30,32.8,71,0,0,False,False,True
2026-09-25 09:34:32,32.8,71,0,0,False,False,True
2026-09-25 09:34:34,32.8,71,0,0,False,False,True
2026-09-25 09:34:36,32.8,71,0,0,False,False,True
2026-09-25 09:34:38,32.8,71,0,0,False,False,True
2026-09-25 09:34:40,32.8,71,0,0,False,False,True
2026-09-25 09:34:42,32.8,71,0,0,False,False,True
2026-09-25 09:34:44,32.8,71,0,0,False,False,True
2026-09-25 09:34:46,32.8,71,0,0,False,False,True
2026-09-25 09:34:48,32.8,71,0,0,False,False,True
2026-09-25 09:34:50,32.8,71,0,0,False,False,True
2026-09-25 09:34:52,32.8,71,0,0,False,False,True
2026-09-25 09:34:54,32.8,71,0,0,False,False,True
2026-09-25 09:34:56,32.8,71,0,0,False,False,True
2026-09-25 09:34:58,32.8,70,0,0,False,False,True
2026-09-25 09:35:00,32.8,70,0,0,False,False,True
2026-09-25 09:35:02,32.8,70,0,0,False,False,True
2026-09-25 09:35:04,32.8,70,0,0,False,False,True
2026-09-25 09:35:06,32.8,70,0,0,False,False,True
2026-09-25 09:35:08,32.8,70,0,0,False,False,True
2026-09-25 09:35:10,32.8,70,0,0,False,False,True
2026-09-25 09:35:12,32.8,70,0,0,False,False,True
2026-09-25 09:35:14,32.8,70,0,0,False,False,True
2026-09-25 09:35:16,32.8,70,0,0,False,False,True
2026-09-25 09:35:18,32.8,71,0,0,False,False,True
2026-09-25 09:35:20,32.8,70,0,0,False,False,True
2026-09-25 09:35:22,32.8,70,0,0,False,False,True
2026-09-25 09:35:24,32.8,70,0,0,False,False,True
2026-09-25 09:35:26,32.8,71,0,0,False,False,True
2026-09-25 09:35:28,32.8,70,0,0,False,False,True
2026-09-25 09:35:30,32.8,70,0,0,False,False,True
2026-09-25 09:35:32,32.8,70,0,0,False,False,True
2026-09-25 09:35:34,32.8,70,0,0,False,False,True
2026-09-25 09:35:36,32.8,70,0,0,False,False,True
2026-09-25 09:35:38,32.8,70,0,0,False,False,True
2026-09-25 09:35:40,32.8,71,0,0,False,False,True
2026-09-25 09:35:42,32.8,71,0,0,False,False,True
2026-09-25 09:35:44,32.8,71,0,0,False,False,True
2026-09-25 09:35:46,32.8,71,0,0,False,False,True
2026-09-25 09:35:48,32.8,71,0,0,False,False,True
2026-09-25 09:35:50,32.8,71,0,0,False,False,True
2026-09-25 09:35:52,32.8,71,0,0,False,False,True
2026-09-25 09:35:54,32.8,71,0,0,False,False,True
2026-09-25 09:35:56,32.8,71,0,0,False,False,True
2026-09-25 09:35:58,32.8,71,0,0,False,False,True
2026-09-25 09:36:00,32.8,71,0,0,False,False,True
2026-09-25 09:36:02,32.8,71,0,0,False,False,True
2026-09-25 09:36:04,32.8,71,0,0,False,False,True
2026-09-25 09:36:06,32.8,71,0,0,False,False,True
2026-09-25 09:36:08,32.8,71,0,0,False,False,True
2026-09-25 09:36:10,32.8,71,0,0,False,False,True
2026-09-25 09:36:12,32.8,71,0,0,False,False,True
2026-09-25 09:36:14,32.8,71,0,0,False,False,True
2026-09-25 09:36:16,32.8,71,0,0,False,False,True
2026-09-25 09:36:18,32.8,71,0,0,False,False,True
2026-09-25 09:36:20,32.8,71,0,0,False,False,True
2026-09-25 09:36:22,32.8,71,0,0,False,False,True
2026-09-25 09:36:24,32.8,71,0,0,False,False,True
2026-09-25 09:36:26,32.8,71,0,0,False,False,True
2026-09-25 09:36:28,32.8,71,0,0,False,False,True
2026-09-25 09:36:30,32.8,71,0,0,False,False,True
2026-09-25 09:36:32,32.8,71,0,0,False,False,True
2026-09-25 09:36:34,32.8,71,0,0,False,False,True
2026-09-25 09:36:36,32.8,71,0,0,False,False,True
2026-09-25 09:36:38,32.8,71,0,0,False,False,True
2026-09-25 09:36:40,32.8,71,0,0,False,False,True
2026-09-25 09:36:42,32.8,71,0,0,False,False,True
2026-09-25 09:36:44,32.8,71,0,0,False,False,True
2026-09-25 09:36:46,32.8,71,0,0,False,False,True
2026-09-25 09:36:48,32.8,71,0,0,False,False,True
2026-09-25 09:36:50,32.8,70,0,0,False,False,True
2026-09-25 09:36:52,32.8,71,0,0,False,False,True
2026-09-25 09:36:54,32.8,71,0,0,False,False,True
2026-09-25 09:36:56,32.8,71,0,0,False,False,True
2026-09-25 09:36:58,32.8,71,0,0,False,False,True
2026-09-25 09:37:00,32.8,71,0,0,False,False,True
2026-09-25 09:37:02,32.8,71,0,0,False,False,True
2026-09-25 09:37:04,32.8,71,0,0,False,False,True
2026-09-25 09:37:06,32.8,71,0,0,False,False,True
2026-09-25 09:37:08,32.8,71,0,0,False,False,True
2026-09-25 09:37:10,32.8,71,0,0,False,False,True
2026-09-25 09:37:12,32.8,71,0,0,False,False,True
2026-09-25 09:37:14,32.8,71,0,0,False,False,True
2026-09-25 09:37:16,32.8,71,0,0,False,False,True
2026-09-25 09:37:18,32.8,71,0,0,False,False,True
2026-09-25 09:37:20,32.8,71,0,0,False,False,True
2026-09-25 09:37:22,32.8,71,0,0,False,False,True
2026-09-25 09:37:24,32.8,71,0,0,False,False,True
2026-09-25 09:37:26,32.8,71,0,0,False,False,True
2026-09-25 09:37:28,32.8,71,0,0,False,False,True
2026-09-25 09:37:30,32.8,71,0,0,False,False,True
2026-09-25 09:37:32,32.8,71,0,0,False,False,True
2026-09-25 09:37:34,32.8,71,0,0,False,False,True
2026-09-25 09:37:36,32.8,71,0,0,False,False,True
2026-09-25 09:37:38,32.8,71,0,0,False,False,True
2026-09-25 09:37:40,32.8,71,0,0,False,False,True
2026-09-25 09:37:42,32.8,71,0,0,False,False,True
2026-09-25 09:37:44,32.5,71,0,0,False,False,True
2026-09-25 09:37:46,32.4,71,0,0,False,False,True
2026-09-25 09:37:48,32.3,71,0,0,False,False,True
2026-09-25 09:37:50,32.3,71,0,0,False,False,True
2026-09-25 09:37:52,32.3,71,0,0,False,False,True
2026-09-25 09:37:54,32.3,71,0,0,False,False,True
2026-09-25 09:37:56,32.3,71,0,0,False,False,True
2026-09-25 09:37:58,32.3,71,0,0,False,False,True
2026-09-25 09:38:00,32.3,71,0,0,False,False,True
2026-09-25 09:38:02,32.3,71,0,0,False,False,True
2026-09-25 09:38:04,32.3,71,0,0,False,False,True
2026-09-25 09:38:06,32.3,71,0,0,False,False,True
2026-09-25 09:38:08,32.3,71,0,0,False,False,True
2026-09-25 09:38:10,32.3,71,0,0,False,False,True
2026-09-25 09:38:12,32.3,71,0,0,False,False,True
2026-09-25 09:38:14,32.3,71,0,0,False,False,True
2026-09-25 09:38:16,32.3,71,0,0,False,False,True
2026-09-25 09:38:18,32.4,71,0,0,False,False,True
2026-09-25 09:38:20,32.5,71,0,0,False,False,True
2026-09-25 09:38:22,32.6,71,0,0,False,False,True
2026-09-25 09:38:24,32.7,71,0,0,False,False,True
2026-09-25 09:38:26,32.7,71,0,0,False,False,True
2026-09-25 09:38:28,32.7,71,0,0,False,False,True
2026-09-25 09:38:30,32.7,71,0,0,False,False,True
2026-09-25 09:38:32,32.8,71,0,0,False,False,True
2026-09-25 09:38:34,32.8,71,0,0,False,False,True
2026-09-25 09:38:36,32.8,71,0,0,False,False,True
2026-09-25 09:38:38,32.8,71,0,0,False,False,True
2026-09-25 09:38:40,32.8,71,0,0,False,False,True
2026-09-25 09:38:42,32.8,71,0,0,False,False,True
2026-09-25 09:38:44,32.8,71,0,0,False,False,True
2026-09-25 09:38:46,32.8,71,0,0,False,False,True
2026-09-25 09:38:48,32.8,71,0,0,False,False,True
2026-09-25 09:38:50,32.8,71,0,0,False,False,True
2026-09-25 09:38:52,32.8,71,0,0,False,False,True
2026-09-25 09:38:55,32.8,71,0,0,False,False,True
2026-09-25 09:38:57,32.8,71,0,0,False,False,True
2026-09-25 09:38:59,32.8,71,0,0,False,False,True
2026-09-25 09:39:01,32.8,71,0,0,False,False,True
2026-09-25 09:39:03,32.8,71,0,0,False,False,True
2026-09-25 09:39:05,32.8,71,0,0,False,False,True
2026-09-25 09:39:07,32.8,71,0,0,False,False,True
2026-09-25 09:39:09,32.8,71,0,0,False,False,True
2026-09-25 09:39:11,32.8,71,0,0,False,False,True
2026-09-25 09:39:13,32.8,71,0,0,False,False,True
2026-09-25 09:39:15,32.8,71,0,0,False,False,True
2026-09-25 09:39:17,32.8,71,0,0,False,False,True
2026-09-25 09:39:19,32.8,71,0,0,False,False,True
2026-09-25 09:39:21,32.8,71,0,0,False,False,True
2026-09-25 09:39:23,32.8,71,0,0,False,False,True
2026-09-25 09:39:25,32.8,71,0,0,False,False,True
2026-09-25 09:39:27,32.8,71,0,0,False,False,True
2026-09-25 09:39:29,32.8,71,0,0,False,False,True
2026-09-25 09:39:31,32.8,71,0,0,False,False,True
2026-09-25 09:39:33,32.8,71,0,0,False,False,True
2026-09-25 09:39:35,32.8,71,0,0,False,False,True
2026-09-25 09:39:37,32.8,71,0,0,False,False,True
2026-09-25 09:39:39,32.8,71,0,0,False,False,True
2026-09-25 09:39:41,32.8,71,0,0,False,False,True
2026-09-25 09:39:43,32.8,71,0,0,False,False,True
2026-09-25 09:39:45,32.8,71,0,0,False,False,True
2026-09-25 09:39:47,32.8,71,0,0,False,False,True
2026-09-25 09:39:49,32.8,71,0,0,False,False,True
2026-09-25 09:39:51,32.8,71,0,0,False,False,True
2026-09-25 09:39:53,32.8,71,0,0,False,False,True
2026-09-25 09:39:55,32.8,71,0,0,False,False,True
2026-09-25 09:39:57,32.8,71,0,0,False,False,True
2026-09-25 09:39:59,32.8,71,0,0,False,False,True
2026-09-25 09:40:01,32.8,71,0,0,False,False,True
2026-09-25 09:40:03,32.8,71,0,0,False,False,True
2026-09-25 09:40:05,32.8,71,0,0,False,False,True
2026-09-25 09:40:07,32.8,71,0,0,False,False,True
2026-09-25 09:40:09,32.8,71,0,0,False,False,True
2026-09-25 09:40:11,32.8,71,0,0,False,False,True
2026-09-25 09:40:13,32.8,71,0,0,False,False,True
2026-09-25 09:40:15,32.8,71,0,0,False,False,True
2026-09-25 09:40:17,32.8,71,0,0,False,False,True
2026-09-25 09:40:19,32.8,71,0,0,False,False,True
2026-09-25 09:40:21,32.8,71,0,0,False,False,True
2026-09-25 09:40:23,32.8,71,0,0,False,False,True
2026-09-25 09:40:25,32.8,71,0,0,False,False,True
2026-09-25 09:40:27,32.8,71,0,0,False,False,True
2026-09-25 09:40:29,32.8,71,0,0,False,False,True
2026-09-25 09:40:31,32.8,71,0,0,False,False,True
2026-09-25 09:40:33,32.8,71,0,0,False,False,True
2026-09-25 09:40:35,32.8,71,0,0,False,False,True
2026-09-25 09:40:37,32.8,71,0,0,False,False,True
2026-09-25 09:40:39,32.8,71,0,0,False,False,True
2026-09-25 09:40:41,32.8,71,0,0,False,False,True
2026-09-25 09:40:43,32.8,71,0,0,False,False,True
2026-09-25 09:40:45,32.8,71,0,0,False,False,True
2026-09-25 09:40:47,32.8,71,0,0,False,False,True
2026-09-25 09:40:49,32.8,71,0,0,False,False,True
2026-09-25 09:40:51,32.8,71,0,0,False,False,True
2026-09-25 09:40:53,32.8,71,0,0,False,False,True
2026-09-25 09:40:55,32.8,71,0,0,False,False,True
2026-09-25 09:40:57,32.8,71,0,0,False,False,True
2026-09-25 09:40:59,32.8,71,0,0,False,False,True
2026-09-25 09:41:01,32.8,71,0,0,False,False,True
2026-09-25 09:41:03,32.8,71,0,0,False,False,True
2026-09-25 09:41:05,32.8,71,0,0,False,False,True
2026-09-25 09:41:07,32.8,71,0,0,False,False,True
2026-09-25 09:41:09,32.8,71,0,0,False,False,True
2026-09-25 09:41:11,32.8,71,0,0,False,False,True
2026-09-25 09:41:13,32.8,71,0,0,False,False,True
2026-09-25 09:41:15,32.8,71,0,0,False,False,True
2026-09-25 09:41:17,32.8,71,0,0,False,False,True
2026-09-25 09:41:19,32.8,71,0,0,False,False,True
2026-09-25 09:41:21,32.6,71,0,0,False,False,True
2026-09-25 09:41:23,32.6,71,0,0,False,False,True
2026-09-25 09:41:25,32.6,71,0,0,False,False,True
2026-09-25 09:41:27,32.4,71,0,0,False,False,True
2026-09-25 09:41:29,32.4,71,0,0,False,False,True
2026-09-25 09:41:31,32.5,71,0,0,False,False,True
2026-09-25 09:41:33,32.6,71,0,0,False,False,True
2026-09-25 09:41:39,32.8,71,0,0,False,False,True
2026-09-25 09:41:41,32.6,71,0,0,False,False,True
2026-09-25 09:41:43,32.3,71,0,0,False,False,True
2026-09-25 09:41:45,32.3,71,0,0,False,False,True
2026-09-25 09:41:47,32.3,71,0,0,False,False,True
2026-09-25 09:41:49,32.3,71,0,0,False,False,True
2026-09-25 09:41:51,32.3,71,0,0,False,False,True
2026-09-25 09:41:53,32.3,71,0,0,False,False,True
2026-09-25 09:41:55,32.3,71,0,0,False,False,True
2026-09-25 09:41:57,32.3,71,0,0,False,False,True
2026-09-25 09:41:59,32.3,71,0,0,False,False,True
2026-09-25 09:42:01,32.3,71,0,0,False,False,True
2026-09-25 09:42:03,32.3,71,0,0,False,False,True
2026-09-25 09:42:05,32.3,71,0,0,False,False,True
2026-09-25 09:42:07,32.3,71,0,0,False,False,True
2026-09-25 09:42:09,32.3,71,0,0,False,False,True
2026-09-25 09:42:11,32.3,71,0,0,False,False,True
2026-09-25 09:42:13,32.3,71,0,0,False,False,True
2026-09-25 09:42:15,32.3,71,0,0,False,False,True
2026-09-25 09:42:17,32.3,71,0,0,False,False,True
2026-09-25 09:42:19,32.3,71,0,0,False,False,True
2026-09-25 09:42:21,32.3,71,0,0,False,False,True
2026-09-25 09:42:23,32.3,71,0,0,False,False,True
2026-09-25 09:42:25,32.3,71,0,0,False,False,True
2026-09-25 09:42:27,32.3,71,0,0,False,False,True
2026-09-25 09:42:29,32.3,71,0,0,False,False,True
2026-09-25 09:42:31,32.3,71,0,0,False,False,True
2026-09-25 09:42:33,32.3,71,0,0,False,False,True
2026-09-25 09:42:35,32.3,71,0,0,False,False,True
2026-09-25 09:42:37,32.3,71,0,0,False,False,True
2026-09-25 09:42:39,32.3,71,0,0,False,False,True
2026-09-25 09:42:41,32.3,71,0,0,False,False,True
2026-09-25 09:42:43,32.3,71,0,0,False,False,True
2026-09-25 09:42:45,32.3,71,0,0,False,False,True
2026-09-25 09:42:47,32.3,71,0,0,False,False,True
2026-09-25 09:42:49,32.3,71,0,0,False,False,True
2026-09-25 09:42:51,32.3,71,0,0,False,False,True
2026-09-25 09:42:53,32.3,71,0,0,False,False,True
2026-09-25 09:42:55,32.3,71,0,0,False,False,True
2026-09-25 09:42:57,32.3,71,0,0,False,False,True
2026-09-25 09:42:59,32.3,71,0,0,False,False,True
2026-09-25 09:43:01,32.3,71,0,0,False,False,True
2026-09-25 09:43:03,32.3,71,0,0,False,False,True
2026-09-25 09:43:05,32.3,71,0,0,False,False,True
2026-09-25 09:43:07,32.3,71,0,0,False,False,True
2026-09-25 09:43:09,32.3,71,0,0,False,False,True
2026-09-25 09:43:11,32.3,72,0,0,False,False,True
2026-09-25 09:43:13,32.3,71,0,0,False,False,True
2026-09-25 09:43:15,32.3,71,0,0,False,False,True
2026-09-25 09:43:17,32.3,71,0,0,False,False,True
2026-09-25 09:43:19,32.3,71,0,0,False,False,True
2026-09-25 09:43:21,32.3,71,0,0,False,False,True
2026-09-25 09:43:23,32.3,71,0,0,False,False,True
2026-09-25 09:43:25,32.3,71,0,0,False,False,True
2026-09-25 09:43:27,32.3,71,0,0,False,False,True
2026-09-25 09:43:29,32.3,71,0,0,False,False,True
2026-09-25 09:43:31,32.3,71,0,0,False,False,True
2026-09-25 09:43:33,32.3,71,0,0,False,False,True
2026-09-25 09:43:35,32.3,71,0,0,False,False,True
2026-09-25 09:43:37,32.3,71,0,0,False,False,True
2026-09-25 09:43:39,32.3,71,0,0,False,False,True
2026-09-25 09:43:41,32.3,71,0,0,False,False,True
2026-09-25 09:43:43,32.3,71,0,0,False,False,True
2026-09-25 09:43:45,32.3,71,0,0,False,False,True
2026-09-25 09:43:47,32.3,71,0,0,False,False,True
2026-09-25 09:43:49,32.3,71,0,0,False,False,True
2026-09-25 09:43:51,32.3,71,0,0,False,False,True
2026-09-25 09:43:53,32.3,71,0,0,False,False,True
2026-09-25 09:43:55,32.3,71,0,0,False,False,True
2026-09-25 09:43:57,32.3,71,0,0,False,False,True
2026-09-25 09:43:59,32.3,71,0,0,False,False,True
2026-09-25 09:44:01,32.3,71,0,0,False,False,True
2026-09-25 09:44:03,32.3,71,0,0,False,False,True
2026-09-25 09:44:05,32.3,71,0,0,False,False,True
2026-09-25 09:44:07,32.3,71,0,0,False,False,True
2026-09-25 09:44:09,32.3,71,0,0,False,False,True
2026-09-25 09:44:11,32.3,71,0,0,False,False,True
2026-09-25 09:44:13,32.3,71,0,0,False,False,True
2026-09-25 09:44:15,32.3,71,0,0,False,False,True
2026-09-25 09:44:17,32.3,71,0,0,False,False,True
2026-09-25 09:44:19,32.3,71,0,0,False,False,True
2026-09-25 09:44:21,32.3,71,0,0,False,False,True
2026-09-25 09:44:23,32.3,71,0,0,False,False,True
2026-09-25 09:44:25,32.3,71,0,0,False,False,True
2026-09-25 09:44:27,32.3,71,0,0,False,False,True
2026-09-25 09:44:29,32.3,71,0,0,False,False,True
2026-09-25 09:44:31,32.3,71,0,0,False,False,True
2026-09-25 09:44:33,32.3,71,0,0,False,False,True
2026-09-25 09:44:35,32.3,71,0,0,False,False,True
2026-09-25 09:44:37,32.3,71,0,0,False,False,True
2026-09-25 09:44:39,32.3,71,0,0,False,False,True
2026-09-25 09:44:41,32.3,71,0,0,False,False,True
2026-09-25 09:44:43,32.3,71,0,0,False,False,True
2026-09-25 09:44:45,32.3,71,0,0,False,False,True
2026-09-25 09:44:47,32.3,71,0,0,False,False,True
2026-09-25 09:44:49,32.3,71,0,0,False,False,True
2026-09-25 09:44:51,32.3,71,0,0,False,False,True
2026-09-25 09:44:53,32.3,71,0,0,False,False,True
2026-09-25 09:44:55,32.3,71,0,0,False,False,True
2026-09-25 09:44:57,32.3,71,0,0,False,False,True
2026-09-25 09:44:59,32.3,71,0,0,False,False,True
2026-09-25 09:45:01,32.3,71,0,0,False,False,True
2026-09-25 09:45:03,32.3,71,0,0,False,False,True
2026-09-25 09:45:05,32.3,71,0,0,False,False,True
2026-09-25 09:45:07,32.3,71,0,0,False,False,True
2026-09-25 09:45:09,32.3,71,0,0,False,False,True
2026-09-25 09:45:11,32.3,71,0,0,False,False,True
2026-09-25 09:45:13,32.3,71,0,0,False,False,True
2026-09-25 09:45:15,32.3,71,0,0,False,False,True
2026-09-25 09:45:17,32.3,71,0,0,False,False,True
2026-09-25 09:45:19,32.3,71,0,0,False,False,True
2026-09-25 09:45:21,32.3,71,0,0,False,False,True
2026-09-25 09:45:23,32.3,71,0,0,False,False,True
2026-09-25 09:45:25,32.3,71,0,0,False,False,True
2026-09-25 09:45:27,32.3,71,0,0,False,False,True
2026-09-25 09:45:29,32.3,71,0,0,False,False,True
2026-09-25 09:45:31,32.3,71,0,0,False,False,True
2026-09-25 09:45:33,32.3,71,0,0,False,False,True
2026-09-25 09:45:35,32.3,71,0,0,False,False,True
2026-09-25 09:45:37,32.3,71,0,0,False,False,True
2026-09-25 09:45:39,32.3,71,0,0,False,False,True
2026-09-25 09:45:41,32.3,71,0,0,False,False,True
2026-09-25 09:45:43,32.3,71,0,0,False,False,True
2026-09-25 09:45:45,32.3,71,0,0,False,False,True
2026-09-25 09:45:47,32.4,71,0,0,False,False,True
2026-09-25 09:45:49,32.5,71,0,0,False,False,True
2026-09-25 09:45:51,32.6,71,0,0,False,False,True
2026-09-25 09:45:53,32.7,71,0,0,False,False,True
2026-09-25 09:45:55,32.8,71,0,0,False,False,True
2026-09-25 09:45:57,32.8,71,0,0,False,False,True
2026-09-25 09:45:59,32.8,71,0,0,False,False,True
2026-09-25 09:46:01,32.8,71,0,0,False,False,True
2026-09-25 09:46:03,32.8,71,0,0,False,False,True
2026-09-25 09:46:05,32.8,71,0,0,False,False,True
2026-09-25 09:46:07,32.8,71,0,0,False,False,True
2026-09-25 09:46:09,32.8,71,0,0,False,False,True
2026-09-25 09:46:11,32.8,71,0,0,False,False,True
2026-09-25 09:46:13,32.8,71,0,0,False,False,True
2026-09-25 09:46:15,32.8,71,0,0,False,False,True
2026-09-25 09:46:17,32.8,71,0,0,False,False,True
2026-09-25 09:46:19,32.8,71,0,0,False,False,True
2026-09-25 09:46:21,32.8,71,0,0,False,False,True
2026-09-25 09:46:23,32.8,71,0,0,False,False,True
2026-09-25 09:46:25,32.8,71,0,0,False,False,True
2026-09-25 09:46:27,32.8,71,0,0,False,False,True
2026-09-25 09:46:29,32.8,71,0,0,False,False,True
2026-09-25 09:46:31,32.8,71,0,0,False,False,True
2026-09-25 09:46:33,32.8,71,0,0,False,False,True
2026-09-25 09:46:35,32.8,71,0,0,False,False,True
2026-09-25 09:46:37,32.8,71,0,0,False,False,True
2026-09-25 09:46:39,32.8,71,0,0,False,False,True
2026-09-25 09:46:46,32.8,71,0,0,False,False,True
2026-09-25 09:46:48,32.8,71,0,0,False,False,True
2026-09-25 09:46:50,32.8,71,0,0,False,False,True
2026-09-25 09:46:52,32.8,71,0,0,False,False,True
2026-09-25 09:46:54,32.8,71,0,0,False,False,True
2026-09-25 09:46:56,32.8,71,0,0,False,False,True
2026-09-25 09:46:58,32.8,71,0,0,False,False,True
2026-09-25 09:47:00,32.8,71,0,0,False,False,True
2026-09-25 09:47:02,32.8,71,0,0,False,False,True
2026-09-25 09:47:04,32.8,71,0,0,False,False,True
2026-09-25 09:47:06,32.8,71,0,0,False,False,True
2026-09-25 09:47:08,32.8,71,0,0,False,False,True
2026-09-25 09:47:10,32.8,71,0,0,False,False,True
2026-09-25 09:47:12,32.8,71,0,0,False,False,True
2026-09-25 09:47:14,32.8,71,0,0,False,False,True
2026-09-25 09:47:16,32.8,71,0,0,False,False,True
2026-09-25 09:47:18,32.8,71,0,0,False,False,True
2026-09-25 09:47:20,32.8,71,0,0,False,False,True
2026-09-25 09:47:22,32.8,71,0,0,False,False,True
2026-09-25 09:47:24,32.8,71,0,0,False,False,True
2026-09-25 09:47:26,32.8,71,0,0,False,False,True
2026-09-25 09:47:28,32.8,71,0,0,False,False,True
2026-09-25 09:47:30,32.8,71,0,0,False,False,True
2026-09-25 09:47:32,32.8,71,0,0,False,False,True
2026-09-25 09:47:34,32.8,71,0,0,False,False,True
2026-09-25 09:47:36,32.8,71,0,0,False,False,True
2026-09-25 09:47:38,32.8,71,0,0,False,False,True
2026-09-25 09:47:40,32.8,71,0,0,False,False,True
2026-09-25 09:47:42,32.8,71,0,0,False,False,True
2026-09-25 09:47:44,32.8,71,0,0,False,False,True
2026-09-25 09:47:46,32.8,71,0,0,False,False,True
2026-09-25 09:47:48,32.8,71,0,0,False,False,True
2026-09-25 09:47:50,32.8,71,0,0,False,False,True
2026-09-25 09:47:52,32.8,71,0,0,False,False,True
2026-09-25 09:47:54,32.8,71,0,0,False,False,True
2026-09-25 09:47:56,32.8,71,0,0,False,False,True
2026-09-25 09:47:58,32.8,71,0,0,False,False,True
2026-09-25 09:48:00,32.8,71,0,0,False,False,True
2026-09-25 09:48:02,32.8,71,0,0,False,False,True
2026-09-25 09:48:04,32.8,71,0,0,False,False,True
2026-09-25 09:48:06,32.8,71,0,0,False,False,True
2026-09-25 09:48:08,32.8,71,0,0,False,False,True
2026-09-25 09:48:10,32.8,71,0,0,False,False,True
2026-09-25 09:48:12,32.8,71,0,0,False,False,True
2026-09-25 09:48:14,32.8,71,0,0,False,False,True
2026-09-25 09:48:16,32.8,71,0,0,False,False,True
2026-09-25 09:48:18,32.8,71,0,0,False,False,True
2026-09-25 09:48:20,32.8,71,0,0,False,False,True
2026-09-25 09:48:22,32.8,71,0,0,False,False,True
2026-09-25 09:48:24,32.8,71,0,0,False,False,True
2026-09-25 09:48:26,32.8,71,0,0,False,False,True
2026-09-25 09:48:28,32.8,71,0,0,False,False,True
2026-09-25 09:48:30,32.8,71,0,0,False,False,True
2026-09-25 09:48:32,32.8,71,0,0,False,False,True
2026-09-25 09:48:34,32.8,71,0,0,False,False,True
2026-09-25 09:48:36,32.8,71,0,0,False,False,True
2026-09-25 09:48:38,32.8,71,0,0,False,False,True
2026-09-25 09:48:40,32.8,71,0,0,False,False,True
2026-09-25 09:48:42,32.8,71,0,0,False,False,True
2026-09-25 09:48:44,32.8,71,0,0,False,False,True
2026-09-25 09:48:46,32.8,71,0,0,False,False,True
2026-09-25 09:48:48,32.8,71,0,0,False,False,True
2026-09-25 09:48:50,32.8,71,0,0,False,False,True
2026-09-25 09:48:52,32.8,71,0,0,False,False,True
2026-09-25 09:48:54,32.8,71,0,0,False,False,True
2026-09-25 09:48:56,32.8,71,0,0,False,False,True
2026-09-25 09:48:58,32.8,71,0,0,False,False,True
2026-09-25 09:49:00,32.8,71,0,0,False,False,True
2026-09-25 09:49:02,32.8,71,0,0,False,False,True
2026-09-25 09:49:04,32.8,71,0,0,False,False,True
2026-09-25 09:49:06,32.8,71,0,0,False,False,True
2026-09-25 09:49:08,32.8,71,0,0,False,False,True
2026-09-25 09:49:10,32.8,71,0,0,False,False,True
2026-09-25 09:49:12,32.8,71,0,0,False,False,True
2026-09-25 09:49:14,32.8,71,0,0,False,False,True
2026-09-25 09:49:16,32.8,71,0,0,False,False,True
2026-09-25 09:49:18,32.8,71,0,0,False,False,True
2026-09-25 09:49:20,32.8,71,0,0,False,False,True
2026-09-25 09:49:22,32.8,71,0,0,False,False,True
2026-09-25 09:49:24,32.8,71,0,0,False,False,True
2026-09-25 09:49:26,32.8,71,0,0,False,False,True
2026-09-25 09:49:28,32.8,71,0,0,False,False,True
2026-09-25 09:49:30,32.8,71,0,0,False,False,True
2026-09-25 09:49:32,32.8,71,0,0,False,False,True
2026-09-25 09:49:34,32.8,71,0,0,False,False,True
2026-09-25 09:49:36,32.8,71,0,0,False,False,True
2026-09-25 09:49:38,32.8,71,0,0,False,False,True
2026-09-25 09:49:40,32.8,71,0,0,False,False,True
2026-09-25 09:49:42,32.8,71,0,0,False,False,True
2026-09-25 09:49:44,32.8,71,0,0,False,False,True
2026-09-25 09:49:46,32.8,71,0,0,False,False,True
2026-09-25 09:49:48,32.8,71,0,0,False,False,True
2026-09-25 09:49:50,32.8,71,0,0,False,False,True
2026-09-25 09:49:52,32.8,71,0,0,False,False,True
2026-09-25 09:49:54,32.8,71,0,0,False,False,True
2026-09-25 09:49:56,32.8,71,0,0,False,False,True
2026-09-25 09:49:58,32.8,71,0,0,False,False,True
2026-09-25 09:50:00,32.8,71,0,0,False,False,True
2026-09-25 09:50:02,32.8,71,0,0,False,False,True
2026-09-25 09:50:04,32.8,71,0,0,False,False,True
2026-09-25 09:50:06,32.8,71,0,0,False,False,True
2026-09-25 09:50:08,32.8,71,0,0,False,False,True
2026-09-25 09:50:10,32.8,71,0,0,False,False,True
2026-09-25 09:50:12,32.8,71,0,0,False,False,True
2026-09-25 09:50:14,32.8,71,0,0,False,False,True
2026-09-25 09:50:16,32.8,71,0,0,False,False,True
2026-09-25 09:50:18,32.8,71,0,0,False,False,True
2026-09-25 09:50:20,32.8,71,0,0,False,False,True
2026-09-25 09:50:22,32.8,71,0,0,False,False,True
2026-09-25 09:50:24,32.8,71,0,0,False,False,True
2026-09-25 09:50:26,32.8,72,0,0,False,False,True
2026-09-25 09:50:28,32.8,71,0,0,False,False,True
2026-09-25 09:50:30,32.8,71,0,0,False,False,True
2026-09-25 09:50:32,32.8,71,0,0,False,False,True
2026-09-25 09:50:34,32.8,71,0,0,False,False,True
2026-09-25 09:50:36,32.8,72,0,0,False,False,True
2026-09-25 09:50:38,32.8,72,0,0,False,False,True
2026-09-25 09:50:40,32.8,72,0,0,False,False,True
2026-09-25 09:50:42,32.8,71,0,0,False,False,True
2026-09-25 09:50:44,32.8,71,0,0,False,False,True
2026-09-25 09:50:46,32.8,71,0,0,False,False,True
2026-09-25 09:50:48,32.8,71,0,0,False,False,True
2026-09-25 09:50:50,32.8,71,0,0,False,False,True
2026-09-25 09:50:52,32.8,71,0,0,False,False,True
2026-09-25 09:50:54,32.8,71,0,0,False,False,True
2026-09-25 09:50:56,32.8,71,0,0,False,False,True
2026-09-25 09:50:58,32.8,71,0,0,False,False,True
2026-09-25 09:51:00,32.8,71,0,0,False,False,True
2026-09-25 09:51:02,32.8,71,0,0,False,False,True
2026-09-25 09:51:04,32.8,71,0,0,False,False,True
2026-09-25 09:51:06,32.8,71,0,0,False,False,True
2026-09-25 09:51:08,32.8,71,0,0,False,False,True
2026-09-25 09:51:10,32.8,71,0,0,False,False,True
2026-09-25 09:51:12,32.8,71,0,0,False,False,True
2026-09-25 09:51:14,32.8,71,0,0,False,False,True
2026-09-25 09:51:16,32.8,71,0,0,False,False,True
2026-09-25 09:51:18,32.8,71,0,0,False,False,True
2026-09-25 09:51:20,32.8,71,0,0,False,False,True
2026-09-25 09:51:22,32.8,71,0,0,False,False,True
2026-09-25 09:51:24,32.8,71,0,0,False,False,True
2026-09-25 09:51:26,32.8,71,0,0,False,False,True
2026-09-25 09:51:28,32.8,72,0,0,False,False,True
2026-09-25 09:51:30,32.8,72,0,0,False,False,True
2026-09-25 09:51:32,32.8,72,0,0,False,False,True
2026-09-25 09:51:34,32.8,71,0,0,False,False,True
2026-09-25 09:51:36,32.8,71,0,0,False,False,True
2026-09-25 09:51:38,32.8,72,0,0,False,False,True
2026-09-25 09:51:40,32.8,72,0,0,False,False,True
2026-09-25 09:51:42,32.8,71,0,0,False,False,True
2026-09-25 09:51:44,32.8,71,0,0,False,False,True
2026-09-25 09:51:46,32.8,71,0,0,False,False,True
2026-09-25 09:51:48,32.8,71,0,0,False,False,True
2026-09-25 09:51:50,32.8,71,0,0,False,False,True
2026-09-25 09:51:52,32.8,71,0,0,False,False,True
2026-09-25 09:51:54,32.8,71,0,0,False,False,True
2026-09-25 09:51:56,32.8,71,0,0,False,False,True
2026-09-25 09:51:58,32.8,71,0,0,False,False,True
2026-09-25 09:52:00,32.8,71,0,0,False,False,True
2026-09-25 09:52:02,32.8,71,0,0,False,False,True
2026-09-25 09:52:04,32.8,71,0,0,False,False,True
2026-09-25 09:52:06,32.8,72,0,0,False,False,True
2026-09-25 09:52:08,32.8,71,0,0,False,False,True
2026-09-25 09:52:10,32.8,71,0,0,False,False,True
2026-09-25 09:52:12,32.8,71,0,0,False,False,True
2026-09-25 09:52:14,32.8,71,0,0,False,False,True
2026-09-25 09:52:16,32.8,71,0,0,False,False,True
2026-09-25 09:52:18,32.8,71,0,0,False,False,True
2026-09-25 09:52:20,32.8,71,0,0,False,False,True
2026-09-25 09:52:22,32.8,71,0,0,False,False,True
2026-09-25 09:52:24,32.8,71,0,0,False,False,True
2026-09-25 09:52:26,32.8,71,0,0,False,False,True
2026-09-25 09:52:28,32.8,71,0,0,False,False,True
2026-09-25 09:52:30,32.8,71,0,0,False,False,True
2026-09-25 09:52:32,32.8,71,0,0,False,False,True
2026-09-25 09:52:34,32.8,71,0,0,False,False,True
2026-09-25 09:52:36,32.8,71,0,0,False,False,True
2026-09-25 09:52:38,32.8,72,0,0,False,False,True
2026-09-25 09:52:40,32.8,71,0,0,False,False,True
2026-09-25 09:52:42,32.8,71,0,0,False,False,True
2026-09-25 09:52:44,32.8,71,0,0,False,False,True
2026-09-25 09:52:46,32.8,71,0,0,False,False,True
2026-09-25 09:52:48,32.8,71,0,0,False,False,True
2026-09-25 09:52:50,32.8,71,0,0,False,False,True
2026-09-25 09:52:52,32.8,72,0,0,False,False,True
2026-09-25 09:52:54,32.8,72,0,0,False,False,True
2026-09-25 09:52:56,32.8,71,0,0,False,False,True
2026-09-25 09:52:58,32.8,71,0,0,False,False,True
2026-09-25 09:53:00,32.8,71,0,0,False,False,True
2026-09-25 09:53:02,32.8,71,0,0,False,False,True
2026-09-25 09:53:04,32.8,71,0,0,False,False,True
2026-09-25 09:53:06,32.8,71,0,0,False,False,True
2026-09-25 09:53:08,32.8,72,0,0,False,False,True
2026-09-25 09:53:10,32.8,72,0,0,False,False,True
2026-09-25 09:53:12,32.8,71,0,0,False,False,True
2026-09-25 09:53:14,32.8,71,0,0,False,False,True
2026-09-25 09:53:16,32.8,71,0,0,False,False,True
2026-09-25 09:53:18,32.8,71,0,0,False,False,True
2026-09-25 09:53:20,32.8,71,0,0,False,False,True
2026-09-25 09:53:22,32.8,71,0,0,False,False,True
2026-09-25 09:53:24,32.8,71,0,0,False,False,True
2026-09-25 09:53:26,32.8,71,0,0,False,False,True
2026-09-25 09:53:28,32.8,71,0,0,False,False,True
2026-09-25 09:53:30,32.8,71,0,0,False,False,True
2026-09-25 09:53:32,32.8,71,0,0,False,False,True
2026-09-25 09:53:34,32.8,71,0,0,False,False,True
2026-09-25 09:53:36,32.8,72,0,0,False,False,True
2026-09-25 09:53:38,32.8,72,0,0,False,False,True
2026-09-25 09:53:40,32.8,72,0,0,False,False,True
2026-09-25 09:53:42,32.8,71,0,0,False,False,True
2026-09-25 09:53:44,32.8,72,0,0,False,False,True
2026-09-25 09:53:46,32.8,71,0,0,False,False,True
2026-09-25 09:53:48,32.8,72,0,0,False,False,True
2026-09-25 09:53:50,32.8,71,0,0,False,False,True
2026-09-25 09:53:52,32.8,72,0,0,False,False,True
2026-09-25 09:53:54,32.8,71,0,0,False,False,True
2026-09-25 09:53:56,32.7,71,0,0,False,False,True
2026-09-25 09:53:58,32.7,71,0,0,False,False,True
2026-09-25 09:54:00,32.7,71,0,0,False,False,True
2026-09-25 09:54:02,32.6,71,0,0,False,False,True
2026-09-25 09:54:04,32.6,71,0,0,False,False,True
2026-09-25 09:54:06,32.5,71,0,0,False,False,True
2026-09-25 09:54:08,32.4,71,0,0,False,False,True
2026-09-25 09:54:10,32.4,71,0,0,False,False,True
2026-09-25 09:54:12,32.4,71,0,0,False,False,True
2026-09-25 09:54:14,32.3,71,0,0,False,False,True
2026-09-25 09:54:16,32.3,71,0,0,False,False,True
2026-09-25 09:54:18,32.3,71,0,0,False,False,True
2026-09-25 09:54:20,32.3,72,0,0,False,False,True
2026-09-25 09:54:22,32.3,72,0,0,False,False,True
2026-09-25 09:54:24,32.3,72,0,0,False,False,True
2026-09-25 09:54:26,32.3,72,0,0,False,False,True
2026-09-25 09:54:28,32.3,72,0,0,False,False,True
2026-09-25 09:54:30,32.3,72,0,0,False,False,True
2026-09-25 09:54:32,32.3,72,0,0,False,False,True
2026-09-25 09:54:34,32.3,72,0,0,False,False,True
2026-09-25 09:54:36,32.3,72,0,0,False,False,True
2026-09-25 09:54:38,32.3,72,0,0,False,False,True
2026-09-25 09:54:40,32.3,73,0,0,False,False,True
2026-09-25 09:54:42,32.3,73,0,0,False,False,True
2026-09-25 09:54:44,32.3,73,0,0,False,False,True
2026-09-25 09:54:46,32.3,73,0,0,False,False,True
2026-09-25 09:54:48,32.3,73,0,0,False,False,True
2026-09-25 09:54:50,32.3,73,0,0,False,False,True
2026-09-25 09:54:52,32.3,73,0,0,False,False,True
2026-09-25 09:54:55,32.3,73,0,0,False,False,True
2026-09-25 09:54:57,32.3,72,0,0,False,False,True
2026-09-25 09:54:59,32.3,72,0,0,False,False,True
2026-09-25 09:55:01,32.3,72,0,0,False,False,True
2026-09-25 09:55:03,32.3,72,0,0,False,False,True
2026-09-25 09:55:05,32.3,73,0,0,False,False,True
2026-09-25 09:55:07,32.3,73,0,0,False,False,True
2026-09-25 09:55:09,32.3,73,0,0,False,False,True
2026-09-25 09:55:11,32.3,73,0,0,False,False,True
2026-09-25 09:55:13,32.3,72,0,0,False,False,True
2026-09-25 09:55:15,32.3,72,0,0,False,False,True
2026-09-25 09:55:17,32.3,72,0,0,False,False,True
2026-09-25 09:55:19,32.3,72,0,0,False,False,True
2026-09-25 09:55:21,32.3,72,0,0,False,False,True
2026-09-25 09:55:23,32.3,72,0,0,False,False,True
2026-09-25 09:55:25,32.3,72,0,0,False,False,True
2026-09-25 09:55:27,32.3,72,0,0,False,False,True
2026-09-25 09:55:29,32.3,73,0,0,False,False,True
2026-09-25 09:55:31,32.3,73,0,0,False,False,True
2026-09-25 09:55:33,32.3,72,0,0,False,False,True
2026-09-25 09:55:35,32.3,73,0,0,False,False,True
2026-09-25 09:55:37,32.3,73,0,0,False,False,True
2026-09-25 09:55:39,32.3,73,0,0,False,False,True
2026-09-25 09:55:41,32.3,73,0,0,False,False,True
2026-09-25 09:55:43,32.3,73,0,0,False,False,True
2026-09-25 09:55:45,32.3,72,0,0,False,False,True
2026-09-25 09:55:47,32.3,72,0,0,False,False,True
2026-09-25 09:55:49,32.3,72,0,0,False,False,True
2026-09-25 09:55:51,32.3,73,0,0,False,False,True
2026-09-25 09:55:53,32.3,73,0,0,False,False,True
2026-09-25 09:55:55,32.3,72,0,0,False,False,True
2026-09-25 09:55:57,32.3,72,0,0,False,False,True
2026-09-25 09:55:59,32.3,73,0,0,False,False,True
2026-09-25 09:56:01,32.3,73,0,0,False,False,True
2026-09-25 09:56:03,32.3,72,0,0,False,False,True
2026-09-25 09:56:05,32.3,72,0,0,False,False,True
2026-09-25 09:56:07,32.3,72,0,0,False,False,True
2026-09-25 09:56:09,32.3,72,0,0,False,False,True
2026-09-25 09:56:11,32.3,72,0,0,False,False,True
2026-09-25 09:56:13,32.3,73,0,0,False,False,True
2026-09-25 09:56:15,32.3,73,0,0,False,False,True
2026-09-25 09:56:17,32.3,73,0,0,False,False,True
2026-09-25 09:56:19,32.3,72,0,0,False,False,True
2026-09-25 09:56:21,32.3,72,0,0,False,False,True
2026-09-25 09:56:23,32.3,72,0,0,False,False,True
2026-09-25 09:56:25,32.3,72,0,0,False,False,True
2026-09-25 09:56:27,32.3,72,0,0,False,False,True
2026-09-25 09:56:29,32.3,73,0,0,False,False,True
2026-09-25 09:56:31,32.3,73,0,0,False,False,True
2026-09-25 09:56:43,32.3,73,0,0,False,False,True
2026-09-25 09:56:45,32.3,72,0,0,False,False,True
2026-09-25 09:56:47,32.3,72,0,0,False,False,True
2026-09-25 09:56:49,32.3,72,0,0,False,False,True
2026-09-25 09:56:51,32.3,73,0,0,False,False,True
2026-09-25 09:56:53,32.3,73,0,0,False,False,True
2026-09-25 09:56:55,32.3,73,0,0,False,False,True
2026-09-25 09:56:57,32.3,72,0,0,False,False,True
2026-09-25 09:56:59,32.3,72,0,0,False,False,True
2026-09-25 09:57:01,32.3,73,0,0,False,False,True
2026-09-25 09:57:03,32.3,73,0,0,False,False,True
2026-09-25 09:57:05,32.3,73,0,0,False,False,True
2026-09-25 09:57:07,32.3,73,0,0,False,False,True
2026-09-25 09:57:09,32.3,72,0,0,False,False,True
2026-09-25 09:57:11,32.3,72,0,0,False,False,True
2026-09-25 09:57:13,32.3,72,0,0,False,False,True
2026-09-25 09:57:15,32.3,72,0,0,False,False,True
2026-09-25 09:57:17,32.3,72,0,0,False,False,True
2026-09-25 09:57:19,32.3,73,0,0,False,False,True
2026-09-25 09:57:21,32.3,72,0,0,False,False,True
2026-09-25 09:57:23,32.3,72,0,0,False,False,True
2026-09-25 09:57:25,32.3,72,0,0,False,False,True
2026-09-25 09:57:27,32.3,72,0,0,False,False,True
2026-09-25 09:57:29,32.3,73,0,0,False,False,True
2026-09-25 09:57:31,32.3,73,0,0,False,False,True
2026-09-25 09:57:33,32.3,72,0,0,False,False,True
2026-09-25 09:57:35,32.3,73,0,0,False,False,True
2026-09-25 09:57:37,32.3,72,0,0,False,False,True
2026-09-25 09:57:39,32.3,73,0,0,False,False,True
2026-09-25 09:57:41,32.3,73,0,0,False,False,True
2026-09-25 09:57:43,32.3,73,0,0,False,False,True
2026-09-25 09:57:45,32.3,72,0,0,False,False,True
2026-09-25 09:57:47,32.3,72,0,0,False,False,True
2026-09-25 09:57:49,32.3,72,0,0,False,False,True
2026-09-25 09:57:51,32.3,72,0,0,False,False,True
2026-09-25 09:57:53,32.3,72,0,0,False,False,True
2026-09-25 09:57:55,32.3,73,0,0,False,False,True
2026-09-25 09:57:57,32.3,72,0,0,False,False,True
2026-09-25 09:57:59,32.3,72,0,0,False,False,True
2026-09-25 09:58:01,32.3,72,0,0,False,False,True
2026-09-25 09:58:03,32.3,72,0,0,False,False,True
2026-09-25 09:58:05,32.3,73,0,0,False,False,True
2026-09-25 09:58:07,32.3,73,0,0,False,False,True
2026-09-25 09:58:09,32.3,72,0,0,False,False,True
2026-09-25 09:58:11,32.3,72,0,0,False,False,True
2026-09-25 09:58:13,32.3,72,0,0,False,False,True
2026-09-25 09:58:15,32.3,72,0,0,False,False,True
2026-09-25 09:58:17,32.3,73,0,0,False,False,True
2026-09-25 09:58:19,32.3,72,0,0,False,False,True
2026-09-25 09:58:21,32.3,72,0,0,False,False,True
2026-09-25 09:58:23,32.3,72,0,0,False,False,True
2026-09-25 09:58:25,32.3,72,0,0,False,False,True
2026-09-25 09:58:27,32.3,72,0,0,False,False,True
2026-09-25 09:58:29,32.3,72,0,0,False,False,True
2026-09-25 09:58:31,32.3,72,0,0,False,False,True
2026-09-25 09:58:33,32.3,71,0,0,False,False,True
2026-09-25 09:58:35,32.3,71,0,0,False,False,True
2026-09-25 09:58:37,32.3,71,0,0,False,False,True
2026-09-25 09:58:39,32.3,71,0,0,False,False,True
2026-09-25 09:58:41,32.3,71,0,0,False,False,True
2026-09-25 09:58:43,32.3,71,0,0,False,False,True
2026-09-25 09:58:45,32.3,71,0,0,False,False,True
2026-09-25 09:58:47,32.3,71,0,0,False,False,True
2026-09-25 09:58:49,32.3,71,0,0,False,False,True
2026-09-25 09:58:51,32.3,71,0,0,False,False,True
2026-09-25 09:58:53,32.3,71,0,0,False,False,True
2026-09-25 09:58:55,32.3,71,0,0,False,False,True
2026-09-25 09:58:57,32.3,71,0,0,False,False,True
2026-09-25 09:58:59,32.3,70,0,0,False,False,True
2026-09-25 09:59:01,32.3,71,0,0,False,False,True
2026-09-25 09:59:03,32.3,71,0,0,False,False,True
2026-09-25 09:59:05,32.3,71,0,0,False,False,True
2026-09-25 09:59:07,32.3,71,0,0,False,False,True
2026-09-25 09:59:09,32.3,70,0,0,False,False,True
2026-09-25 09:59:11,32.3,70,0,0,False,False,True
2026-09-25 09:59:13,32.3,70,0,0,False,False,True
2026-09-25 09:59:15,32.3,70,0,0,False,False,True
2026-09-25 09:59:17,32.3,70,0,0,False,False,True
2026-09-25 09:59:19,32.3,70,0,0,False,False,True
2026-09-25 09:59:21,32.3,70,0,0,False,False,True
2026-09-25 09:59:23,32.3,70,0,0,False,False,True
2026-09-25 09:59:25,32.3,70,0,0,False,False,True
2026-09-25 09:59:27,32.3,71,0,0,False,False,True
2026-09-25 09:59:29,32.3,70,0,0,False,False,True
2026-09-25 09:59:31,32.3,71,0,0,False,False,True
2026-09-25 09:59:33,32.3,71,0,0,False,False,True
2026-09-25 09:59:35,32.3,71,0,0,False,False,True
2026-09-25 09:59:37,32.3,71,0,0,False,False,True
2026-09-25 09:59:39,32.3,71,0,0,False,False,True
2026-09-25 09:59:41,32.3,71,0,0,False,False,True
2026-09-25 09:59:43,32.3,71,0,0,False,False,True
2026-09-25 09:59:45,32.3,71,0,0,False,False,True
2026-09-25 09:59:47,32.3,71,0,0,False,False,True
2026-09-25 09:59:49,32.3,71,0,0,False,False,True
2026-09-25 09:59:51,32.3,71,0,0,False,False,True
2026-09-25 09:59:53,32.3,71,0,0,False,False,True
2026-09-25 09:59:55,32.3,71,0,0,False,False,True
2026-09-25 09:59:57,32.3,71,0,0,False,False,True
2026-09-25 09:59:59,32.3,71,0,0,False,False,True
2026-09-25 10:00:01,32.3,71,0,0,False,False,True
2026-09-25 10:00:03,32.3,71,0,0,False,False,True
2026-09-25 10:00:05,32.3,71,0,0,False,False,True
2026-09-25 10:00:07,32.3,71,0,0,False,False,True
2026-09-25 10:00:09,32.3,71,0,0,False,False,True
2026-09-25 10:00:11,32.3,71,0,0,False,False,True
2026-09-25 10:00:13,32.3,71,0,0,False,False,True
2026-09-25 10:00:15,32.3,71,0,0,False,False,True
2026-09-25 10:00:17,32.3,71,0,0,False,False,True
2026-09-25 10:00:19,32.3,71,0,0,False,False,True
2026-09-25 10:00:21,32.3,71,0,0,False,False,True
2026-09-25 10:00:23,32.3,71,0,0,False,False,True
2026-09-25 10:00:25,32.3,71,0,0,False,False,True
2026-09-25 10:00:27,32.3,71,0,0,False,False,True
2026-09-25 10:00:29,32.3,71,0,0,False,False,True
2026-09-25 10:00:31,32.5,71,0,0,False,False,True
2026-09-25 10:00:33,32.5,71,0,0,False,False,True
2026-09-25 10:00:35,32.6,71,0,0,False,False,True
2026-09-25 10:00:37,32.7,71,0,0,False,False,True
2026-09-25 10:00:39,32.8,71,0,0,False,False,True
2026-09-25 10:00:41,32.8,71,0,0,False,False,True
2026-09-25 10:00:43,32.8,71,0,0,False,False,True
2026-09-25 10:00:45,32.8,71,0,0,False,False,True
2026-09-25 10:00:47,32.8,71,0,0,False,False,True
2026-09-25 10:00:49,32.8,71,0,0,False,False,True
2026-09-25 10:00:51,32.8,71,0,0,False,False,True
2026-09-25 10:00:53,32.8,71,0,0,False,False,True
2026-09-25 10:00:55,32.8,71,0,0,False,False,True
2026-09-25 10:00:57,32.8,71,0,0,False,False,True
2026-09-25 10:00:59,32.8,71,0,0,False,False,True
2026-09-25 10:01:01,32.8,71,0,0,False,False,True
2026-09-25 10:01:03,32.8,71,0,0,False,False,True
2026-09-25 10:01:05,32.8,71,0,0,False,False,True
2026-09-25 10:01:07,32.8,71,0,0,False,False,True
2026-09-25 10:01:09,32.8,71,0,0,False,False,True
2026-09-25 10:01:11,32.8,71,0,0,False,False,True
2026-09-25 10:01:13,32.8,71,0,0,False,False,True
2026-09-25 10:01:15,32.8,71,0,0,False,False,True
2026-09-25 10:01:17,32.8,71,0,0,False,False,True
2026-09-25 10:01:19,32.8,71,0,0,False,False,True
2026-09-25 10:01:21,32.8,71,0,0,False,False,True
2026-09-25 10:01:23,32.8,71,0,0,False,False,True
2026-09-25 10:01:25,32.8,71,0,0,False,False,True
2026-09-25 10:01:27,32.8,71,0,0,False,False,True
2026-09-25 10:01:29,32.8,71,0,0,False,False,True
2026-09-25 10:01:31,32.8,71,0,0,False,False,True
2026-09-25 10:01:33,32.8,71,0,0,False,False,True
2026-09-25 10:01:35,32.8,71,0,0,False,False,True
2026-09-25 10:01:37,32.8,71,0,0,False,False,True
2026-09-25 10:01:39,32.8,71,0,0,False,False,True
2026-09-25 10:01:41,32.8,71,0,0,False,False,True
2026-09-25 10:01:43,32.8,71,0,0,False,False,True
2026-09-25 10:01:45,32.8,71,0,0,False,False,True
2026-09-25 10:01:47,32.8,70,0,0,False,False,True
2026-09-25 10:01:49,32.8,70,0,0,False,False,True
2026-09-25 10:01:51,32.8,70,0,0,False,False,True
2026-09-25 10:01:53,32.8,70,0,0,False,False,True
2026-09-25 10:01:55,32.8,71,0,0,False,False,True
2026-09-25 10:01:57,32.8,71,0,0,False,False,True
2026-09-25 10:01:59,32.8,70,0,0,False,False,True
2026-09-25 10:02:01,32.8,70,0,0,False,False,True
2026-09-25 10:02:03,32.8,70,0,0,False,False,True
2026-09-25 10:02:05,32.8,70,0,0,False,False,True
2026-09-25 10:02:07,32.8,70,0,0,False,False,True
2026-09-25 10:02:09,32.8,70,0,0,False,False,True
2026-09-25 10:02:11,32.8,70,0,0,False,False,True
2026-09-25 10:02:13,32.8,70,0,0,False,False,True
2026-09-25 10:02:15,32.8,70,0,0,False,False,True
2026-09-25 10:02:17,32.8,70,0,0,False,False,True
2026-09-25 10:02:19,32.8,70,0,0,False,False,True
2026-09-25 10:02:21,32.8,70,0,0,False,False,True
2026-09-25 10:02:23,32.8,70,0,0,False,False,True
2026-09-25 10:02:25,32.8,70,0,0,False,False,True
2026-09-25 10:02:27,32.8,70,0,0,False,False,True
2026-09-25 10:02:29,32.8,70,0,0,False,False,True
2026-09-25 10:02:31,32.8,70,0,0,False,False,True
2026-09-25 10:02:33,32.8,71,0,0,False,False,True
2026-09-25 10:02:35,32.8,70,0,0,False,False,True
2026-09-25 10:02:37,32.8,70,0,0,False,False,True
2026-09-25 10:02:39,32.8,70,0,0,False,False,True
2026-09-25 10:02:44,32.8,70,0,0,False,False,True
2026-09-25 10:02:46,32.8,70,0,0,False,False,True
2026-09-25 10:02:48,32.8,70,0,0,False,False,True
2026-09-25 10:02:50,32.8,70,0,0,False,False,True
2026-09-25 10:02:52,32.9,70,0,0,False,False,True
2026-09-25 10:02:54,33,69,0,0,False,False,True
2026-09-25 10:02:56,33.2,69,0,0,False,False,True
2026-09-25 10:02:58,33.3,69,0,0,False,False,True
2026-09-25 10:03:00,33.3,69,0,0,False,False,True
2026-09-25 10:03:02,33.3,68,0,0,False,False,True
2026-09-25 10:03:04,33.3,68,0,0,False,False,True
2026-09-25 10:03:06,33.3,69,0,0,False,False,True
2026-09-25 10:03:08,33.3,69,0,0,False,False,True
2026-09-25 10:03:10,33.3,68,0,0,False,False,True
2026-09-25 10:03:12,33.3,68,0,0,False,False,True
2026-09-25 10:03:14,33.3,68,0,0,False,False,True
2026-09-25 10:03:16,33.3,68,0,0,False,False,True
2026-09-25 10:03:18,33.3,68,0,0,False,False,True
2026-09-25 10:03:20,33.3,68,0,0,False,False,True
2026-09-25 10:03:22,33.3,68,0,0,False,False,True
2026-09-25 10:03:24,33.3,68,0,0,False,False,True
2026-09-25 10:03:26,33.3,68,0,0,False,False,True
2026-09-25 10:03:28,33.3,68,0,0,False,False,True
2026-09-25 10:03:30,33.3,68,0,0,False,False,True
2026-09-25 10:03:32,33.3,68,0,0,False,False,True
2026-09-25 10:03:34,33.3,68,0,0,False,False,True
2026-09-25 10:03:36,33.3,68,0,0,False,False,True
2026-09-25 10:03:38,33.3,68,0,0,False,False,True
2026-09-25 10:03:40,33.3,68,0,0,False,False,True
2026-09-25 10:03:42,33.3,68,0,0,False,False,True
2026-09-25 10:03:44,33.3,68,0,0,False,False,True
2026-09-25 10:03:46,33.3,68,0,0,False,False,True
2026-09-25 10:03:48,33.3,68,0,0,False,False,True
2026-09-25 10:03:50,33.3,68,0,0,False,False,True
2026-09-25 10:03:52,33.3,68,0,0,False,False,True
2026-09-25 10:03:54,33.3,68,0,0,False,False,True
2026-09-25 10:03:56,33.3,68,0,0,False,False,True
2026-09-25 10:03:58,33.3,68,0,0,False,False,True
2026-09-25 10:04:00,33.3,68,0,0,False,False,True
2026-09-25 10:04:02,33.3,68,0,0,False,False,True
2026-09-25 10:04:04,33.3,68,0,0,False,False,True
2026-09-25 10:04:06,33.3,68,0,0,False,False,True
2026-09-25 10:04:08,33.3,68,0,0,False,False,True
2026-09-25 10:04:10,33.3,68,0,0,False,False,True
2026-09-25 10:04:12,33.3,68,0,0,False,False,True
2026-09-25 10:04:14,33.3,68,0,0,False,False,True
2026-09-25 10:04:16,33.3,68,0,0,False,False,True
2026-09-25 10:04:18,33.3,68,0,0,False,False,True
2026-09-25 10:04:20,33.3,68,0,0,False,False,True
2026-09-25 10:04:22,33.3,69,0,0,False,False,True
2026-09-25 10:04:24,33.3,69,0,0,False,False,True
2026-09-25 10:04:26,33.3,68,0,0,False,False,True
2026-09-25 10:04:28,33.3,68,0,0,False,False,True
2026-09-25 10:04:30,33.3,68,0,0,False,False,True
2026-09-25 10:04:32,33.3,68,0,0,False,False,True
2026-09-25 10:04:34,33.3,68,0,0,False,False,True
2026-09-25 10:04:36,33.3,68,0,0,False,False,True
2026-09-25 10:04:38,33.3,68,0,0,False,False,True
2026-09-25 10:04:40,33.3,68,0,0,False,False,True
2026-09-25 10:04:42,33.3,68,0,0,False,False,True
2026-09-25 10:04:44,33.3,68,0,0,False,False,True
2026-09-25 10:04:46,33.3,68,0,0,False,False,True
2026-09-25 10:04:48,33.3,68,0,0,False,False,True
2026-09-25 10:04:50,33.3,68,0,0,False,False,True
2026-09-25 10:04:52,33.3,68,0,0,False,False,True
2026-09-25 10:04:54,33.3,68,0,0,False,False,True
2026-09-25 10:04:56,33.3,68,0,0,False,False,True
2026-09-25 10:04:58,33.3,69,0,0,False,False,True
2026-09-25 10:05:00,33.3,68,0,0,False,False,True
2026-09-25 10:05:02,33.3,68,0,0,False,False,True
2026-09-25 10:05:04,33.3,68,0,0,False,False,True
2026-09-25 10:05:06,33.3,68,0,0,False,False,True
2026-09-25 10:05:08,33.3,68,0,0,False,False,True
2026-09-25 10:05:10,33.3,68,0,0,False,False,True
2026-09-25 10:05:12,33.3,68,0,0,False,False,True
2026-09-25 10:05:14,33.3,68,0,0,False,False,True
2026-09-25 10:05:16,33.3,68,0,0,False,False,True
2026-09-25 10:05:18,33.3,68,0,0,False,False,True
2026-09-25 10:05:20,33.3,68,0,0,False,False,True
2026-09-25 10:05:22,33.3,68,0,0,False,False,True
2026-09-25 10:05:24,33.3,68,0,0,False,False,True
2026-09-25 10:05:26,33.3,67,0,0,False,False,True
2026-09-25 10:05:28,33.3,68,0,0,False,False,True
2026-09-25 10:05:30,33.3,68,0,0,False,False,True
2026-09-25 10:05:33,33.3,68,0,0,False,False,True
2026-09-25 10:05:35,33.3,68,0,0,False,False,True
2026-09-25 10:05:37,33.3,68,0,0,False,False,True
2026-09-25 10:05:39,33.3,68,0,0,False,False,True
2026-09-25 10:05:41,33.3,68,0,0,False,False,True
2026-09-25 10:05:43,33.3,68,0,0,False,False,True
2026-09-25 10:05:45,33.3,68,0,0,False,False,True
2026-09-25 10:05:47,33.3,68,0,0,False,False,True
2026-09-25 10:05:49,33.3,68,0,0,False,False,True
2026-09-25 10:05:51,33.3,68,0,0,False,False,True
2026-09-25 10:05:53,33.3,68,0,0,False,False,True
2026-09-25 10:05:55,33.3,68,0,0,False,False,True
2026-09-25 10:05:57,33.3,68,0,0,False,False,True
2026-09-25 10:05:59,33.3,68,0,0,False,False,True
2026-09-25 10:06:01,33.3,68,0,0,False,False,True
2026-09-25 10:06:03,33.3,68,0,0,False,False,True
2026-09-25 10:06:05,33.3,68,0,0,False,False,True
2026-09-25 10:06:07,33.3,68,0,0,False,False,True
2026-09-25 10:06:09,33.3,68,0,0,False,False,True
2026-09-25 10:06:11,33.3,68,0,0,False,False,True
2026-09-25 10:06:13,33.3,68,0,0,False,False,True
2026-09-25 10:06:15,33.3,69,0,0,False,False,True
2026-09-25 10:06:17,33.3,68,0,0,False,False,True
2026-09-25 10:06:19,33.3,68,0,0,False,False,True
2026-09-25 10:06:21,33.3,68,0,0,False,False,True
2026-09-25 10:06:23,33.4,68,0,0,False,False,True
2026-09-25 10:06:25,33.4,68,0,0,False,False,True
2026-09-25 10:06:27,33.4,68,0,0,False,False,True
2026-09-25 10:06:29,33.4,68,0,0,False,False,True
2026-09-25 10:06:31,33.4,68,0,0,False,False,True
2026-09-25 10:06:33,33.4,69,0,0,False,False,True
2026-09-25 10:06:35,33.6,68,0,0,False,False,True
2026-09-25 10:06:37,33.5,68,0,0,False,False,True
2026-09-25 10:06:39,33.5,68,0,0,False,False,True
2026-09-25 10:06:41,33.5,68,0,0,False,False,True
2026-09-25 10:06:43,33.6,68,0,0,False,False,True
2026-09-25 10:06:45,33.8,69,0,0,False,False,True
2026-09-25 10:06:47,33.8,69,0,0,False,False,True
2026-09-25 10:06:49,33.7,68,0,0,False,False,True
2026-09-25 10:06:51,33.7,68,0,0,False,False,True
2026-09-25 10:06:53,33.7,68,0,0,False,False,True
2026-09-25 10:06:55,33.8,68,0,0,False,False,True
2026-09-25 10:06:57,33.7,68,0,0,False,False,True
2026-09-25 10:06:59,33.8,68,0,0,False,False,True
2026-09-25 10:07:01,33.8,68,0,0,False,False,True
2026-09-25 10:07:03,33.8,68,0,0,False,False,True
2026-09-25 10:07:05,33.8,68,0,0,False,False,True
2026-09-25 10:07:07,33.8,68,0,0,False,False,True
2026-09-25 10:07:09,33.8,68,0,0,False,False,True
2026-09-25 10:07:11,33.8,68,0,0,False,False,True
2026-09-25 10:07:13,33.8,68,0,0,False,False,True
2026-09-25 10:07:15,33.8,68,0,0,False,False,True
2026-09-25 10:07:17,33.8,68,0,0,False,False,True
2026-09-25 10:07:19,33.8,68,0,0,False,False,True
2026-09-25 10:07:21,33.8,68,0,0,False,False,True
2026-09-25 10:07:23,33.8,68,0,0,False,False,True
2026-09-25 10:07:25,33.8,68,0,0,False,False,True
2026-09-25 10:07:27,33.8,68,0,0,False,False,True
2026-09-25 10:07:29,33.8,68,0,0,False,False,True
2026-09-25 10:07:31,33.8,68,0,0,False,False,True
2026-09-25 10:07:33,33.8,68,0,0,False,False,True
2026-09-25 10:07:35,33.8,69,0,0,False,False,True
2026-09-25 10:07:37,33.8,68,0,0,False,False,True
2026-09-25 10:07:39,33.8,68,0,0,False,False,True
2026-09-25 10:07:41,33.8,68,0,0,False,False,True
2026-09-25 10:07:43,33.8,68,0,0,False,False,True
2026-09-25 10:07:45,33.8,68,0,0,False,False,True
2026-09-25 10:07:47,33.8,68,0,0,False,False,True
2026-09-25 10:07:49,33.8,67,0,0,False,False,True
2026-09-25 10:07:51,33.8,67,0,0,False,False,True
2026-09-25 10:07:53,33.8,67,0,0,False,False,True
2026-09-25 10:07:55,33.8,68,0,0,False,False,True
2026-09-25 10:07:57,33.8,68,0,0,False,False,True
2026-09-25 10:07:59,33.8,68,0,0,False,False,True
2026-09-25 10:08:01,33.8,68,0,0,False,False,True
2026-09-25 10:08:03,33.8,68,0,0,False,False,True
2026-09-25 10:08:05,33.8,68,0,0,False,False,True
2026-09-25 10:08:07,33.8,68,0,0,False,False,True
2026-09-25 10:08:09,33.8,68,0,0,False,False,True
2026-09-25 10:08:11,33.8,68,0,0,False,False,True
2026-09-25 10:08:13,33.8,68,0,0,False,False,True
2026-09-25 10:08:15,33.8,68,0,0,False,False,True
2026-09-25 10:08:17,33.8,68,0,0,False,False,True
2026-09-25 10:08:19,33.8,68,0,0,False,False,True
2026-09-25 10:08:21,33.8,68,0,0,False,False,True
2026-09-25 10:08:23,33.8,68,0,0,False,False,True
2026-09-25 10:08:25,33.8,68,0,0,False,False,True
2026-09-25 10:08:27,33.8,68,0,0,False,False,True
2026-09-25 10:08:29,33.8,68,0,0,False,False,True
2026-09-25 10:08:31,33.8,68,0,0,False,False,True
2026-09-25 10:08:33,33.8,68,0,0,False,False,True
2026-09-25 10:08:35,33.8,68,0,0,False,False,True
2026-09-25 10:08:37,33.8,68,0,0,False,False,True
2026-09-25 10:08:39,33.8,68,0,0,False,False,True
2026-09-25 10:08:41,33.8,68,0,0,False,False,True
2026-09-25 10:08:43,33.8,68,0,0,False,False,True
2026-09-25 10:08:45,33.8,68,0,0,False,False,True
2026-09-25 10:08:47,33.8,68,0,0,False,False,True
2026-09-25 10:08:49,33.8,68,0,0,False,False,True
2026-09-25 10:08:51,33.8,68,0,0,False,False,True
2026-09-25 10:08:53,33.8,68,0,0,False,False,True
2026-09-25 10:08:55,33.8,68,0,0,False,False,True
2026-09-25 10:08:57,33.8,68,0,0,False,False,True
2026-09-25 10:08:59,33.8,68,0,0,False,False,True
2026-09-25 10:09:01,33.8,68,0,0,False,False,True
2026-09-25 10:09:03,33.8,68,0,0,False,False,True
2026-09-25 10:09:05,33.8,68,0,0,False,False,True
2026-09-25 10:09:07,33.8,68,0,0,False,False,True
2026-09-25 10:09:09,33.8,68,0,0,False,False,True
2026-09-25 10:09:11,33.8,68,0,0,False,False,True
2026-09-25 10:09:13,33.8,68,0,0,False,False,True
2026-09-25 10:09:15,33.8,68,0,0,False,False,True
2026-09-25 10:09:17,33.8,68,0,0,False,False,True
2026-09-25 10:09:19,33.8,68,0,0,False,False,True
2026-09-25 10:09:21,33.8,68,0,0,False,False,True
2026-09-25 10:09:23,33.8,68,0,0,False,False,True
2026-09-25 10:09:25,33.8,68,0,0,False,False,True
2026-09-25 10:09:27,33.8,68,0,0,False,False,True
2026-09-25 10:09:29,33.8,68,0,0,False,False,True
2026-09-25 10:09:31,33.8,68,0,0,False,False,True
2026-09-25 10:09:33,33.8,68,0,0,False,False,True
2026-09-25 10:09:35,33.8,68,0,0,False,False,True
2026-09-25 10:09:37,33.8,68,0,0,False,False,True
2026-09-25 10:09:39,33.8,68,0,0,False,False,True
2026-09-25 10:09:41,33.8,68,0,0,False,False,True
2026-09-25 10:09:43,33.8,68,0,0,False,False,True
2026-09-25 10:09:45,33.8,68,0,0,False,False,True
2026-09-25 10:09:47,33.8,68,0,0,False,False,True
2026-09-25 10:09:49,33.8,68,0,0,False,False,True
2026-09-25 10:09:51,33.8,68,0,0,False,False,True
2026-09-25 10:09:53,33.8,68,0,0,False,False,True
2026-09-25 10:09:55,33.8,68,0,0,False,False,True
2026-09-25 10:09:57,33.8,68,0,0,False,False,True
2026-09-25 10:09:59,33.8,68,0,0,False,False,True
2026-09-25 10:10:01,33.8,68,0,0,False,False,True
2026-09-25 10:10:03,33.8,68,0,0,False,False,True
2026-09-25 10:10:05,33.8,68,0,0,False,False,True
2026-09-25 10:10:07,33.8,68,0,0,False,False,True
2026-09-25 10:10:09,33.8,68,0,0,False,False,True
2026-09-25 10:10:11,33.8,68,0,0,False,False,True
2026-09-25 10:10:13,33.8,69,0,0,False,False,True
2026-09-25 10:10:15,33.8,68,0,0,False,False,True
2026-09-25 10:10:17,33.8,68,0,0,False,False,True
2026-09-25 10:10:19,33.8,68,0,0,False,False,True
2026-09-25 10:10:21,33.8,69,0,0,False,False,True
2026-09-25 10:10:23,33.8,69,0,0,False,False,True
2026-09-25 10:10:25,33.8,68,0,0,False,False,True
2026-09-25 10:10:27,33.8,68,0,0,False,False,True
2026-09-25 10:10:29,33.8,68,0,0,False,False,True
2026-09-25 10:10:31,33.8,68,0,0,False,False,True
2026-09-25 10:10:33,33.8,68,0,0,False,False,True
2026-09-25 10:10:35,33.8,68,0,0,False,False,True
2026-09-25 10:10:37,33.8,68,0,0,False,False,True
2026-09-25 10:10:39,33.8,68,0,0,False,False,True
2026-09-25 10:10:41,33.8,68,0,0,False,False,True
2026-09-25 10:10:43,33.8,68,0,0,False,False,True
2026-09-25 10:10:45,33.8,68,0,0,False,False,True
2026-09-25 10:10:47,33.8,68,0,0,False,False,True
2026-09-25 10:10:49,33.8,68,0,0,False,False,True
2026-09-25 10:10:51,33.8,68,0,0,False,False,True
2026-09-25 10:10:53,33.8,68,0,0,False,False,True
2026-09-25 10:10:55,33.6,68,0,0,False,False,True
2026-09-25 10:10:57,33.5,68,0,0,False,False,True
2026-09-25 10:10:59,33.5,68,0,0,False,False,True
2026-09-25 10:11:01,33.5,68,0,0,False,False,True
2026-09-25 10:11:03,33.3,68,0,0,False,False,True
2026-09-25 10:11:05,33.3,69,0,0,False,False,True
2026-09-25 10:11:07,33.3,69,0,0,False,False,True
2026-09-25 10:11:09,33.3,69,0,0,False,False,True
2026-09-25 10:11:11,33.3,69,0,0,False,False,True
2026-09-25 10:11:13,33.3,69,0,0,False,False,True
2026-09-25 10:11:17,ERR,ERR,ERR,ERR,False,False,False
2026-09-25 10:11:19,33.3,69,0,0,False,False,True
2026-09-25 10:11:21,33.3,69,0,0,False,False,True
2026-09-25 10:11:23,33.3,69,0,0,False,False,True
2026-09-25 10:11:25,33.3,69,0,0,False,False,True
2026-09-25 10:11:27,33.3,69,0,0,False,False,True
2026-09-25 10:11:29,33.3,69,0,0,False,False,True
2026-09-25 10:11:31,33.3,69,0,0,False,False,True
2026-09-25 10:11:33,33.3,69,0,0,False,False,True
2026-09-25 10:11:35,33.3,69,0,0,False,False,True
2026-09-25 10:11:37,33.3,69,0,0,False,False,True
2026-09-25 10:11:39,33.3,69,0,0,False,False,True
2026-09-25 10:11:41,33.3,69,0,0,False,False,True
2026-09-25 10:11:43,33.3,69,0,0,False,False,True
2026-09-25 10:11:45,33.3,69,0,0,False,False,True
2026-09-25 10:11:47,33.3,69,0,0,False,False,True
2026-09-25 10:11:49,33.3,69,0,0,False,False,True
2026-09-25 10:11:51,33.3,69,0,0,False,False,True
2026-09-25 10:11:53,33.3,69,0,0,False,False,True
2026-09-25 10:11:55,33.3,69,0,0,False,False,True
2026-09-25 10:11:57,33.3,69,0,0,False,False,True
2026-09-25 10:11:59,33.3,69,0,0,False,False,True
2026-09-25 10:12:01,33.3,69,0,0,False,False,True
2026-09-25 10:12:03,33.3,69,0,0,False,False,True
2026-09-25 10:12:05,33.3,69,0,0,False,False,True
2026-09-25 10:12:07,33.3,69,0,0,False,False,True
2026-09-25 10:12:09,33.3,69,0,0,False,False,True
2026-09-25 10:12:11,33.3,69,0,0,False,False,True
2026-09-25 10:12:13,33.3,69,0,0,False,False,True
2026-09-25 10:12:15,33.3,69,0,0,False,False,True
2026-09-25 10:12:17,33.3,70,0,0,False,False,True
2026-09-25 10:12:19,33.3,69,0,0,False,False,True
2026-09-25 10:12:21,33.3,69,0,0,False,False,True
2026-09-25 10:12:23,33.3,69,0,0,False,False,True
2026-09-25 10:12:25,33.3,69,0,0,False,False,True
2026-09-25 10:12:27,33.3,70,0,0,False,False,True
2026-09-25 10:12:29,33.3,69,0,0,False,False,True
2026-09-25 10:12:31,33.3,69,0,0,False,False,True
2026-09-25 10:12:33,33.3,69,0,0,False,False,True
2026-09-25 10:12:35,33.3,69,0,0,False,False,True
2026-09-25 10:12:37,33.3,69,0,0,False,False,True
2026-09-25 10:12:39,33.3,69,0,0,False,False,True
2026-09-25 10:12:41,33.3,69,0,0,False,False,True
2026-09-25 10:12:43,33.3,69,0,0,False,False,True
2026-09-25 10:12:45,33.3,70,0,0,False,False,True
2026-09-25 10:12:47,33.3,69,0,0,False,False,True
2026-09-25 10:12:49,33.3,69,0,0,False,False,True
2026-09-25 10:12:51,33.3,69,0,0,False,False,True
2026-09-25 10:12:53,33.3,69,0,0,False,False,True
2026-09-25 10:12:55,33.3,69,0,0,False,False,True
2026-09-25 10:12:57,33.3,69,0,0,False,False,True
2026-09-25 10:12:59,33.3,70,0,0,False,False,True
2026-09-25 10:13:01,33.3,70,0,0,False,False,True
2026-09-25 10:13:03,33.3,69,0,0,False,False,True
2026-09-25 10:13:05,33.3,69,0,0,False,False,True
2026-09-25 10:13:07,33.3,69,0,0,False,False,True
2026-09-25 10:13:09,33.3,70,0,0,False,False,True
2026-09-25 10:13:11,33.3,70,0,0,False,False,True
2026-09-25 10:13:13,33.3,70,0,0,False,False,True
2026-09-25 10:13:15,33.3,70,0,0,False,False,True
2026-09-25 10:13:17,33.3,70,0,0,False,False,True
2026-09-25 10:13:19,33.3,70,0,0,False,False,True
2026-09-25 10:13:21,33.3,70,0,0,False,False,True
2026-09-25 10:13:23,33.3,70,0,0,False,False,True
2026-09-25 10:13:25,33.3,70,0,0,False,False,True
2026-09-25 10:13:27,33.3,70,0,0,False,False,True
2026-09-25 10:13:29,33.3,70,0,0,False,False,True
2026-09-25 10:13:31,33.3,70,0,0,False,False,True
2026-09-25 10:13:33,33.3,70,0,0,False,False,True
2026-09-25 10:13:35,33.3,70,0,0,False,False,True
2026-09-25 10:13:37,33.3,70,0,0,False,False,True
2026-09-25 10:13:39,33.3,70,0,0,False,False,True
2026-09-25 10:13:41,33.3,70,0,0,False,False,True
2026-09-25 10:13:43,33.3,70,0,0,False,False,True
2026-09-25 10:13:45,33.3,70,0,0,False,False,True
2026-09-25 10:13:47,33.3,70,0,0,False,False,True
2026-09-25 10:13:49,33.3,70,0,0,False,False,True
2026-09-25 10:13:51,33.3,70,0,0,False,False,True
2026-09-25 10:13:53,33.3,70,0,0,False,False,True
2026-09-25 10:13:55,33.3,70,0,0,False,False,True
2026-09-25 10:13:57,33.3,70,0,0,False,False,True
2026-09-25 10:13:59,33.3,69,0,0,False,False,True
2026-09-25 10:14:01,33.3,69,0,0,False,False,True
2026-09-25 10:14:03,33.3,69,0,0,False,False,True
2026-09-25 10:14:05,33.3,70,0,0,False,False,True
2026-09-25 10:14:07,33.3,70,0,0,False,False,True
2026-09-25 10:14:09,33.3,70,0,0,False,False,True
2026-09-25 10:14:11,33.3,70,0,0,False,False,True
2026-09-25 10:14:13,33.3,70,0,0,False,False,True
2026-09-25 10:14:15,33.2,70,0,0,False,False,True
2026-09-25 10:14:17,32.9,71,0,0,False,False,True
2026-09-25 10:14:19,32.8,71,0,0,False,False,True
2026-09-25 10:14:21,32.8,71,0,0,False,False,True
2026-09-25 10:14:23,32.8,71,0,0,False,False,True
2026-09-25 10:14:25,32.8,71,0,0,False,False,True
2026-09-25 10:14:27,32.8,71,0,0,False,False,True
2026-09-25 10:14:29,32.8,71,0,0,False,False,True
2026-09-25 10:14:31,32.8,71,0,0,False,False,True
2026-09-25 10:14:33,32.8,71,0,0,False,False,True
2026-09-25 10:14:35,32.8,71,0,0,False,False,True
2026-09-25 10:14:37,32.8,71,0,0,False,False,True
2026-09-25 10:14:39,32.8,71,0,0,False,False,True
2026-09-25 10:14:41,32.8,71,0,0,False,False,True
2026-09-25 10:14:43,32.8,71,0,0,False,False,True
2026-09-25 10:14:45,32.8,71,0,0,False,False,True
2026-09-25 10:14:47,32.8,71,0,0,False,False,True
2026-09-25 10:14:49,32.8,71,0,0,False,False,True
2026-09-25 10:14:51,32.8,71,0,0,False,False,True
2026-09-25 10:14:53,32.8,71,0,0,False,False,True
2026-09-25 10:14:55,32.8,71,0,0,False,False,True
2026-09-25 10:14:57,32.8,71,0,0,False,False,True
2026-09-25 10:14:59,32.8,71,0,0,False,False,True
2026-09-25 10:15:01,32.8,71,0,0,False,False,True
2026-09-25 10:15:03,32.8,71,0,0,False,False,True
2026-09-25 10:15:05,32.8,71,0,0,False,False,True
2026-09-25 10:15:07,32.8,71,0,0,False,False,True
2026-09-25 10:15:09,32.8,71,0,0,False,False,True
2026-09-25 10:15:11,32.8,71,0,0,False,False,True
2026-09-25 10:15:13,32.8,71,0,0,False,False,True
2026-09-25 10:15:15,32.8,71,0,0,False,False,True
2026-09-25 10:15:17,32.8,71,0,0,False,False,True
2026-09-25 10:15:19,32.8,71,0,0,False,False,True
2026-09-25 10:15:21,32.8,71,0,0,False,False,True
2026-09-25 10:15:23,32.8,71,0,0,False,False,True
2026-09-25 10:15:25,32.8,71,0,0,False,False,True
2026-09-25 10:15:27,32.8,71,0,0,False,False,True
2026-09-25 10:15:29,32.8,71,0,0,False,False,True
2026-09-25 10:15:31,32.8,71,0,0,False,False,True
2026-09-25 10:15:33,32.8,71,0,0,False,False,True
2026-09-25 10:15:35,32.8,71,0,0,False,False,True
2026-09-25 10:15:37,32.8,71,0,0,False,False,True
2026-09-25 10:15:39,32.8,72,0,0,False,False,True
2026-09-25 10:15:41,32.8,72,0,0,False,False,True
2026-09-25 10:15:43,32.8,72,0,0,False,False,True
2026-09-25 10:15:45,32.8,72,0,0,False,False,True
2026-09-25 10:15:47,32.8,71,0,0,False,False,True
2026-09-25 10:15:49,32.8,71,0,0,False,False,True
2026-09-25 10:15:51,32.8,71,0,0,False,False,True
2026-09-25 10:15:53,32.8,71,0,0,False,False,True
2026-09-25 10:15:55,32.8,71,0,0,False,False,True
2026-09-25 10:15:57,32.8,71,0,0,False,False,True
2026-09-25 10:15:59,32.8,71,0,0,False,False,True
2026-09-25 10:16:01,32.8,71,0,0,False,False,True
2026-09-25 10:16:03,32.8,71,0,0,False,False,True
2026-09-25 10:16:05,32.8,71,0,0,False,False,True
2026-09-25 10:16:07,32.8,71,0,0,False,False,True
2026-09-25 10:16:09,32.8,71,0,0,False,False,True
2026-09-25 10:16:11,32.8,71,0,0,False,False,True
2026-09-25 10:16:13,32.8,71,0,0,False,False,True
2026-09-25 10:16:15,32.8,71,0,0,False,False,True
2026-09-25 10:16:17,32.8,71,0,0,False,False,True
2026-09-25 10:16:19,32.8,71,0,0,False,False,True
2026-09-25 10:16:21,32.8,71,0,0,False,False,True
2026-09-25 10:16:23,32.8,71,0,0,False,False,True
2026-09-25 10:16:25,32.8,71,0,0,False,False,True
2026-09-25 10:16:27,32.8,71,0,0,False,False,True
2026-09-25 10:16:29,32.8,71,0,0,False,False,True
2026-09-25 10:16:31,32.8,71,0,0,False,False,True
2026-09-25 10:16:33,32.8,71,0,0,False,False,True
2026-09-25 10:16:35,32.8,71,0,0,False,False,True
2026-09-25 10:16:37,32.8,71,0,0,False,False,True
2026-09-25 10:16:39,32.8,71,0,0,False,False,True
2026-09-25 10:16:41,32.8,71,0,0,False,False,True
2026-09-25 10:16:43,32.8,71,0,0,False,False,True
2026-09-25 10:16:45,32.8,71,0,0,False,False,True
2026-09-25 10:16:47,32.8,71,0,0,False,False,True
2026-09-25 10:16:49,32.8,71,0,0,False,False,True
2026-09-25 10:16:51,32.8,71,0,0,False,False,True
2026-09-25 10:16:53,32.8,71,0,0,False,False,True
2026-09-25 10:16:55,32.8,71,0,0,False,False,True
2026-09-25 10:16:57,32.8,71,0,0,False,False,True
2026-09-25 10:16:59,32.8,71,0,0,False,False,True
2026-09-25 10:17:01,32.8,71,0,0,False,False,True
2026-09-25 10:17:03,32.8,71,0,0,False,False,True
2026-09-25 10:17:05,32.8,71,0,0,False,False,True
2026-09-25 10:17:07,32.8,71,0,0,False,False,True
2026-09-25 10:17:09,32.8,71,0,0,False,False,True
2026-09-25 10:17:11,32.8,71,0,0,False,False,True
2026-09-25 10:17:13,32.8,71,0,0,False,False,True
2026-09-25 10:17:15,32.8,71,0,0,False,False,True
2026-09-25 10:17:17,32.8,71,0,0,False,False,True
2026-09-25 10:17:19,32.8,71,0,0,False,False,True
2026-09-25 10:17:21,32.8,71,0,0,False,False,True
2026-09-25 10:17:23,32.8,71,0,0,False,False,True
2026-09-25 10:17:25,32.8,71,0,0,False,False,True
2026-09-25 10:17:27,32.8,71,0,0,False,False,True
2026-09-25 10:17:29,32.8,71,0,0,False,False,True
2026-09-25 10:17:31,32.8,71,0,0,False,False,True
2026-09-25 10:17:33,32.8,71,0,0,False,False,True
2026-09-25 10:17:35,32.8,71,0,0,False,False,True
2026-09-25 10:17:37,32.8,71,0,0,False,False,True
2026-09-25 10:17:39,32.8,71,0,0,False,False,True
2026-09-25 10:17:41,32.8,71,0,0,False,False,True
2026-09-25 10:17:43,32.8,71,0,0,False,False,True
2026-09-25 10:17:45,32.8,71,0,0,False,False,True
2026-09-25 10:17:47,32.8,71,0,0,False,False,True
2026-09-25 10:17:49,32.8,71,0,0,False,False,True
2026-09-25 10:17:51,32.8,71,0,0,False,False,True
2026-09-25 10:17:53,32.8,71,0,0,False,False,True
2026-09-25 10:17:55,32.8,71,0,0,False,False,True
2026-09-25 10:17:57,32.8,71,0,0,False,False,True
2026-09-25 10:17:59,32.8,71,0,0,False,False,True
2026-09-25 10:18:01,32.9,71,0,0,False,False,True
2026-09-25 10:18:03,33,70,0,0,False,False,True
2026-09-25 10:18:05,33,70,0,0,False,False,True
2026-09-25 10:18:07,33,70,0,0,False,False,True
2026-09-25 10:18:09,33,70,0,0,False,False,True
2026-09-25 10:18:11,33.2,70,0,0,False,False,True
2026-09-25 10:18:13,33.2,70,0,0,False,False,True
2026-09-25 10:18:15,33.2,70,0,0,False,False,True
2026-09-25 10:18:17,33.2,70,0,0,False,False,True
2026-09-25 10:18:19,33.3,70,0,0,False,False,True
2026-09-25 10:18:21,33.3,70,0,0,False,False,True
2026-09-25 10:18:23,33.3,70,0,0,False,False,True
2026-09-25 10:18:25,33.3,70,0,0,False,False,True
2026-09-25 10:18:27,33.3,70,0,0,False,False,True
2026-09-25 10:18:29,33.3,70,0,0,False,False,True
2026-09-25 10:18:31,33.3,70,0,0,False,False,True
2026-09-25 10:18:33,33.3,70,0,0,False,False,True
2026-09-25 10:18:35,33.3,70,0,0,False,False,True
2026-09-25 10:18:37,33.3,70,0,0,False,False,True
2026-09-25 10:18:39,33.3,70,0,0,False,False,True
2026-09-25 10:18:41,33.3,70,0,0,False,False,True
2026-09-25 10:18:43,33.3,70,0,0,False,False,True
2026-09-25 10:18:45,33.3,69,0,0,False,False,True
2026-09-25 10:18:47,33.3,70,0,0,False,False,True
2026-09-25 10:18:49,33.3,70,0,0,False,False,True
2026-09-25 10:18:51,33.3,70,0,0,False,False,True
2026-09-25 10:18:53,33.3,70,0,0,False,False,True
2026-09-25 10:18:55,33.3,70,0,0,False,False,True
2026-09-25 10:18:57,33.2,70,0,0,False,False,True
2026-09-25 10:18:59,33.2,70,0,0,False,False,True
2026-09-25 10:19:01,33.1,70,0,0,False,False,True
2026-09-25 10:19:03,33,70,0,0,False,False,True
2026-09-25 10:19:05,32.9,71,0,0,False,False,True
2026-09-25 10:19:07,32.9,71,0,0,False,False,True
2026-09-25 10:19:09,32.8,70,0,0,False,False,True
2026-09-25 10:19:11,32.8,70,0,0,False,False,True
2026-09-25 10:19:13,32.8,70,0,0,False,False,True
2026-09-25 10:19:15,32.8,70,0,0,False,False,True
2026-09-25 10:19:17,32.8,71,0,0,False,False,True
2026-09-25 10:19:19,32.8,70,0,0,False,False,True
2026-09-25 10:19:21,32.8,70,0,0,False,False,True
2026-09-25 10:19:23,32.8,71,0,0,False,False,True
2026-09-25 10:19:25,32.8,71,0,0,False,False,True
2026-09-25 10:19:27,32.8,71,0,0,False,False,True
2026-09-25 10:19:29,32.8,71,0,0,False,False,True
2026-09-25 10:19:31,32.8,71,0,0,False,False,True
2026-09-25 10:19:33,32.8,71,0,0,False,False,True
2026-09-25 10:19:35,32.8,70,0,0,False,False,True
2026-09-25 10:19:37,32.8,70,0,0,False,False,True
2026-09-25 10:19:39,32.8,71,0,0,False,False,True
2026-09-25 10:19:41,32.8,71,0,0,False,False,True
2026-09-25 10:19:43,32.8,71,0,0,False,False,True
2026-09-25 10:19:45,32.8,70,0,0,False,False,True
2026-09-25 10:19:47,32.8,70,0,0,False,False,True
2026-09-25 10:19:49,32.8,70,0,0,False,False,True
2026-09-25 10:19:51,32.8,71,0,0,False,False,True
2026-09-25 10:19:53,32.8,71,0,0,False,False,True
2026-09-25 10:19:55,32.8,71,0,0,False,False,True
2026-09-25 10:19:57,32.8,71,0,0,False,False,True
2026-09-25 10:19:59,32.8,71,0,0,False,False,True
2026-09-25 10:20:01,32.8,71,0,0,False,False,True
2026-09-25 10:20:03,32.8,71,0,0,False,False,True
2026-09-25 10:20:05,32.8,71,0,0,False,False,True
2026-09-25 10:20:07,32.8,71,0,0,False,False,True
2026-09-25 10:20:09,32.8,71,0,0,False,False,True
2026-09-25 10:20:11,32.8,71,0,0,False,False,True
2026-09-25 10:20:13,32.8,71,0,0,False,False,True
2026-09-25 10:20:15,32.8,71,0,0,False,False,True
2026-09-25 10:20:17,32.8,71,0,0,False,False,True
2026-09-25 10:20:19,32.8,71,0,0,False,False,True
2026-09-25 10:20:21,32.8,71,0,0,False,False,True
2026-09-25 10:20:23,32.8,71,0,0,False,False,True
2026-09-25 10:20:25,32.8,71,0,0,False,False,True
2026-09-25 10:20:27,32.8,71,0,0,False,False,True
2026-09-25 10:20:29,32.8,71,0,0,False,False,True
2026-09-25 10:20:31,32.8,71,0,0,False,False,True
2026-09-25 10:20:33,32.8,71,0,0,False,False,True
2026-09-25 10:20:35,32.8,71,0,0,False,False,True
2026-09-25 10:20:37,32.8,71,0,0,False,False,True
2026-09-25 10:20:39,32.8,71,0,0,False,False,True
2026-09-25 10:20:41,32.8,71,0,0,False,False,True
2026-09-25 10:20:43,32.8,71,0,0,False,False,True
2026-09-25 10:20:45,32.8,71,0,0,False,False,True
2026-09-25 10:20:47,32.8,71,0,0,False,False,True
2026-09-25 10:20:49,32.8,71,0,0,False,False,True
2026-09-25 10:20:51,32.8,71,0,0,False,False,True
2026-09-25 10:20:53,32.8,71,0,0,False,False,True
2026-09-25 10:20:55,32.8,71,0,0,False,False,True
2026-09-25 10:20:57,32.8,71,0,0,False,False,True
2026-09-25 10:20:59,32.8,71,0,0,False,False,True
2026-09-25 10:21:01,32.8,71,0,0,False,False,True
2026-09-25 10:21:03,32.8,71,0,0,False,False,True
2026-09-25 10:21:05,32.8,72,0,0,False,False,True
2026-09-25 10:21:07,32.8,72,0,0,False,False,True
2026-09-25 10:21:09,32.8,71,0,0,False,False,True
2026-09-25 10:21:11,32.8,71,0,0,False,False,True
2026-09-25 10:21:13,32.8,71,0,0,False,False,True
2026-09-25 10:21:15,32.8,71,0,0,False,False,True
2026-09-25 10:21:17,32.8,71,0,0,False,False,True
2026-09-25 10:21:19,32.8,71,0,0,False,False,True
2026-09-25 10:21:21,32.8,71,0,0,False,False,True
2026-09-25 10:21:23,32.8,71,0,0,False,False,True
2026-09-25 10:21:25,32.8,71,0,0,False,False,True
2026-09-25 10:21:27,32.8,71,0,0,False,False,True
2026-09-25 10:21:29,32.8,71,0,0,False,False,True
2026-09-25 10:21:31,32.8,71,0,0,False,False,True
2026-09-25 10:21:33,32.8,71,0,0,False,False,True
2026-09-25 10:21:35,32.8,71,0,0,False,False,True
2026-09-25 10:21:37,32.8,71,0,0,False,False,True
2026-09-25 10:21:39,32.8,71,0,0,False,False,True
2026-09-25 10:21:41,32.8,71,0,0,False,False,True
2026-09-25 10:21:43,32.8,71,0,0,False,False,True
2026-09-25 10:21:45,32.8,71,0,0,False,False,True
2026-09-25 10:21:47,32.8,71,0,0,False,False,True
2026-09-25 10:21:49,32.8,71,0,0,False,False,True
2026-09-25 10:21:51,32.8,71,0,0,False,False,True
2026-09-25 10:21:53,32.8,71,0,0,False,False,True
2026-09-25 10:21:55,32.8,71,0,0,False,False,True
2026-09-25 10:21:57,32.8,71,0,0,False,False,True
2026-09-25 10:21:59,32.8,71,0,0,False,False,True
2026-09-25 10:22:01,32.8,71,0,0,False,False,True
2026-09-25 10:22:04,32.8,71,0,0,False,False,True
2026-09-25 10:22:06,32.8,71,0,0,False,False,True
2026-09-25 10:22:08,32.8,71,0,0,False,False,True
2026-09-25 10:22:10,32.8,71,0,0,False,False,True
2026-09-25 10:22:12,32.8,71,0,0,False,False,True
2026-09-25 10:22:14,32.8,71,0,0,False,False,True
2026-09-25 10:22:16,32.8,71,0,0,False,False,True
2026-09-25 10:22:18,32.8,71,0,0,False,False,True
2026-09-25 10:22:20,32.8,71,0,0,False,False,True
2026-09-25 10:22:22,32.8,71,0,0,False,False,True
2026-09-25 10:22:24,32.8,71,0,0,False,False,True
2026-09-25 10:22:26,32.8,71,0,0,False,False,True
2026-09-25 10:22:28,32.8,71,0,0,False,False,True
2026-09-25 10:22:30,32.8,71,0,0,False,False,True
2026-09-25 10:22:32,32.8,71,0,0,False,False,True
2026-09-25 10:22:34,32.8,71,0,0,False,False,True
2026-09-25 10:22:36,32.8,71,0,0,False,False,True
2026-09-25 10:22:38,32.8,71,0,0,False,False,True
2026-09-25 10:22:40,32.8,71,0,0,False,False,True
2026-09-25 10:22:42,32.8,71,0,0,False,False,True
2026-09-25 10:22:44,32.8,71,0,0,False,False,True
2026-09-25 10:22:46,32.8,71,0,0,False,False,True
2026-09-25 10:22:48,32.8,71,0,0,False,False,True
2026-09-25 10:22:53,32.3,71,0,0,False,False,True
2026-09-25 10:22:55,32.4,71,0,0,False,False,True
2026-09-25 10:22:57,32.4,71,0,0,False,False,True
2026-09-25 10:22:59,32.3,71,0,0,False,False,True
2026-09-25 10:23:01,32.3,71,0,0,False,False,True
2026-09-25 10:23:03,32.3,71,0,0,False,False,True
2026-09-25 10:23:05,32.3,71,0,0,False,False,True
2026-09-25 10:23:07,32.3,71,0,0,False,False,True
2026-09-25 10:23:09,32.4,71,0,0,False,False,True
2026-09-25 10:23:11,32.3,71,0,0,False,False,True
2026-09-25 10:23:13,32.3,71,0,0,False,False,True
2026-09-25 10:23:15,32.3,71,0,0,False,False,True
2026-09-25 10:23:17,32.3,71,0,0,False,False,True
2026-09-25 10:23:19,32.3,71,0,0,False,False,True
2026-09-25 10:23:21,32.3,71,0,0,False,False,True
2026-09-25 10:23:23,32.3,71,0,0,False,False,True
2026-09-25 10:23:25,32.3,71,0,0,False,False,True
2026-09-25 10:23:27,32.3,71,0,0,False,False,True
2026-09-25 10:23:29,32.3,71,0,0,False,False,True
2026-09-25 10:23:31,32.3,71,0,0,False,False,True
2026-09-25 10:23:33,32.3,71,0,0,False,False,True
2026-09-25 10:23:35,32.4,71,0,0,False,False,True
2026-09-25 10:23:37,32.4,71,0,0,False,False,True
2026-09-25 10:23:39,32.4,71,0,0,False,False,True
2026-09-25 10:23:41,32.3,71,0,0,False,False,True
2026-09-25 10:23:43,32.4,71,0,0,False,False,True
2026-09-25 10:23:45,32.4,71,0,0,False,False,True
2026-09-25 10:23:47,32.5,71,0,0,False,False,True
2026-09-25 10:23:49,32.6,71,0,0,False,False,True
2026-09-25 10:23:51,32.8,71,0,0,False,False,True
2026-09-25 10:23:53,32.8,71,0,0,False,False,True
2026-09-25 10:23:55,32.8,71,0,0,False,False,True
2026-09-25 10:23:57,32.8,71,0,0,False,False,True
2026-09-25 10:23:59,32.8,71,0,0,False,False,True
2026-09-25 10:24:01,32.8,71,0,0,False,False,True
2026-09-25 10:24:03,32.8,71,0,0,False,False,True
2026-09-25 10:24:05,32.8,71,0,0,False,False,True
2026-09-25 10:24:07,32.8,71,0,0,False,False,True
2026-09-25 10:24:09,32.8,71,0,0,False,False,True
2026-09-25 10:24:11,32.8,71,0,0,False,False,True
2026-09-25 10:24:13,32.8,71,0,0,False,False,True
2026-09-25 10:24:15,32.8,71,0,0,False,False,True
2026-09-25 10:24:17,32.8,71,0,0,False,False,True
2026-09-25 10:24:19,32.8,71,0,0,False,False,True
2026-09-25 10:24:21,32.8,71,0,0,False,False,True
2026-09-25 10:24:23,32.8,71,0,0,False,False,True
2026-09-25 10:24:25,32.8,71,0,0,False,False,True
2026-09-25 10:24:27,32.8,71,0,0,False,False,True
2026-09-25 10:24:29,32.8,71,0,0,False,False,True
2026-09-25 10:24:31,32.8,71,0,0,False,False,True
2026-09-25 10:24:33,32.7,71,0,0,False,False,True
2026-09-25 10:24:35,32.5,71,0,0,False,False,True
2026-09-25 10:24:37,32.3,71,0,0,False,False,True
2026-09-25 10:24:39,32.3,71,0,0,False,False,True
2026-09-25 10:24:41,32.3,71,0,0,False,False,True
2026-09-25 10:24:43,32.3,71,0,0,False,False,True
2026-09-25 10:24:45,32.3,71,0,0,False,False,True
2026-09-25 10:24:47,32.3,71,0,0,False,False,True
2026-09-25 10:24:49,32.3,71,0,0,False,False,True
2026-09-25 10:24:51,32.3,71,0,0,False,False,True
2026-09-25 10:24:53,32.3,71,0,0,False,False,True
2026-09-25 10:24:55,32.3,71,0,0,False,False,True
2026-09-25 10:24:57,32.3,71,0,0,False,False,True
2026-09-25 10:24:59,32.3,71,0,0,False,False,True
2026-09-25 10:25:01,32.3,71,0,0,False,False,True
2026-09-25 10:25:03,32.3,71,0,0,False,False,True
2026-09-25 10:25:05,32.3,71,0,0,False,False,True
2026-09-25 10:25:07,32.3,71,0,0,False,False,True
2026-09-25 10:25:09,32.3,71,0,0,False,False,True
2026-09-25 10:25:11,32.3,71,0,0,False,False,True
2026-09-25 10:25:13,32.3,71,0,0,False,False,True
2026-09-25 10:25:15,32.3,71,0,0,False,False,True
2026-09-25 10:25:17,32.3,71,0,0,False,False,True
2026-09-25 10:25:19,32.3,71,0,0,False,False,True
2026-09-25 10:25:21,32.3,71,0,0,False,False,True
2026-09-25 10:25:23,32.3,71,0,0,False,False,True
2026-09-25 10:25:25,32.3,72,0,0,False,False,True
2026-09-25 10:25:27,32.3,71,0,0,False,False,True
2026-09-25 10:25:29,32.3,71,0,0,False,False,True
2026-09-25 10:25:31,32.3,71,0,0,False,False,True
2026-09-25 10:25:33,32.3,71,0,0,False,False,True
2026-09-25 10:25:35,32.3,71,0,0,False,False,True
2026-09-25 10:25:37,32.3,71,0,0,False,False,True
2026-09-25 10:25:39,32.3,71,0,0,False,False,True
2026-09-25 10:25:41,32.3,71,0,0,False,False,True
2026-09-25 10:25:43,32.3,71,0,0,False,False,True
2026-09-25 10:25:45,32.3,71,0,0,False,False,True
2026-09-25 10:25:47,32.3,71,0,0,False,False,True
2026-09-25 10:25:49,32.3,71,0,0,False,False,True
2026-09-25 10:25:51,32.3,71,0,0,False,False,True
2026-09-25 10:25:53,32.3,71,0,0,False,False,True
2026-09-25 10:25:55,32.3,71,0,0,False,False,True
2026-09-25 10:25:57,32.3,71,0,0,False,False,True
2026-09-25 10:25:59,32.3,71,0,0,False,False,True
2026-09-25 10:26:01,32.3,71,0,0,False,False,True
2026-09-25 10:26:03,32.3,71,0,0,False,False,True
2026-09-25 10:26:05,32.3,71,0,0,False,False,True
2026-09-25 10:26:07,32.3,71,0,0,False,False,True
2026-09-25 10:26:09,32.3,71,0,0,False,False,True
2026-09-25 10:26:11,32.3,71,0,0,False,False,True
2026-09-25 10:26:13,32.3,71,0,0,False,False,True
2026-09-25 10:26:15,32.3,71,0,0,False,False,True
2026-09-25 10:26:17,32.3,71,0,0,False,False,True
2026-09-25 10:26:19,32.3,71,0,0,False,False,True
2026-09-25 10:26:21,32.3,71,0,0,False,False,True
2026-09-25 10:26:23,32.3,71,0,0,False,False,True
2026-09-25 10:26:25,32.3,71,0,0,False,False,True
2026-09-25 10:26:27,32.3,71,0,0,False,False,True
2026-09-25 10:26:29,32.3,71,0,0,False,False,True
2026-09-25 10:26:31,32.3,71,0,0,False,False,True
2026-09-25 10:26:33,32.3,71,0,0,False,False,True
2026-09-25 10:26:35,32.3,71,0,0,False,False,True
2026-09-25 10:26:37,32.3,71,0,0,False,False,True
2026-09-25 10:26:39,32.3,71,0,0,False,False,True
2026-09-25 10:26:41,32.3,71,0,0,False,False,True
2026-09-25 10:26:43,32.3,71,0,0,False,False,True
2026-09-25 10:26:45,32.3,71,0,0,False,False,True
2026-09-25 10:26:47,32.3,71,0,0,False,False,True
2026-09-25 10:26:49,32.3,71,0,0,False,False,True
2026-09-25 10:26:51,32.3,71,0,0,False,False,True
2026-09-25 10:26:58,32.3,71,0,0,False,False,True
2026-09-25 10:27:00,32.3,71,0,0,False,False,True
2026-09-25 10:27:02,32.3,71,0,0,False,False,True
2026-09-25 10:27:04,32.3,71,0,0,False,False,True
2026-09-25 10:27:06,32.3,71,0,0,False,False,True
2026-09-25 10:27:08,32.3,71,0,0,False,False,True
2026-09-25 10:27:10,32.3,71,0,0,False,False,True
2026-09-25 10:27:12,32.3,71,0,0,False,False,True
2026-09-25 10:27:14,32.3,71,0,0,False,False,True
2026-09-25 10:27:16,32.3,71,0,0,False,False,True
2026-09-25 10:27:18,32.3,71,0,0,False,False,True
2026-09-25 10:27:20,32.3,71,0,0,False,False,True
2026-09-25 10:27:22,32.3,71,0,0,False,False,True
2026-09-25 10:27:24,32.3,71,0,0,False,False,True
2026-09-25 10:27:26,32.3,71,0,0,False,False,True
2026-09-25 10:27:28,32.3,71,0,0,False,False,True
2026-09-25 10:27:30,32.3,71,0,0,False,False,True
2026-09-25 10:27:32,32.3,71,0,0,False,False,True
2026-09-25 10:27:34,32.3,71,0,0,False,False,True
2026-09-25 10:27:36,32.3,71,0,0,False,False,True
2026-09-25 10:27:38,32.3,71,0,0,False,False,True
2026-09-25 10:27:40,32.3,71,0,0,False,False,True
2026-09-25 10:27:42,32.3,71,0,0,False,False,True
2026-09-25 10:27:44,32.3,71,0,0,False,False,True
2026-09-25 10:27:46,32.3,71,0,0,False,False,True
2026-09-25 10:27:48,32.3,71,0,0,False,False,True
2026-09-25 10:27:50,32.3,71,0,0,False,False,True
2026-09-25 10:27:52,32.3,71,0,0,False,False,True
2026-09-25 10:27:54,32.3,71,0,0,False,False,True
2026-09-25 10:27:56,32.3,71,0,0,False,False,True
2026-09-25 10:27:58,32.3,71,0,0,False,False,True
2026-09-25 10:28:00,32.3,71,0,0,False,False,True
2026-09-25 10:28:02,32.3,71,0,0,False,False,True
2026-09-25 10:28:04,32.3,71,0,0,False,False,True
2026-09-25 10:28:06,32.3,71,0,0,False,False,True
2026-09-25 10:28:08,32.3,71,0,0,False,False,True
2026-09-25 10:28:10,32.3,71,0,0,False,False,True
2026-09-25 10:28:12,32.3,71,0,0,False,False,True
2026-09-25 10:28:14,32.3,71,0,0,False,False,True
2026-09-25 10:28:16,32.3,71,0,0,False,False,True
2026-09-25 10:28:18,32.3,71,0,0,False,False,True
2026-09-25 10:28:20,32.3,71,0,0,False,False,True
2026-09-25 10:28:22,32.3,71,0,0,False,False,True
2026-09-25 10:28:24,32.3,71,0,0,False,False,True
2026-09-25 10:28:26,32.3,71,0,0,False,False,True
2026-09-25 10:28:28,32.3,71,0,0,False,False,True
2026-09-25 10:28:30,32.3,71,0,0,False,False,True
2026-09-25 10:28:32,32.3,71,0,0,False,False,True
2026-09-25 10:28:34,32.3,71,0,0,False,False,True
2026-09-25 10:28:36,32.3,71,0,0,False,False,True
2026-09-25 10:28:38,32.3,71,0,0,False,False,True
2026-09-25 10:28:40,32.3,71,0,0,False,False,True
2026-09-25 10:28:42,32.3,71,0,0,False,False,True
2026-09-25 10:28:44,32.3,71,0,0,False,False,True
2026-09-25 10:28:46,32.3,71,0,0,False,False,True
2026-09-25 10:28:48,32.3,71,0,0,False,False,True
2026-09-25 10:28:50,32.3,71,0,0,False,False,True
2026-09-25 10:28:52,32.3,71,0,0,False,False,True
2026-09-25 10:28:54,32.3,71,0,0,False,False,True
2026-09-25 10:28:56,32.3,71,0,0,False,False,True
2026-09-25 10:28:58,32.3,71,0,0,False,False,True
2026-09-25 10:29:00,32.3,71,0,0,False,False,True
2026-09-25 10:29:02,32.3,71,0,0,False,False,True
2026-09-25 10:29:04,32.3,71,0,0,False,False,True
2026-09-25 10:29:06,32.3,71,0,0,False,False,True
2026-09-25 10:29:08,32.3,71,0,0,False,False,True
2026-09-25 10:29:10,32.3,71,0,0,False,False,True
2026-09-25 10:29:12,32.3,71,0,0,False,False,True
2026-09-25 10:29:14,32.3,71,0,0,False,False,True
2026-09-25 10:29:16,32.3,71,0,0,False,False,True
2026-09-25 10:29:18,32.3,71,0,0,False,False,True
2026-09-25 10:29:20,32.3,71,0,0,False,False,True
2026-09-25 10:29:22,32.3,71,0,0,False,False,True
2026-09-25 10:29:24,32.3,71,0,0,False,False,True
2026-09-25 10:29:26,32.3,71,0,0,False,False,True
2026-09-25 10:29:28,32.3,71,0,0,False,False,True
2026-09-25 10:29:30,32.3,71,0,0,False,False,True
2026-09-25 10:29:32,32.3,71,0,0,False,False,True
2026-09-25 10:29:34,32.3,71,0,0,False,False,True
2026-09-25 10:29:36,32.3,71,0,0,False,False,True
2026-09-25 10:29:38,32.3,71,0,0,False,False,True
2026-09-25 10:29:40,32.3,71,0,0,False,False,True
2026-09-25 10:29:42,32.3,71,0,0,False,False,True
2026-09-25 10:29:44,32.3,71,0,0,False,False,True
2026-09-25 10:29:46,32.3,71,0,0,False,False,True
2026-09-25 10:29:48,32.3,71,0,0,False,False,True
2026-09-25 10:29:50,32.3,71,0,0,False,False,True
2026-09-25 10:29:52,32.3,71,0,0,False,False,True
2026-09-25 10:29:54,32.3,71,0,0,False,False,True
2026-09-25 10:29:56,32.3,71,0,0,False,False,True
2026-09-25 10:29:58,32.3,71,0,0,False,False,True
2026-09-25 10:30:00,32.3,71,0,0,False,False,True
2026-09-25 10:30:02,32.3,71,0,0,False,False,True
2026-09-25 10:30:04,32.3,71,0,0,False,False,True
2026-09-25 10:30:06,32.3,71,0,0,False,False,True
2026-09-25 10:30:08,32.3,71,0,0,False,False,True
2026-09-25 10:30:10,32.3,71,0,0,False,False,True
2026-09-25 10:30:12,32.3,71,0,0,False,False,True
2026-09-25 10:30:14,32.3,71,0,0,False,False,True
2026-09-25 10:30:16,32.3,71,0,0,False,False,True
2026-09-25 10:30:18,32.3,71,0,0,False,False,True
2026-09-25 10:30:20,32.3,71,0,0,False,False,True
2026-09-25 10:30:22,32.3,71,0,0,False,False,True
2026-09-25 10:30:24,32.3,71,0,0,False,False,True
2026-09-25 10:30:26,32.3,71,0,0,False,False,True
2026-09-25 10:30:28,32.3,71,0,0,False,False,True
2026-09-25 10:30:30,32.3,71,0,0,False,False,True
2026-09-25 10:30:32,32.3,71,0,0,False,False,True
2026-09-25 10:30:34,32.3,71,0,0,False,False,True
2026-09-25 10:30:36,32.3,71,0,0,False,False,True
2026-09-25 10:30:38,32.3,71,0,0,False,False,True
2026-09-25 10:30:40,32.3,71,0,0,False,False,True
2026-09-25 10:30:42,32.3,71,0,0,False,False,True
2026-09-25 10:30:44,32.3,71,0,0,False,False,True
2026-09-25 10:30:46,32.3,71,0,0,False,False,True
2026-09-25 10:30:48,32.3,71,0,0,False,False,True
2026-09-25 10:30:50,32.3,71,0,0,False,False,True
2026-09-25 10:30:52,32.3,71,0,0,False,False,True
2026-09-25 10:30:54,32.3,72,0,0,False,False,True
2026-09-25 10:30:56,32.3,72,0,0,False,False,True
2026-09-25 10:30:58,32.3,71,0,0,False,False,True
2026-09-25 10:31:00,32.3,71,0,0,False,False,True
2026-09-25 10:31:02,32.3,71,0,0,False,False,True
2026-09-25 10:31:04,32.3,71,0,0,False,False,True
2026-09-25 10:31:06,32.3,71,0,0,False,False,True
2026-09-25 10:31:08,32.3,71,0,0,False,False,True
2026-09-25 10:31:14,ERR,ERR,ERR,ERR,False,False,False
2026-09-25 10:31:16,32.3,71,0,0,False,False,True
2026-09-25 10:31:18,32.3,72,0,0,False,False,True
2026-09-25 10:31:20,32.3,71,0,0,False,False,True
2026-09-25 10:31:22,32.3,71,0,0,False,False,True
2026-09-25 10:31:24,32.3,71,0,0,False,False,True
2026-09-25 10:31:26,32.3,72,0,0,False,False,True
2026-09-25 10:31:28,32.3,72,0,0,False,False,True
2026-09-25 10:31:30,32.3,71,0,0,False,False,True
2026-09-25 10:31:32,32.3,71,0,0,False,False,True
2026-09-25 10:31:34,32.3,71,0,0,False,False,True
2026-09-25 10:31:36,32.3,71,0,0,False,False,True
2026-09-25 10:31:38,32.3,72,0,0,False,False,True
2026-09-25 10:31:40,32.3,71,0,0,False,False,True
2026-09-25 10:31:42,32.3,71,0,0,False,False,True
2026-09-25 10:31:44,32.3,71,0,0,False,False,True
2026-09-25 10:31:46,32.3,71,0,0,False,False,True
2026-09-25 10:31:48,32.3,71,0,0,False,False,True
2026-09-25 10:31:50,32.3,71,0,0,False,False,True
2026-09-25 10:31:52,32.3,71,0,0,False,False,True
2026-09-25 10:31:54,32.3,71,0,0,False,False,True
2026-09-25 10:31:56,32.3,71,0,0,False,False,True
2026-09-25 10:31:58,32.3,71,0,0,False,False,True
2026-09-25 10:32:00,32.3,71,0,0,False,False,True
2026-09-25 10:32:02,32.3,71,0,0,False,False,True
2026-09-25 10:32:04,32.3,71,0,0,False,False,True
2026-09-25 10:32:06,32.3,71,0,0,False,False,True
2026-09-25 10:32:08,32.3,71,0,0,False,False,True
2026-09-25 10:32:10,32.3,71,0,0,False,False,True
2026-09-25 10:32:12,32.4,71,0,0,False,False,True
2026-09-25 10:32:14,32.8,71,0,0,False,False,True
2026-09-25 10:32:16,32.8,71,0,0,False,False,True
2026-09-25 10:32:18,32.8,71,0,0,False,False,True
2026-09-25 10:32:20,32.8,71,0,0,False,False,True
2026-09-25 10:32:22,32.8,71,0,0,False,False,True
2026-09-25 10:32:24,32.8,71,0,0,False,False,True
2026-09-25 10:32:26,32.8,71,0,0,False,False,True
2026-09-25 10:32:28,32.8,71,0,0,False,False,True
2026-09-25 10:32:30,32.8,71,0,0,False,False,True
2026-09-25 10:32:32,32.8,71,0,0,False,False,True
2026-09-25 10:32:34,32.8,71,0,0,False,False,True
2026-09-25 10:32:36,32.8,71,0,0,False,False,True
2026-09-25 10:32:38,32.8,71,0,0,False,False,True
2026-09-25 10:32:40,32.8,71,0,0,False,False,True
2026-09-25 10:32:42,32.8,71,0,0,False,False,True
2026-09-25 10:32:44,32.8,71,0,0,False,False,True
2026-09-25 10:32:46,32.8,71,0,0,False,False,True
2026-09-25 10:32:48,32.8,71,0,0,False,False,True
2026-09-25 10:32:50,32.8,71,0,0,False,False,True
2026-09-25 10:32:52,32.8,71,0,0,False,False,True
2026-09-25 10:32:54,32.8,71,0,0,False,False,True
2026-09-25 10:32:56,32.8,71,0,0,False,False,True
2026-09-25 10:32:58,32.8,71,0,0,False,False,True
2026-09-25 10:33:00,32.8,71,0,0,False,False,True
2026-09-25 10:33:02,32.8,71,0,0,False,False,True
2026-09-25 10:33:04,32.8,71,0,0,False,False,True
2026-09-25 10:33:06,32.8,71,0,0,False,False,True
2026-09-25 10:33:08,32.8,71,0,0,False,False,True
2026-09-25 10:33:11,32.8,71,0,0,False,False,True
2026-09-25 10:33:13,32.8,71,0,0,False,False,True
2026-09-25 10:33:15,32.8,71,0,0,False,False,True
2026-09-25 10:33:17,32.8,71,0,0,False,False,True
2026-09-25 10:33:19,32.8,71,0,0,False,False,True
2026-09-25 10:33:21,32.8,71,0,0,False,False,True
2026-09-25 10:33:23,32.8,71,0,0,False,False,True
2026-09-25 10:33:25,32.8,71,0,0,False,False,True
2026-09-25 10:33:27,32.8,71,0,0,False,False,True
2026-09-25 10:33:29,32.8,71,0,0,False,False,True
2026-09-25 10:33:31,32.8,71,0,0,False,False,True
2026-09-25 10:33:33,32.8,71,0,0,False,False,True
2026-09-25 10:33:35,32.8,71,0,0,False,False,True
2026-09-25 10:33:37,32.8,71,0,0,False,False,True
2026-09-25 10:33:39,32.8,71,0,0,False,False,True
2026-09-25 10:33:41,32.8,71,0,0,False,False,True
2026-09-25 10:33:43,32.8,71,0,0,False,False,True
2026-09-25 10:33:45,32.8,71,0,0,False,False,True
2026-09-25 10:33:47,32.8,71,0,0,False,False,True
2026-09-25 10:33:49,32.8,71,0,0,False,False,True
2026-09-25 10:33:51,32.8,71,0,0,False,False,True
2026-09-25 10:33:53,32.8,71,0,0,False,False,True
2026-09-25 10:33:55,32.8,71,0,0,False,False,True
2026-09-25 10:33:57,32.8,71,0,0,False,False,True
2026-09-25 10:33:59,32.8,71,0,0,False,False,True
2026-09-25 10:34:01,32.8,71,0,0,False,False,True
2026-09-25 10:34:03,32.8,71,0,0,False,False,True
2026-09-25 10:34:05,32.8,71,0,0,False,False,True
2026-09-25 10:34:07,32.8,71,0,0,False,False,True
2026-09-25 10:34:09,32.8,71,0,0,False,False,True
2026-09-25 10:34:11,32.8,71,0,0,False,False,True
2026-09-25 10:34:13,32.8,71,0,0,False,False,True
2026-09-25 10:34:15,32.8,71,0,0,False,False,True
2026-09-25 10:34:17,32.8,71,0,0,False,False,True
2026-09-25 10:34:19,32.8,71,0,0,False,False,True
2026-09-25 10:34:21,32.8,71,0,0,False,False,True
2026-09-25 10:34:23,32.8,71,0,0,False,False,True
2026-09-25 10:34:25,32.8,71,0,0,False,False,True
2026-09-25 10:34:27,32.8,71,0,0,False,False,True
2026-09-25 10:34:29,32.8,71,0,0,False,False,True
2026-09-25 10:34:31,32.8,71,0,0,False,False,True
2026-09-25 10:34:33,32.8,71,0,0,False,False,True
2026-09-25 10:34:35,32.8,71,0,0,False,False,True
2026-09-25 10:34:37,32.8,71,0,0,False,False,True
2026-09-25 10:34:39,32.8,71,0,0,False,False,True
2026-09-25 10:34:41,32.8,71,0,0,False,False,True
2026-09-25 10:34:43,32.8,71,0,0,False,False,True
2026-09-25 10:34:45,32.8,71,0,0,False,False,True
2026-09-25 10:34:47,32.8,71,0,0,False,False,True
2026-09-25 10:34:49,32.8,70,0,0,False,False,True
2026-09-25 10:34:51,32.8,71,0,0,False,False,True
2026-09-25 10:34:53,32.8,71,0,0,False,False,True
2026-09-25 10:34:55,32.8,71,0,0,False,False,True
2026-09-25 10:34:57,32.8,71,0,0,False,False,True
2026-09-25 10:34:59,32.8,71,0,0,False,False,True
2026-09-25 10:35:01,32.8,70,0,0,False,False,True
2026-09-25 10:35:03,32.8,70,0,0,False,False,True
2026-09-25 10:35:05,32.8,71,0,0,False,False,True
2026-09-25 10:35:07,32.8,71,0,0,False,False,True
2026-09-25 10:35:09,32.8,71,0,0,False,False,True
2026-09-25 10:35:11,32.8,71,0,0,False,False,True
2026-09-25 10:35:13,32.8,71,0,0,False,False,True
2026-09-25 10:35:15,32.8,70,0,0,False,False,True
2026-09-25 10:35:17,32.8,71,0,0,False,False,True
2026-09-25 10:35:19,32.8,70,0,0,False,False,True
2026-09-25 10:35:21,32.8,70,0,0,False,False,True
2026-09-25 10:35:23,32.8,71,0,0,False,False,True
2026-09-25 10:35:25,32.8,70,0,0,False,False,True
2026-09-25 10:35:27,32.8,70,0,0,False,False,True
2026-09-25 10:35:29,32.8,70,0,0,False,False,True
2026-09-25 10:35:31,32.8,70,0,0,False,False,True
2026-09-25 10:35:33,32.8,70,0,0,False,False,True
2026-09-25 10:35:35,32.8,70,0,0,False,False,True
2026-09-25 10:35:37,32.8,70,0,0,False,False,True
2026-09-25 10:35:39,32.8,70,0,0,False,False,True
2026-09-25 10:35:41,32.8,71,0,0,False,False,True
2026-09-25 10:35:43,32.8,71,0,0,False,False,True
2026-09-25 10:35:45,32.8,71,0,0,False,False,True
2026-09-25 10:35:47,32.8,71,0,0,False,False,True
2026-09-25 10:35:49,32.8,70,0,0,False,False,True
2026-09-25 10:35:51,32.8,70,0,0,False,False,True
2026-09-25 10:35:53,32.8,70,0,0,False,False,True
2026-09-25 10:35:55,32.8,71,0,0,False,False,True
2026-09-25 10:35:57,32.8,71,0,0,False,False,True
2026-09-25 10:35:59,32.8,71,0,0,False,False,True
2026-09-25 10:36:01,32.8,71,0,0,False,False,True
2026-09-25 10:36:03,32.8,70,0,0,False,False,True
2026-09-25 10:36:05,32.8,70,0,0,False,False,True
2026-09-25 10:36:07,32.8,71,0,0,False,False,True
2026-09-25 10:36:09,32.8,70,0,0,False,False,True
2026-09-25 10:36:11,32.8,71,0,0,False,False,True
2026-09-25 10:36:13,32.8,71,0,0,False,False,True
2026-09-25 10:36:15,32.8,70,0,0,False,False,True
2026-09-25 10:36:17,32.8,70,0,0,False,False,True
2026-09-25 10:36:19,32.8,70,0,0,False,False,True
2026-09-25 10:36:21,32.8,70,0,0,False,False,True
2026-09-25 10:36:23,32.8,70,0,0,False,False,True
2026-09-25 10:36:25,32.8,71,0,0,False,False,True
2026-09-25 10:36:27,32.8,70,0,0,False,False,True
2026-09-25 10:36:29,32.8,70,0,0,False,False,True
2026-09-25 10:36:31,32.8,70,0,0,False,False,True
2026-09-25 10:36:33,32.8,70,0,0,False,False,True
2026-09-25 10:36:35,32.8,71,0,0,False,False,True
2026-09-25 10:36:37,32.8,71,0,0,False,False,True
2026-09-25 10:36:39,32.8,70,0,0,False,False,True
2026-09-25 10:36:41,32.8,71,0,0,False,False,True
2026-09-25 10:36:43,32.8,70,0,0,False,False,True
2026-09-25 10:36:45,32.8,71,0,0,False,False,True
2026-09-25 10:36:47,32.8,71,0,0,False,False,True
2026-09-25 10:36:49,32.8,70,0,0,False,False,True
2026-09-25 10:36:51,32.8,70,0,0,False,False,True
2026-09-25 10:36:53,32.8,70,0,0,False,False,True
2026-09-25 10:36:55,32.8,70,0,0,False,False,True
2026-09-25 10:36:57,32.8,71,0,0,False,False,True
2026-09-25 10:36:59,32.8,70,0,0,False,False,True
2026-09-25 10:37:01,32.8,71,0,0,False,False,True
2026-09-25 10:37:03,32.8,71,0,0,False,False,True
2026-09-25 10:37:05,32.8,71,0,0,False,False,True
2026-09-25 10:37:07,32.8,71,0,0,False,False,True
2026-09-25 10:37:09,32.8,71,0,0,False,False,True
2026-09-25 10:37:11,32.8,71,0,0,False,False,True
2026-09-25 10:37:13,32.8,71,0,0,False,False,True
2026-09-25 10:37:15,32.8,71,0,0,False,False,True
2026-09-25 10:37:17,32.8,71,0,0,False,False,True
2026-09-25 10:37:19,32.8,71,0,0,False,False,True
2026-09-25 10:37:21,32.8,71,0,0,False,False,True
2026-09-25 10:37:23,32.8,71,0,0,False,False,True
2026-09-25 10:37:25,32.8,71,0,0,False,False,True
2026-09-25 10:37:27,32.8,70,0,0,False,False,True
2026-09-25 10:37:29,32.9,70,0,0,False,False,True
2026-09-25 10:37:31,32.9,70,0,0,False,False,True
2026-09-25 10:37:33,33.1,69,0,0,False,False,True
2026-09-25 10:37:35,33.2,69,0,0,False,False,True
2026-09-25 10:37:37,33.3,69,0,0,False,False,True
2026-09-25 10:37:39,33.3,69,0,0,False,False,True
2026-09-25 10:37:41,33.3,69,0,0,False,False,True
2026-09-25 10:37:43,33.3,69,0,0,False,False,True
2026-09-25 10:37:45,33.3,69,0,0,False,False,True
2026-09-25 10:37:49,ERR,ERR,ERR,ERR,False,False,False
2026-09-25 10:37:51,33.3,69,0,0,False,False,True
2026-09-25 10:37:53,33.2,70,0,0,False,False,True
2026-09-25 10:37:55,33.3,69,0,0,False,False,True
2026-09-25 10:37:57,33.3,69,0,0,False,False,True
2026-09-25 10:37:59,33.3,69,0,0,False,False,True
2026-09-25 10:38:01,33.1,69,0,0,False,False,True
2026-09-25 10:38:03,33.2,70,0,0,False,False,True
2026-09-25 10:38:05,32.9,70,0,0,False,False,True
2026-09-25 10:38:07,32.8,70,0,0,False,False,True
2026-09-25 10:38:09,32.8,70,0,0,False,False,True
2026-09-25 10:38:11,32.8,70,0,0,False,False,True
2026-09-25 10:38:13,32.8,71,0,0,False,False,True
2026-09-25 10:38:15,32.8,71,0,0,False,False,True
2026-09-25 10:38:17,32.8,71,0,0,False,False,True
2026-09-25 10:38:19,32.8,70,0,0,False,False,True
2026-09-25 10:38:21,32.8,70,0,0,False,False,True
2026-09-25 10:38:23,32.8,70,0,0,False,False,True
2026-09-25 10:38:25,32.8,70,0,0,False,False,True
2026-09-25 10:38:27,32.8,70,0,0,False,False,True
2026-09-25 10:38:29,32.8,70,0,0,False,False,True
2026-09-25 10:38:31,32.8,70,0,0,False,False,True
2026-09-25 10:38:33,32.8,70,0,0,False,False,True
2026-09-25 10:38:35,32.8,71,0,0,False,False,True
2026-09-25 10:38:37,32.8,71,0,0,False,False,True
2026-09-25 10:38:39,32.8,71,0,0,False,False,True
2026-09-25 10:38:41,32.8,71,0,0,False,False,True
2026-09-25 10:38:43,32.8,71,0,0,False,False,True
2026-09-25 10:38:45,32.8,71,0,0,False,False,True
2026-09-25 10:38:47,32.8,71,0,0,False,False,True
2026-09-25 10:38:49,32.8,70,0,0,False,False,True
2026-09-25 10:38:51,32.8,70,0,0,False,False,True
2026-09-25 10:38:53,32.8,70,0,0,False,False,True
2026-09-25 10:38:55,32.8,70,0,0,False,False,True
2026-09-25 10:38:57,32.8,70,0,0,False,False,True
2026-09-25 10:38:59,32.8,71,0,0,False,False,True
2026-09-25 10:39:01,32.8,71,0,0,False,False,True
2026-09-25 10:39:03,32.8,71,0,0,False,False,True
2026-09-25 10:39:05,32.8,71,0,0,False,False,True
2026-09-25 10:39:07,32.8,71,0,0,False,False,True
2026-09-25 10:39:09,32.8,71,0,0,False,False,True
2026-09-25 10:39:11,32.8,71,0,0,False,False,True
2026-09-25 10:39:13,32.8,71,0,0,False,False,True
2026-09-25 10:39:15,32.8,71,0,0,False,False,True
2026-09-25 10:39:17,32.8,71,0,0,False,False,True
2026-09-25 10:39:19,32.8,71,0,0,False,False,True
2026-09-25 10:39:21,32.8,71,0,0,False,False,True
2026-09-25 10:39:23,32.8,71,0,0,False,False,True
2026-09-25 10:39:25,32.8,71,0,0,False,False,True
2026-09-25 10:39:27,32.8,70,0,0,False,False,True
2026-09-25 10:39:29,32.8,70,0,0,False,False,True
2026-09-25 10:39:31,32.8,70,0,0,False,False,True
2026-09-25 10:39:33,32.8,70,0,0,False,False,True
2026-09-25 10:39:35,32.8,70,0,0,False,False,True
2026-09-25 10:39:37,32.8,70,0,0,False,False,True
2026-09-25 10:39:39,32.8,70,0,0,False,False,True
2026-09-25 10:39:41,32.8,70,0,0,False,False,True
2026-09-25 10:39:43,32.8,70,0,0,False,False,True
2026-09-25 10:39:45,32.8,70,0,0,False,False,True
2026-09-25 10:39:47,32.8,70,0,0,False,False,True
2026-09-25 10:39:49,32.8,71,0,0,False,False,True
2026-09-25 10:39:51,32.8,70,0,0,False,False,True
2026-09-25 10:39:53,32.8,70,0,0,False,False,True
2026-09-25 10:39:55,32.8,70,0,0,False,False,True
2026-09-25 10:39:57,32.8,70,0,0,False,False,True
2026-09-25 10:39:59,32.8,70,0,0,False,False,True
2026-09-25 10:40:01,32.8,70,0,0,False,False,True
2026-09-25 10:40:03,32.8,70,0,0,False,False,True
2026-09-25 10:40:05,32.8,70,0,0,False,False,True
2026-09-25 10:40:07,32.8,70,0,0,False,False,True
2026-09-25 10:40:09,32.8,70,0,0,False,False,True
2026-09-25 10:40:11,32.8,70,0,0,False,False,True
2026-09-25 10:40:13,32.8,70,0,0,False,False,True
2026-09-25 10:40:15,32.9,70,0,0,False,False,True
2026-09-25 10:40:17,33.2,69,0,0,False,False,True
2026-09-25 10:40:19,33.2,69,0,0,False,False,True
2026-09-25 10:40:21,33.2,69,0,0,False,False,True
2026-09-25 10:40:23,33.3,69,0,0,False,False,True
2026-09-25 10:40:25,33.3,69,0,0,False,False,True
2026-09-25 10:40:27,33.3,69,0,0,False,False,True
2026-09-25 10:40:29,33.3,69,0,0,False,False,True
2026-09-25 10:40:31,33.3,69,0,0,False,False,True
2026-09-25 10:40:33,33.3,69,0,0,False,False,True
2026-09-25 10:40:35,33.3,69,0,0,False,False,True
2026-09-25 10:40:37,33.3,69,0,0,False,False,True
2026-09-25 10:40:39,33.3,69,0,0,False,False,True
2026-09-25 10:40:41,33.3,69,0,0,False,False,True
2026-09-25 10:40:43,33.3,69,0,0,False,False,True
2026-09-25 10:40:45,33.3,69,0,0,False,False,True
2026-09-25 10:40:47,33.3,69,0,0,False,False,True
2026-09-25 10:40:49,33.3,69,0,0,False,False,True
2026-09-25 10:40:51,33.3,69,0,0,False,False,True
2026-09-25 10:40:53,33.3,69,0,0,False,False,True
2026-09-25 10:40:55,33.3,69,0,0,False,False,True
2026-09-25 10:40:57,33.3,69,0,0,False,False,True
2026-09-25 10:40:59,33.3,69,0,0,False,False,True
2026-09-25 10:41:01,33.3,69,0,0,False,False,True
2026-09-25 10:41:03,33.3,69,0,0,False,False,True
2026-09-25 10:41:05,33.3,69,0,0,False,False,True
2026-09-25 10:41:07,33.3,69,0,0,False,False,True
2026-09-25 10:41:09,33.3,69,0,0,False,False,True
2026-09-25 10:41:11,33.3,68,0,0,False,False,True
2026-09-25 10:41:13,33.3,68,0,0,False,False,True
2026-09-25 10:41:15,33.3,68,0,0,False,False,True
2026-09-25 10:41:17,33.3,68,0,0,False,False,True
2026-09-25 10:41:19,33.3,68,0,0,False,False,True
2026-09-25 10:41:21,33.3,68,0,0,False,False,True
2026-09-25 10:41:23,33.3,68,0,0,False,False,True
2026-09-25 10:41:25,33.3,68,0,0,False,False,True
2026-09-25 10:41:27,33.3,68,0,0,False,False,True
2026-09-25 10:41:29,33.3,68,0,0,False,False,True
2026-09-25 10:41:31,33.3,68,0,0,False,False,True
2026-09-25 10:41:33,33.3,68,0,0,False,False,True
2026-09-25 10:41:35,33.3,68,0,0,False,False,True
2026-09-25 10:41:37,33.3,68,0,0,False,False,True
2026-09-25 10:41:39,33.3,68,0,0,False,False,True
2026-09-25 10:41:41,33.3,68,0,0,False,False,True
2026-09-25 10:41:47,33.3,68,0,0,False,False,True
2026-09-25 10:41:49,33.3,68,0,0,False,False,True
2026-09-25 10:41:51,33.3,68,0,0,False,False,True
2026-09-25 10:41:53,33.3,68,0,0,False,False,True
2026-09-25 10:41:55,33.3,68,0,0,False,False,True
2026-09-25 10:41:57,33.3,68,0,0,False,False,True
2026-09-25 10:41:59,33.3,68,0,0,False,False,True
2026-09-25 10:42:01,33.3,68,0,0,False,False,True
2026-09-25 10:42:03,33.3,68,0,0,False,False,True
2026-09-25 10:42:05,33.3,68,0,0,False,False,True
2026-09-25 10:42:17,33.3,68,0,0,False,False,True
2026-09-25 10:42:19,33.3,68,0,0,False,False,True
2026-09-25 10:42:21,33.3,68,0,0,False,False,True
2026-09-25 10:42:23,33.3,68,0,0,False,False,True
2026-09-25 10:42:25,33.3,68,0,0,False,False,True
2026-09-25 10:42:27,33.4,68,0,0,False,False,True
2026-09-25 10:42:29,33.6,68,0,0,False,False,True
2026-09-25 10:42:31,33.8,69,0,0,False,False,True
2026-09-25 10:42:33,33.8,68,0,0,False,False,True
2026-09-25 10:42:35,33.8,68,0,0,False,False,True
2026-09-25 10:42:37,33.8,68,0,0,False,False,True
2026-09-25 10:42:39,33.8,68,0,0,False,False,True
2026-09-25 10:42:41,33.8,68,0,0,False,False,True
2026-09-25 10:42:43,33.8,68,0,0,False,False,True
2026-09-25 10:42:45,33.8,68,0,0,False,False,True
2026-09-25 10:42:47,33.8,68,0,0,False,False,True
2026-09-25 10:42:49,33.8,68,0,0,False,False,True
2026-09-25 10:42:51,33.8,68,0,0,False,False,True
2026-09-25 10:42:53,33.8,68,0,0,False,False,True
2026-09-25 10:42:55,33.8,68,0,0,False,False,True
2026-09-25 10:42:57,33.8,67,0,0,False,False,True
2026-09-25 10:42:59,33.8,67,0,0,False,False,True
2026-09-25 10:43:01,33.8,67,0,0,False,False,True
2026-09-25 10:43:05,ERR,ERR,ERR,ERR,False,False,False
2026-09-25 10:43:07,ERR,ERR,ERR,ERR,False,False,False
2026-09-25 10:43:09,33.8,67,0,0,False,False,True
2026-09-25 10:43:11,33.8,67,0,0,False,False,True
2026-09-25 10:43:13,33.8,66,0,0,False,False,True
2026-09-25 10:43:15,33.8,66,0,0,False,False,True
2026-09-25 10:43:17,33.8,66,0,0,False,False,True
2026-09-25 10:43:19,33.8,66,0,0,False,False,True
2026-09-25 10:43:21,33.8,66,0,0,False,False,True
2026-09-25 10:43:23,33.8,66,0,0,False,False,True
2026-09-25 10:43:25,33.8,66,0,0,False,False,True
2026-09-25 10:43:27,33.8,66,0,0,False,False,True
2026-09-25 10:43:29,33.8,66,0,0,False,False,True
2026-09-25 10:43:31,33.8,66,0,0,False,False,True
2026-09-25 10:43:33,33.8,66,0,0,False,False,True
2026-09-25 10:43:35,33.8,66,0,0,False,False,True
2026-09-25 10:43:37,33.8,66,0,0,False,False,True
2026-09-25 10:43:42,33.8,66,0,0,False,False,True
2026-09-25 10:43:44,33.8,66,0,0,False,False,True
2026-09-25 10:43:46,33.8,66,0,0,False,False,True
2026-09-25 10:43:48,33.8,66,0,0,False,False,True
2026-09-25 10:43:50,33.8,66,0,0,False,False,True
2026-09-25 10:43:52,33.8,66,0,0,False,False,True
2026-09-25 10:43:54,33.8,66,0,0,False,False,True
2026-09-25 10:43:56,33.8,66,0,0,False,False,True
2026-09-25 10:43:58,33.8,66,0,0,False,False,True
2026-09-25 10:44:00,33.8,66,0,0,False,False,True
2026-09-25 10:44:02,33.8,66,0,0,False,False,True
2026-09-25 10:44:04,33.8,66,0,0,False,False,True
2026-09-25 10:44:06,33.8,66,0,0,False,False,True
2026-09-25 10:44:08,33.8,66,0,0,False,False,True
2026-09-25 10:44:10,33.8,66,0,0,False,False,True
2026-09-25 10:44:12,33.8,66,0,0,False,False,True
2026-09-25 10:44:14,33.8,66,0,0,False,False,True
2026-09-25 10:44:16,33.8,66,0,0,False,False,True
2026-09-25 10:44:18,33.8,66,0,0,False,False,True
2026-09-25 10:44:20,33.8,66,0,0,False,False,True
2026-09-25 10:44:22,33.8,66,0,0,False,False,True
2026-09-25 10:44:24,33.8,66,0,0,False,False,True
2026-09-25 10:44:26,33.8,66,0,0,False,False,True
2026-09-25 10:44:28,33.8,66,0,0,False,False,True
2026-09-25 10:44:30,33.8,66,0,0,False,False,True
2026-09-25 10:44:32,33.8,66,0,0,False,False,True
2026-09-25 10:44:34,33.8,66,0,0,False,False,True
2026-09-25 10:44:36,33.8,66,0,0,False,False,True
2026-09-25 10:44:38,33.8,66,0,0,False,False,True
2026-09-25 10:44:40,33.8,66,0,0,False,False,True
2026-09-25 10:44:42,33.8,66,0,0,False,False,True
2026-09-25 10:44:44,33.8,66,0,0,False,False,True
2026-09-25 10:44:46,33.8,66,0,0,False,False,True
2026-09-25 10:44:48,33.8,66,0,0,False,False,True
2026-09-25 10:44:50,33.8,66,0,0,False,False,True
2026-09-25 10:44:52,33.8,66,0,0,False,False,True
2026-09-25 10:44:54,33.8,66,0,0,False,False,True
2026-09-25 10:44:57,33.8,66,0,0,False,False,True
2026-09-25 10:45:02,ERR,ERR,ERR,ERR,False,False,False
2026-09-25 10:45:04,33.8,66,0,0,False,False,True
2026-09-25 10:45:06,33.8,66,0,0,False,False,True
2026-09-25 10:45:08,33.8,66,0,0,False,False,True
2026-09-25 10:45:10,33.8,66,0,0,False,False,True
2026-09-25 10:45:12,33.8,66,0,0,False,False,True
2026-09-25 10:45:14,33.8,66,0,0,False,False,True
2026-09-25 10:45:16,33.8,66,0,0,False,False,True
2026-09-25 10:45:18,33.8,66,0,0,False,False,True
2026-09-25 10:45:20,33.8,66,0,0,False,False,True
2026-09-25 10:45:22,33.8,66,0,0,False,False,True
2026-09-25 10:45:24,33.8,66,0,0,False,False,True
2026-09-25 10:45:26,33.8,66,0,0,False,False,True
2026-09-25 10:45:28,33.8,66,0,0,False,False,True
2026-09-25 10:45:30,33.8,66,0,0,False,False,True
2026-09-25 10:45:32,33.8,66,0,0,False,False,True
2026-09-25 10:45:34,33.8,66,0,0,False,False,True
2026-09-25 10:45:36,33.8,66,0,0,False,False,True
2026-09-25 10:45:38,33.8,66,0,0,False,False,True
2026-09-25 10:45:40,33.8,66,0,0,False,False,True
2026-09-25 10:45:42,34,66,0,0,False,False,True
2026-09-25 10:45:44,34.2,66,0,0,False,False,True
2026-09-25 10:45:46,34.2,66,0,0,False,False,True
2026-09-25 10:45:48,34.2,83,0,0,False,False,True
2026-09-25 10:45:50,34.7,92,0,0,False,False,True
2026-09-25 10:45:52,35.2,92,0,0,False,False,True
2026-09-25 10:45:54,35.2,93,0,0,False,False,True
2026-09-25 10:45:56,35.2,92,0,0,False,False,True
2026-09-25 10:45:58,34.7,92,0,0,False,False,True
2026-09-25 10:46:00,34.7,86,0,0,False,False,True
2026-09-25 10:46:02,34.7,78,0,0,False,False,True
2026-09-25 10:46:04,34.7,71,0,0,False,False,True
2026-09-25 10:46:06,34.7,70,0,0,False,False,True
2026-09-25 10:46:11,34.7,70,0,0,False,False,True
2026-09-25 10:46:13,34.7,68,0,0,False,False,True
2026-09-25 10:46:15,34.3,67,0,0,False,False,True
2026-09-25 10:46:17,34.2,67,0,0,False,False,True
2026-09-25 10:46:19,34.2,67,0,0,False,False,True
2026-09-25 10:46:21,34.2,67,0,0,False,False,True
2026-09-25 10:46:23,34.2,67,0,0,False,False,True
2026-09-25 10:46:25,34.2,67,0,0,False,False,True
2026-09-25 10:46:30,34.2,67,0,0,False,False,True
2026-09-25 10:46:32,34.2,67,0,0,False,False,True
2026-09-25 10:46:34,34.2,67,0,0,False,False,True
2026-09-25 10:46:36,34.2,67,0,0,False,False,True
2026-09-25 10:46:38,34.2,67,0,0,False,False,True
2026-09-25 10:46:40,34.2,66,0,0,False,False,True
2026-09-25 10:46:42,34.2,66,0,0,False,False,True
2026-09-25 10:46:44,34.2,66,0,0,False,False,True
2026-09-25 10:46:46,34.2,66,0,0,False,False,True
2026-09-25 10:46:48,34.2,66,0,0,False,False,True
2026-09-25 10:46:50,34.2,66,0,0,False,False,True
2026-09-25 10:46:52,34.2,66,0,0,False,False,True
2026-09-25 10:46:54,34.2,66,0,0,False,False,True
2026-09-25 10:46:56,34.2,66,0,0,False,False,True
2026-09-25 10:46:58,34.2,66,0,0,False,False,True
2026-09-25 10:47:00,34.2,66,0,0,False,False,True
2026-09-25 10:47:02,34.2,66,0,0,False,False,True
2026-09-25 10:47:04,34.2,66,0,0,False,False,True
2026-09-25 10:47:06,34.2,66,0,0,False,False,True
2026-09-25 10:47:08,34.2,66,0,0,False,False,True
2026-09-25 10:47:10,34.2,66,0,0,False,False,True
2026-09-25 10:47:12,34.2,66,0,0,False,False,True
2026-09-25 10:47:14,34.2,66,0,0,False,False,True
2026-09-25 10:47:16,34.2,66,0,0,False,False,True
2026-09-25 10:47:18,34.2,66,0,0,False,False,True
2026-09-25 10:47:20,34.2,66,0,0,False,False,True
2026-09-25 10:47:22,34.2,66,0,0,False,False,True
2026-09-25 10:47:24,34.2,66,0,0,False,False,True
2026-09-25 10:47:26,34.2,66,0,0,False,False,True
2026-09-25 10:47:28,34.2,66,0,0,False,False,True
2026-09-25 10:47:30,34.2,66,0,0,False,False,True
2026-09-25 10:47:32,34.2,66,0,0,False,False,True
2026-09-25 10:47:34,34.2,66,0,0,False,False,True
2026-09-25 10:47:36,34.2,65,0,0,False,False,True
2026-09-25 10:47:38,34.2,65,0,0,False,False,True
2026-09-25 10:47:40,34.3,65,0,0,False,False,True
2026-09-25 10:47:42,34.2,66,0,0,False,False,True
2026-09-25 10:47:44,34.3,65,0,0,False,False,True
2026-09-25 10:47:46,34.3,65,0,0,False,False,True
2026-09-25 10:47:48,34.3,65,0,0,False,False,True
2026-09-25 10:47:50,34.4,65,0,0,False,False,True
2026-09-25 10:47:52,34.3,65,0,0,False,False,True
2026-09-25 10:47:54,34.3,65,0,0,False,False,True
2026-09-25 10:47:56,34.3,65,0,0,False,False,True
2026-09-25 10:47:58,34.3,65,0,0,False,False,True
2026-09-25 10:48:00,34.3,65,0,0,False,False,True
2026-09-25 10:48:02,34.4,65,0,0,False,False,True
2026-09-25 10:48:04,34.4,65,0,0,False,False,True
2026-09-25 10:48:06,34.4,65,0,0,False,False,True
2026-09-25 10:48:08,34.4,65,0,0,False,False,True
2026-09-25 10:48:15,34.4,65,0,0,False,False,True
2026-09-25 10:48:17,34.4,65,0,0,False,False,True
2026-09-25 10:48:44,34.2,66,0,0,False,False,True
2026-09-25 10:48:46,34.2,65,0,0,False,False,True
2026-09-25 10:48:48,34.3,65,0,0,False,False,True
2026-09-25 10:48:50,34.3,65,0,0,False,False,True
2026-09-25 10:49:16,34.5,65,0,0,False,False,True
2026-09-25 10:49:18,34.5,65,0,0,False,False,True
2026-09-25 10:49:20,34.7,65,0,0,False,False,True
2026-09-25 10:49:22,34.7,65,0,0,False,False,True
2026-09-25 10:49:24,34.7,65,0,0,False,False,True
2026-09-25 10:49:26,34.7,65,0,0,False,False,True
2026-09-25 10:49:28,34.7,65,0,0,False,False,True
2026-09-25 10:49:30,34.7,65,0,0,False,False,True
2026-09-25 10:49:32,34.7,65,0,0,False,False,True
2026-09-25 10:49:34,34.7,65,0,0,False,False,True
2026-09-25 10:49:36,34.7,65,0,0,False,False,True
2026-09-25 10:49:38,34.7,65,0,0,False,False,True
2026-09-25 10:49:40,34.7,65,0,0,False,False,True
2026-09-25 10:49:42,34.7,65,0,0,False,False,True
2026-09-25 10:49:44,34.7,64,0,0,False,False,True
2026-09-25 10:49:46,34.7,64,0,0,False,False,True
2026-09-25 10:49:48,34.7,65,0,0,False,False,True
2026-09-25 10:49:50,34.7,65,0,0,False,False,True
2026-09-25 10:49:52,34.7,65,0,0,False,False,True
2026-09-25 10:49:54,34.7,64,0,0,False,False,True
2026-09-25 10:49:56,34.7,64,0,0,False,False,True
2026-09-25 10:49:58,34.7,64,0,0,False,False,True
2026-09-25 10:50:00,34.7,64,0,0,False,False,True
2026-09-25 10:50:02,34.7,65,0,0,False,False,True
2026-09-25 10:50:04,34.7,64,0,0,False,False,True
2026-09-25 10:50:06,34.7,63,0,0,False,False,True
2026-09-25 10:50:08,34.7,63,0,0,False,False,True
2026-09-25 10:50:10,34.7,63,0,0,False,False,True
2026-09-25 10:50:12,34.7,64,0,0,False,False,True
2026-09-25 10:50:14,34.7,64,0,0,False,False,True
2026-09-25 10:50:16,34.7,64,0,0,False,False,True
2026-09-25 10:50:18,34.7,64,0,0,False,False,True
2026-09-25 10:50:20,34.7,63,0,0,False,False,True
2026-09-25 10:50:22,34.7,63,0,0,False,False,True
2026-09-25 10:50:24,34.7,63,0,0,False,False,True
2026-09-25 10:50:26,34.7,63,0,0,False,False,True
2026-09-25 10:50:28,34.7,63,0,0,False,False,True
2026-09-25 10:50:30,34.7,62,0,0,False,False,True
2026-09-25 10:50:32,34.7,62,0,0,False,False,True
2026-09-25 10:50:34,34.7,62,0,0,False,False,True
2026-09-25 10:50:36,34.7,62,0,0,False,False,True
2026-09-25 10:50:38,34.7,62,0,0,False,False,True
2026-09-25 10:50:40,34.7,62,0,0,False,False,True
2026-09-25 10:50:42,34.7,61,0,0,False,False,True
2026-09-25 10:50:44,34.7,61,0,0,False,False,True
2026-09-25 10:50:46,34.7,61,0,0,False,False,True
2026-09-25 10:50:48,34.7,62,0,0,False,False,True
2026-09-25 10:50:50,34.7,62,0,0,False,False,True
2026-09-25 10:50:52,34.7,61,0,0,False,False,True
2026-09-25 10:50:54,34.7,61,0,0,False,False,True
2026-09-25 10:50:56,34.7,61,0,0,False,False,True
2026-09-25 10:50:58,34.7,61,0,0,False,False,True
2026-09-25 10:51:00,34.7,61,0,0,False,False,True
2026-09-25 10:51:02,34.7,61,0,0,False,False,True
2026-09-25 10:51:04,34.7,62,0,0,False,False,True
2026-09-25 10:51:06,34.7,61,0,0,False,False,True
2026-09-25 10:51:08,34.7,61,0,0,False,False,True
2026-09-25 10:51:10,34.7,61,0,0,False,False,True
2026-09-25 10:51:12,34.7,61,0,0,False,False,True
2026-09-25 10:51:14,34.7,61,0,0,False,False,True
2026-09-25 10:51:16,34.7,61,0,0,False,False,True
2026-09-25 10:51:18,34.7,60,0,0,False,False,True
2026-09-25 10:51:20,34.7,60,0,0,False,False,True
2026-09-25 10:51:22,34.7,60,0,0,False,False,True
2026-09-25 10:51:24,34.7,60,0,0,False,False,True
2026-09-25 10:51:26,34.7,60,0,0,False,False,True
2026-09-25 10:51:28,34.7,60,0,0,False,False,True
2026-09-25 10:51:30,34.7,60,0,0,False,False,True
2026-09-25 10:51:32,34.7,60,0,0,False,False,True
2026-09-25 10:51:34,34.7,60,0,0,False,False,True
2026-09-25 10:51:36,34.7,60,0,0,False,False,True
2026-09-25 10:51:38,34.7,60,0,0,False,False,True
2026-09-25 10:51:40,34.7,60,0,0,False,False,True
2026-09-25 10:51:42,34.7,60,0,0,False,False,True
2026-09-25 10:51:44,34.7,60,0,0,False,False,True
2026-09-25 10:51:46,34.8,60,0,0,False,False,True
2026-09-25 10:51:48,34.8,60,0,0,False,False,True
2026-09-25 10:51:50,34.8,60,0,0,False,False,True
2026-09-25 10:51:52,35.1,59,0,0,False,False,True
2026-09-25 10:51:54,35.1,59,0,0,False,False,True
2026-09-25 10:51:56,35.1,58,0,0,False,False,True
2026-09-25 10:51:58,35.1,58,0,0,False,False,True
2026-09-25 10:52:00,34.9,58,0,0,False,False,True
2026-09-25 10:52:02,34.9,59,0,0,False,False,True
2026-09-25 10:52:04,35.1,58,0,0,False,False,True
2026-09-25 10:52:06,34.9,59,0,0,False,False,True
2026-09-25 10:52:08,35,58,0,0,False,False,True
2026-09-25 10:52:10,35.2,58,0,0,False,False,True
2026-09-25 10:52:12,35.2,58,0,0,False,False,True
2026-09-25 10:52:14,35.2,58,0,0,False,False,True
2026-09-25 10:52:16,35.2,58,0,0,False,False,True
2026-09-25 10:52:18,35.2,58,0,0,False,False,True
2026-09-25 10:52:20,35.2,58,0,0,False,False,True
2026-09-25 10:52:22,35.2,58,0,0,False,False,True
2026-09-25 10:52:24,35.2,58,0,0,False,False,True
2026-09-25 10:52:26,35.2,58,0,0,False,False,True
2026-09-25 10:52:28,35.2,59,0,0,False,False,True
2026-09-25 10:52:30,35.2,59,0,0,False,False,True
2026-09-25 10:52:32,35.2,59,0,0,False,False,True
2026-09-25 10:52:34,35.2,59,0,0,False,False,True
2026-09-25 10:52:36,35.2,59,0,0,False,False,True
2026-09-25 10:52:38,35.2,59,0,0,False,False,True
2026-09-25 10:52:40,35.2,59,0,0,False,False,True
2026-09-25 10:52:42,35.2,59,0,0,False,False,True
2026-09-25 10:52:44,35.2,59,0,0,False,False,True
2026-09-25 10:52:46,35.2,59,0,0,False,False,True
2026-09-25 10:52:48,35.2,59,0,0,False,False,True
2026-09-25 10:52:50,35.2,59,0,0,False,False,True
2026-09-25 10:52:52,35.2,59,0,0,False,False,True
2026-09-25 10:52:54,35.2,59,0,0,False,False,True
2026-09-25 10:52:56,35.2,59,0,0,False,False,True
2026-09-25 10:52:58,35.2,59,0,0,False,False,True
2026-09-25 10:53:00,35.2,59,0,0,False,False,True
2026-09-25 10:53:02,35.2,59,0,0,False,False,True
2026-09-25 10:53:04,35.2,59,0,0,False,False,True
2026-09-25 10:53:06,35.2,59,0,0,False,False,True
2026-09-25 10:53:08,35.2,59,0,0,False,False,True
2026-09-25 10:53:10,35.2,59,0,0,False,False,True
2026-09-25 10:53:12,35.2,59,0,0,False,False,True
2026-09-25 10:53:14,35.2,59,0,0,False,False,True
2026-09-25 10:53:16,35.2,60,0,0,False,False,True
2026-09-25 10:53:18,35.2,60,0,0,False,False,True
2026-09-25 10:53:20,35.2,59,0,0,False,False,True
2026-09-25 10:53:22,35.2,59,0,0,False,False,True
2026-09-25 10:53:24,35.2,59,0,0,False,False,True
2026-09-25 10:53:26,35,59,0,0,False,False,True
2026-09-25 10:53:28,34.8,60,0,0,False,False,True
2026-09-25 10:53:30,34.8,60,0,0,False,False,True
2026-09-25 10:53:32,34.7,60,0,0,False,False,True
2026-09-25 10:53:34,34.7,60,0,0,False,False,True
2026-09-25 10:53:36,34.7,60,0,0,False,False,True
2026-09-25 10:53:38,34.7,60,0,0,False,False,True
2026-09-25 10:53:40,34.7,60,0,0,False,False,True
2026-09-25 10:53:42,34.7,60,0,0,False,False,True
2026-09-25 10:53:44,34.7,61,0,0,False,False,True
2026-09-25 10:53:46,34.7,61,0,0,False,False,True
2026-09-25 10:53:48,34.7,61,0,0,False,False,True
2026-09-25 10:53:50,34.7,61,0,0,False,False,True
2026-09-25 10:53:52,34.7,61,0,0,False,False,True
2026-09-25 10:53:54,34.7,61,0,0,False,False,True
2026-09-25 10:53:56,34.7,61,0,0,False,False,True
2026-09-25 10:53:58,34.7,61,0,0,False,False,True
2026-09-25 10:54:00,34.7,61,0,0,False,False,True
2026-09-25 10:54:02,34.7,61,0,0,False,False,True
2026-09-25 10:54:04,34.7,61,0,0,False,False,True
2026-09-25 10:54:06,34.7,61,0,0,False,False,True
2026-09-25 10:54:08,34.7,61,0,0,False,False,True
2026-09-25 10:54:10,34.7,61,0,0,False,False,True
2026-09-25 10:54:12,34.7,61,0,0,False,False,True
2026-09-25 10:54:14,34.7,61,0,0,False,False,True
2026-09-25 10:54:16,34.7,60,0,0,False,False,True
2026-09-25 10:54:18,34.7,60,0,0,False,False,True
2026-09-25 10:54:24,34.7,60,0,0,False,False,True
2026-09-25 10:54:26,34.7,60,0,0,False,False,True
2026-09-25 10:54:28,34.7,60,0,0,False,False,True
2026-09-25 10:54:30,34.7,61,0,0,False,False,True
2026-09-25 10:54:32,34.7,60,0,0,False,False,True
2026-09-25 10:54:34,34.7,60,0,0,False,False,True
2026-09-25 10:54:36,34.7,60,0,0,False,False,True
2026-09-25 10:54:38,34.7,60,0,0,False,False,True
2026-09-25 10:54:40,34.7,60,0,0,False,False,True
2026-09-25 10:54:42,34.8,60,0,0,False,False,True
2026-09-25 10:54:44,35,60,0,0,False,False,True
2026-09-25 10:54:46,35.2,59,0,0,False,False,True
2026-09-25 10:54:48,35.2,59,0,0,False,False,True
2026-09-25 10:54:50,35.2,59,0,0,False,False,True
2026-09-25 10:54:52,35.2,59,0,0,False,False,True
2026-09-25 10:54:54,35.2,59,0,0,False,False,True
2026-09-25 10:54:56,35.2,59,0,0,False,False,True
2026-09-25 10:54:58,35.2,59,0,0,False,False,True
2026-09-25 10:55:00,35.2,59,0,0,False,False,True
2026-09-25 10:55:02,35.2,59,0,0,False,False,True
2026-09-25 10:55:04,35.2,59,0,0,False,False,True
2026-09-25 10:55:06,35.2,59,0,0,False,False,True
2026-09-25 10:55:08,35.2,59,0,0,False,False,True
2026-09-25 10:55:10,35.2,59,0,0,False,False,True
2026-09-25 10:55:12,35.2,59,0,0,False,False,True
2026-09-25 10:55:14,35.2,59,0,0,False,False,True
2026-09-25 10:55:16,35.2,59,0,0,False,False,True
2026-09-25 10:55:18,35.2,59,0,0,False,False,True
2026-09-25 10:55:20,35.2,59,0,0,False,False,True
2026-09-25 10:55:22,35.2,59,0,0,False,False,True
2026-09-25 10:55:24,35.2,59,0,0,False,False,True
2026-09-25 10:55:26,35.2,59,0,0,False,False,True
2026-09-25 10:55:28,35.2,60,0,0,False,False,True
2026-09-25 10:55:30,35.2,60,0,0,False,False,True
2026-09-25 10:55:32,35.2,60,0,0,False,False,True
2026-09-25 10:55:34,35.2,60,0,0,False,False,True
2026-09-25 10:55:36,35.2,59,0,0,False,False,True
2026-09-25 10:55:38,35.2,59,0,0,False,False,True
2026-09-25 10:55:40,35.2,59,0,0,False,False,True
2026-09-25 10:55:42,35.2,60,0,0,False,False,True
2026-09-25 10:55:44,35.2,60,0,0,False,False,True
2026-09-25 10:55:46,35.2,60,0,0,False,False,True
2026-09-25 10:55:48,35.2,60,0,0,False,False,True
2026-09-25 10:55:50,35.2,60,0,0,False,False,True
2026-09-25 10:55:52,35.2,59,0,0,False,False,True
2026-09-25 10:55:54,35.2,60,0,0,False,False,True
2026-09-25 10:55:56,35.2,60,0,0,False,False,True
2026-09-25 10:55:58,35.2,60,0,0,False,False,True
2026-09-25 10:56:00,35.2,60,0,0,False,False,True
2026-09-25 10:56:02,35.2,60,0,0,False,False,True
2026-09-25 10:56:04,35.2,60,0,0,False,False,True
2026-09-25 10:56:06,35.2,60,0,0,False,False,True
2026-09-25 10:56:08,35.2,60,0,0,False,False,True
2026-09-25 10:56:10,35.2,60,0,0,False,False,True
2026-09-25 10:56:12,35.2,60,0,0,False,False,True
2026-09-25 10:56:14,35.2,60,0,0,False,False,True
2026-09-25 10:56:16,35.2,60,0,0,False,False,True
2026-09-25 10:56:18,35.2,60,0,0,False,False,True
2026-09-25 10:56:20,35.2,60,0,0,False,False,True
2026-09-25 10:56:22,35.2,60,0,0,False,False,True
2026-09-25 10:56:24,35.2,60,0,0,False,False,True
2026-09-25 10:56:26,35.2,60,0,0,False,False,True
2026-09-25 10:56:28,35.2,60,0,0,False,False,True
2026-09-25 10:56:30,35.2,60,0,0,False,False,True
2026-09-25 10:56:32,35.2,60,0,0,False,False,True
2026-09-25 10:56:34,35.2,60,0,0,False,False,True
2026-09-25 10:56:36,35.2,60,0,0,False,False,True
2026-09-25 10:56:38,35.2,60,0,0,False,False,True
2026-09-25 10:56:40,35.2,60,0,0,False,False,True
2026-09-25 10:56:42,35.2,60,0,0,False,False,True
2026-09-25 10:56:44,35.2,60,0,0,False,False,True
2026-09-25 10:56:46,35.2,60,0,0,False,False,True
2026-09-25 10:56:48,35.2,60,0,0,False,False,True
2026-09-25 10:56:50,35.2,60,0,0,False,False,True
2026-09-25 10:56:52,35.2,61,0,0,False,False,True
2026-09-25 10:56:54,35.2,61,0,0,False,False,True
2026-09-25 10:56:56,35.2,60,0,0,False,False,True
2026-09-25 10:56:58,35.2,60,0,0,False,False,True
2026-09-25 10:57:00,35.2,61,0,0,False,False,True
2026-09-25 10:57:02,35.2,60,0,0,False,False,True
2026-09-25 10:57:04,35.2,60,0,0,False,False,True
2026-09-25 10:57:06,35.2,61,0,0,False,False,True
2026-09-25 10:57:08,35.2,61,0,0,False,False,True
2026-09-25 10:57:10,35.2,60,0,0,False,False,True
2026-09-25 10:57:12,35.2,60,0,0,False,False,True
2026-09-25 10:57:17,35.2,60,0,0,False,False,True
2026-09-25 10:57:19,35.2,61,0,0,False,False,True
2026-09-25 10:57:21,35.2,61,0,0,False,False,True
2026-09-25 10:57:23,35.2,60,0,0,False,False,True
2026-09-25 10:57:25,35.2,60,0,0,False,False,True
2026-09-25 10:57:27,35.2,60,0,0,False,False,True
2026-09-25 10:57:29,35.2,60,0,0,False,False,True
2026-09-25 10:57:31,35.2,60,0,0,False,False,True
2026-09-25 10:57:33,35.2,60,0,0,False,False,True
2026-09-25 10:57:35,35.2,60,0,0,False,False,True
2026-09-25 10:57:37,35.2,59,0,0,False,False,True
2026-09-25 10:57:39,35.2,59,0,0,False,False,True
2026-09-25 10:57:41,35.2,59,0,0,False,False,True
2026-09-25 10:57:43,35.2,59,0,0,False,False,True
2026-09-25 10:57:45,35.2,60,0,0,False,False,True
2026-09-25 10:57:47,35.2,59,0,0,False,False,True
2026-09-25 10:57:49,35.2,58,0,0,False,False,True
2026-09-25 10:57:51,35.2,58,0,0,False,False,True
2026-09-25 10:57:53,35.2,58,0,0,False,False,True
2026-09-25 10:57:55,35.2,58,0,0,False,False,True
2026-09-25 10:57:57,35.2,58,0,0,False,False,True
2026-09-25 10:57:59,35.2,58,0,0,False,False,True
2026-09-25 10:58:01,35.2,58,0,0,False,False,True
2026-09-25 10:58:03,35.2,58,0,0,False,False,True
2026-09-25 10:58:05,35.2,58,0,0,False,False,True
2026-09-25 10:58:07,35.2,58,0,0,False,False,True
2026-09-25 10:58:09,35.2,57,0,0,False,False,True
2026-09-25 10:58:11,35.2,57,0,0,False,False,True
2026-09-25 10:58:13,35.2,57,0,0,False,False,True
2026-09-25 10:58:15,35.2,58,0,0,False,False,True
2026-09-25 10:58:17,35.2,57,0,0,False,False,True
2026-09-25 10:58:19,35.2,58,0,0,False,False,True
2026-09-25 10:58:21,35.2,58,0,0,False,False,True
2026-09-25 10:58:23,35.2,58,0,0,False,False,True
2026-09-25 10:58:25,35.2,58,0,0,False,False,True
2026-09-25 10:58:27,35.2,58,0,0,False,False,True
2026-09-25 10:58:29,35.2,58,0,0,False,False,True
2026-09-25 10:58:31,35.2,58,0,0,False,False,True
2026-09-25 10:58:42,35.2,58,0,0,False,False,True
2026-09-25 10:58:44,35.2,58,0,0,False,False,True
2026-09-25 10:58:45,ERR,ERR,ERR,ERR,False,False,False
2026-09-25 10:58:46,35.2,58,0,0,False,False,True
2026-09-25 10:58:47,ERR,ERR,ERR,ERR,False,False,False
2026-09-25 10:58:48,35.2,58,0,0,False,False,True
2026-09-25 10:58:49,ERR,ERR,ERR,ERR,False,False,False
2026-09-25 10:58:50,35.2,58,0,0,False,False,True
2026-09-25 10:58:51,ERR,ERR,ERR,ERR,False,False,False
2026-09-25 10:58:52,35.2,58,0,0,False,False,True
2026-09-25 10:58:53,ERR,ERR,ERR,ERR,False,False,False
2026-09-25 10:58:54,35.2,58,0,0,False,False,True
2026-09-25 10:58:55,ERR,ERR,ERR,ERR,False,False,False
2026-09-25 10:58:56,35.2,59,0,0,False,False,True
2026-09-25 10:58:57,ERR,ERR,ERR,ERR,False,False,False
2026-09-25 10:58:58,35.2,58,0,0,False,True,True
2026-09-25 10:58:59,ERR,ERR,ERR,ERR,False,False,False
2026-09-25 10:59:00,35.2,58,0,0,False,False,True
2026-09-25 10:59:01,ERR,ERR,ERR,ERR,False,False,False
2026-09-25 10:59:02,35.2,58,0,0,False,False,True
2026-09-25 10:59:03,ERR,ERR,ERR,ERR,False,False,False
2026-09-25 10:59:04,35.2,58,0,0,False,False,True
2026-09-25 10:59:05,ERR,ERR,ERR,ERR,False,False,False
2026-09-25 10:59:06,35.2,58,0,0,False,False,True
2026-09-25 10:59:07,ERR,ERR,ERR,ERR,False,False,False
2026-09-25 10:59:08,35.2,58,0,0,False,False,True
2026-09-25 10:59:09,ERR,ERR,ERR,ERR,False,False,False
2026-09-25 10:59:10,35.2,58,0,0,False,False,True
2026-09-25 10:59:11,ERR,ERR,ERR,ERR,False,False,False
2026-09-25 10:59:13,35.2,58,0,0,False,False,True
2026-09-25 10:59:13,ERR,ERR,ERR,ERR,False,False,False
2026-09-25 10:59:15,35.2,58,0,0,False,False,True
2026-09-25 10:59:15,ERR,ERR,ERR,ERR,False,False,False
2026-09-25 10:59:17,35.2,58,0,0,False,False,True
2026-09-25 10:59:17,ERR,ERR,ERR,ERR,False,False,False
2026-09-25 10:59:19,35.2,58,0,0,False,False,True
2026-09-25 10:59:19,ERR,ERR,ERR,ERR,False,False,False
2026-09-25 10:59:21,35.2,59,0,0,False,False,True
2026-09-25 10:59:21,ERR,ERR,ERR,ERR,False,False,False
2026-09-25 10:59:23,35.2,59,0,0,False,False,True
2026-09-25 10:59:23,ERR,ERR,ERR,ERR,False,False,False
2026-09-25 10:59:25,35.2,59,0,0,False,False,True
2026-09-25 10:59:25,ERR,ERR,ERR,ERR,False,False,False
2026-09-25 10:59:27,35.2,59,0,0,False,False,True
2026-09-25 10:59:27,ERR,ERR,ERR,ERR,False,False,False
2026-09-25 10:59:29,35.2,59,0,0,False,False,True
2026-09-25 10:59:29,ERR,ERR,ERR,ERR,False,False,False
2026-09-25 10:59:31,35.2,59,0,0,False,False,True
2026-09-25 10:59:31,ERR,ERR,ERR,ERR,False,False,False
2026-09-25 10:59:33,35.2,59,0,0,False,True,True
2026-09-25 10:59:33,ERR,ERR,ERR,ERR,False,False,False
2026-09-25 10:59:35,35.2,59,0,0,False,False,True
2026-09-25 10:59:35,ERR,ERR,ERR,ERR,False,False,False
2026-09-25 10:59:37,35.2,59,0,0,False,False,True
2026-09-25 10:59:37,ERR,ERR,ERR,ERR,False,False,False
2026-09-25 10:59:39,35.2,59,0,0,False,False,True
2026-09-25 10:59:39,ERR,ERR,ERR,ERR,False,False,False
2026-09-25 10:59:41,35.2,59,0,0,False,False,True
2026-09-25 10:59:41,ERR,ERR,ERR,ERR,False,False,False
2026-09-25 10:59:43,35.2,60,0,0,False,False,True
2026-09-25 10:59:43,ERR,ERR,ERR,ERR,False,False,False
2026-09-25 10:59:45,35.2,60,0,0,False,False,True
2026-09-25 10:59:45,ERR,ERR,ERR,ERR,False,False,False
2026-09-25 10:59:47,35.2,60,0,0,False,True,True
2026-09-25 10:59:47,ERR,ERR,ERR,ERR,False,False,False
2026-09-25 10:59:49,35.2,59,0,0,False,False,True
2026-09-25 10:59:49,ERR,ERR,ERR,ERR,False,False,False
2026-09-25 10:59:51,35.2,60,0,0,False,False,True
2026-09-25 10:59:51,ERR,ERR,ERR,ERR,False,False,False
2026-09-25 10:59:53,35.2,60,0,0,False,False,True
2026-09-25 10:59:53,ERR,ERR,ERR,ERR,False,False,False
2026-09-25 10:59:55,35.2,60,0,0,False,False,True
2026-09-25 10:59:55,ERR,ERR,ERR,ERR,False,False,False
2026-09-25 10:59:57,35.2,60,0,0,False,False,True
2026-09-25 10:59:57,ERR,ERR,ERR,ERR,False,False,False
2026-09-25 10:59:59,35.2,60,0,0,False,False,True
2026-09-25 10:59:59,ERR,ERR,ERR,ERR,False,False,False
2026-09-25 11:00:01,35.2,60,0,0,False,False,True
2026-09-25 11:00:01,ERR,ERR,ERR,ERR,False,False,False
2026-09-25 11:00:03,35.2,60,0,0,False,True,True
2026-09-25 11:00:03,ERR,ERR,ERR,ERR,False,False,False
2026-09-25 11:00:05,35.2,60,0,0,False,True,True
2026-09-25 11:00:05,ERR,ERR,ERR,ERR,False,False,False
2026-09-25 11:00:07,35.2,60,0,0,False,False,True
2026-09-25 11:00:07,ERR,ERR,ERR,ERR,False,False,False
2026-09-25 11:00:09,35.2,60,0,0,False,True,True
2026-09-25 11:00:09,ERR,ERR,ERR,ERR,False,False,False
2026-09-25 11:00:11,35.2,60,0,0,False,False,True
2026-09-25 11:00:11,ERR,ERR,ERR,ERR,False,False,False
2026-09-25 11:00:13,35.2,60,0,0,False,True,True
2026-09-25 11:00:13,ERR,ERR,ERR,ERR,False,False,False
2026-09-25 11:00:15,35.2,60,0,0,False,False,True
2026-09-25 11:00:15,ERR,ERR,ERR,ERR,False,False,False
2026-09-25 11:00:17,35.2,60,0,0,False,True,True
2026-09-25 11:00:17,ERR,ERR,ERR,ERR,False,False,False
2026-09-25 11:00:19,35.2,60,0,0,False,False,True
2026-09-25 11:00:19,ERR,ERR,ERR,ERR,False,False,False
2026-09-25 11:00:21,35.2,60,0,0,False,False,True
2026-09-25 11:00:21,ERR,ERR,ERR,ERR,False,False,False
2026-09-25 11:00:23,35.2,60,0,0,False,False,True
2026-09-25 11:00:23,ERR,ERR,ERR,ERR,False,False,False
2026-09-25 11:00:25,35.2,60,0,0,False,False,True
2026-09-25 11:00:26,ERR,ERR,ERR,ERR,False,False,False
2026-09-25 11:00:27,35.2,60,0,0,False,False,True
2026-09-25 11:00:28,ERR,ERR,ERR,ERR,False,False,False
2026-09-25 11:00:29,35.2,60,0,0,False,False,True
2026-09-25 11:00:30,ERR,ERR,ERR,ERR,False,False,False
2026-09-25 11:00:31,35.2,60,0,0,False,False,True
2026-09-25 11:00:32,ERR,ERR,ERR,ERR,False,False,False
2026-09-25 11:00:33,35.2,60,0,0,False,False,True
2026-09-25 11:00:34,ERR,ERR,ERR,ERR,False,False,False
2026-09-25 11:00:35,35.2,60,0,0,False,False,True
2026-09-25 11:00:36,ERR,ERR,ERR,ERR,False,False,False
2026-09-25 11:00:37,35.2,60,0,0,False,False,True
2026-09-25 11:00:38,ERR,ERR,ERR,ERR,False,False,False
2026-09-25 11:00:39,35.2,60,0,0,False,False,True
2026-09-25 11:00:40,ERR,ERR,ERR,ERR,False,False,False
2026-09-25 11:00:41,35.2,61,0,0,False,False,True
2026-09-25 11:00:42,ERR,ERR,ERR,ERR,False,False,False
2026-09-25 11:00:43,35.2,60,0,0,False,False,True
2026-09-25 11:00:44,ERR,ERR,ERR,ERR,False,False,False
2026-09-25 11:00:45,35.2,60,0,0,False,False,True
2026-09-25 11:00:46,ERR,ERR,ERR,ERR,False,False,False
2026-09-25 11:00:47,35.2,60,0,0,False,False,True
2026-09-25 11:00:48,ERR,ERR,ERR,ERR,False,False,False
2026-09-25 11:00:49,35.2,61,0,0,False,False,True
2026-09-25 11:00:50,ERR,ERR,ERR,ERR,False,False,False
2026-09-25 11:00:51,35.2,61,0,0,False,False,True
2026-09-25 11:00:52,ERR,ERR,ERR,ERR,False,False,False
2026-09-25 11:00:53,35.2,61,0,0,False,False,True
2026-09-25 11:00:54,ERR,ERR,ERR,ERR,False,False,False
2026-09-25 11:00:55,35.2,60,0,0,False,False,True
2026-09-25 11:00:56,ERR,ERR,ERR,ERR,False,False,False
2026-09-25 11:00:57,35.2,60,0,0,False,False,True
2026-09-25 11:00:58,ERR,ERR,ERR,ERR,False,False,False
2026-09-25 11:00:59,35.2,60,0,0,False,False,True
2026-09-25 11:01:00,ERR,ERR,ERR,ERR,False,False,False
2026-09-25 11:01:01,35.2,60,0,0,False,False,True
2026-09-25 11:01:02,ERR,ERR,ERR,ERR,False,False,False
2026-09-25 11:01:03,35.2,60,0,0,False,False,True
2026-09-25 11:01:04,ERR,ERR,ERR,ERR,False,False,False
2026-09-25 11:01:05,35.2,60,0,0,False,False,True
2026-09-25 11:01:06,ERR,ERR,ERR,ERR,False,False,False
2026-09-25 11:01:07,35.2,60,0,0,False,False,True
2026-09-25 11:01:08,ERR,ERR,ERR,ERR,False,False,False
2026-09-25 11:01:09,35.2,60,0,0,False,False,True
2026-09-25 11:01:10,ERR,ERR,ERR,ERR,False,False,False
2026-09-25 11:01:11,35.2,60,0,0,False,False,True
2026-09-25 11:01:12,ERR,ERR,ERR,ERR,False,False,False
2026-09-25 11:01:13,35.2,61,0,0,False,False,True
2026-09-25 11:01:14,ERR,ERR,ERR,ERR,False,False,False
2026-09-25 11:01:15,35.2,60,0,0,False,False,True
2026-09-25 11:01:16,ERR,ERR,ERR,ERR,False,False,False
2026-09-25 11:01:17,35.2,60,0,0,False,False,True
2026-09-25 11:01:18,ERR,ERR,ERR,ERR,False,False,False
2026-09-25 11:01:19,35.2,60,0,0,False,False,True
2026-09-25 11:01:20,ERR,ERR,ERR,ERR,False,False,False
2026-09-25 11:01:21,35.2,60,0,0,False,False,True
2026-09-25 11:01:22,ERR,ERR,ERR,ERR,False,False,False
2026-09-25 11:01:23,35.2,60,0,0,False,False,True
2026-09-25 11:01:24,ERR,ERR,ERR,ERR,False,False,False
2026-09-25 11:01:25,35.2,60,0,0,False,False,True
2026-09-25 11:01:26,ERR,ERR,ERR,ERR,False,False,False
2026-09-25 11:01:27,35.2,60,0,0,False,False,True
2026-09-25 11:01:28,ERR,ERR,ERR,ERR,False,False,False
2026-09-25 11:01:29,35.2,60,0,0,False,False,True
2026-09-25 11:01:30,ERR,ERR,ERR,ERR,False,False,False
2026-09-25 11:01:31,35.2,60,0,0,False,False,False
2026-09-25 11:01:32,ERR,ERR,ERR,ERR,False,False,False
2026-09-25 11:01:33,35.2,60,0,0,False,False,True
2026-09-25 11:01:34,ERR,ERR,ERR,ERR,False,False,False
2026-09-25 11:01:35,35.2,60,0,0,False,True,True
2026-09-25 11:01:36,ERR,ERR,ERR,ERR,False,False,False
2026-09-25 11:01:37,35.2,60,0,0,False,True,True
2026-09-25 11:01:38,ERR,ERR,ERR,ERR,False,False,False
2026-09-25 11:01:39,35.2,60,0,0,False,False,True
2026-09-25 11:01:40,ERR,ERR,ERR,ERR,False,False,False
2026-09-25 11:01:41,35.2,60,0,0,False,False,True
2026-09-25 11:01:42,ERR,ERR,ERR,ERR,False,False,False
2026-09-25 11:01:43,35.2,60,0,0,False,False,True
2026-09-25 11:01:44,ERR,ERR,ERR,ERR,False,False,False
2026-09-25 11:01:45,35.2,60,0,0,False,False,True
2026-09-25 11:01:46,ERR,ERR,ERR,ERR,False,False,False
2026-09-25 11:01:47,35.2,60,0,0,False,False,True
2026-09-25 11:01:48,ERR,ERR,ERR,ERR,False,False,False
2026-09-25 11:01:49,35.2,60,0,0,False,False,True
2026-09-25 11:01:50,ERR,ERR,ERR,ERR,False,False,False
2026-09-25 11:01:51,35.2,60,0,0,False,False,True
2026-09-25 11:01:52,ERR,ERR,ERR,ERR,False,False,False
2026-09-25 11:01:53,35.2,60,0,0,False,False,True
2026-09-25 11:01:54,ERR,ERR,ERR,ERR,False,False,False
2026-09-25 11:01:55,35.2,60,0,0,False,False,True
2026-09-25 11:01:56,ERR,ERR,ERR,ERR,False,False,False
2026-09-25 11:01:57,35.2,60,0,0,False,False,True
2026-09-25 11:01:58,ERR,ERR,ERR,ERR,False,False,False
2026-09-25 11:01:59,35.2,60,0,0,False,False,True
2026-09-25 11:02:00,ERR,ERR,ERR,ERR,False,False,False
2026-09-25 11:02:01,35.2,60,0,0,False,False,True
2026-09-25 11:02:02,ERR,ERR,ERR,ERR,False,False,False
2026-09-25 11:02:03,35.2,60,0,0,False,False,True
2026-09-25 11:02:04,ERR,ERR,ERR,ERR,False,False,False
2026-09-25 11:02:05,35.2,60,0,0,False,False,True
2026-09-25 11:02:06,ERR,ERR,ERR,ERR,False,False,False
2026-09-25 11:02:07,35.2,60,0,0,False,False,True
2026-09-25 11:02:08,ERR,ERR,ERR,ERR,False,False,False
2026-09-25 11:02:09,35.2,60,0,0,False,False,True
2026-09-25 11:02:10,ERR,ERR,ERR,ERR,False,False,False
2026-09-25 11:02:11,35.2,60,0,0,False,False,True
2026-09-25 11:02:12,ERR,ERR,ERR,ERR,False,False,False
2026-09-25 11:02:13,35.2,60,0,0,False,False,True
2026-09-25 11:02:14,ERR,ERR,ERR,ERR,False,False,False
2026-09-25 11:02:15,35.2,60,0,0,False,False,True
2026-09-25 11:02:16,ERR,ERR,ERR,ERR,False,False,False
2026-09-25 11:02:17,35.2,60,0,0,False,False,True
2026-09-25 11:02:18,ERR,ERR,ERR,ERR,False,False,False
2026-09-25 11:02:19,35.2,60,0,0,False,False,True
2026-09-25 11:02:20,ERR,ERR,ERR,ERR,False,False,False
2026-09-25 11:02:21,35.2,60,0,0,False,False,True
2026-09-25 11:02:22,ERR,ERR,ERR,ERR,False,False,False
2026-09-25 11:02:23,35.2,60,0,0,False,False,True
2026-09-25 11:02:24,ERR,ERR,ERR,ERR,False,False,False
2026-09-25 11:02:25,35.2,60,0,0,False,False,True
2026-09-25 11:02:26,ERR,ERR,ERR,ERR,False,False,False
2026-09-25 11:02:27,35.2,59,0,0,False,False,True
2026-09-25 11:02:28,ERR,ERR,ERR,ERR,False,False,False
2026-09-25 11:02:29,35.2,59,0,0,False,False,True
2026-09-25 11:02:30,ERR,ERR,ERR,ERR,False,False,False
2026-09-25 11:02:31,35.2,59,0,0,False,False,True
2026-09-25 11:02:32,ERR,ERR,ERR,ERR,False,False,False
2026-09-25 11:02:33,35.2,59,0,0,False,False,True
2026-09-25 11:02:34,ERR,ERR,ERR,ERR,False,False,False
2026-09-25 11:02:35,35.2,59,0,0,False,False,True
2026-09-25 11:02:36,ERR,ERR,ERR,ERR,False,False,False
2026-09-25 11:02:37,35.2,59,0,0,False,False,True
2026-09-25 11:02:38,ERR,ERR,ERR,ERR,False,False,False
2026-09-25 11:02:39,35.2,59,0,0,False,False,True
2026-09-25 11:02:40,ERR,ERR,ERR,ERR,False,False,False
2026-09-25 11:02:41,35.2,59,0,0,False,False,True
2026-09-25 11:02:42,ERR,ERR,ERR,ERR,False,False,False
2026-09-25 11:02:43,35.2,58,0,0,False,False,True
2026-09-25 11:02:44,ERR,ERR,ERR,ERR,False,False,False
2026-09-25 11:02:45,35.2,58,0,0,False,False,True
2026-09-25 11:02:46,ERR,ERR,ERR,ERR,False,False,False
2026-09-25 11:02:47,35.2,59,0,0,False,False,True
2026-09-25 11:02:48,ERR,ERR,ERR,ERR,False,False,False
2026-09-25 11:02:49,35.2,59,0,0,False,False,True
2026-09-25 11:02:50,ERR,ERR,ERR,ERR,False,False,False
2026-09-25 11:02:51,35.2,59,0,0,False,False,True
2026-09-25 11:02:52,ERR,ERR,ERR,ERR,False,False,False
2026-09-25 11:02:53,35.1,59,0,0,False,False,True
2026-09-25 11:02:54,ERR,ERR,ERR,ERR,False,False,False
2026-09-25 11:02:55,34.8,60,0,0,False,False,True
2026-09-25 11:02:56,ERR,ERR,ERR,ERR,False,False,False
2026-09-25 11:02:57,34.7,59,0,0,False,False,True
2026-09-25 11:02:58,ERR,ERR,ERR,ERR,False,False,False
2026-09-25 11:02:59,34.7,60,0,0,False,False,True
2026-09-25 11:03:00,ERR,ERR,ERR,ERR,False,False,False
2026-09-25 11:03:01,34.7,59,0,0,False,False,True
2026-09-25 11:03:03,ERR,ERR,ERR,ERR,False,False,False
2026-09-25 11:03:03,34.7,59,0,0,False,False,True
2026-09-25 11:03:05,ERR,ERR,ERR,ERR,False,False,False
2026-09-25 11:03:05,34.7,59,0,0,False,False,True
2026-09-25 11:03:07,ERR,ERR,ERR,ERR,False,False,False
2026-09-25 11:03:07,34.7,59,0,0,False,False,True
2026-09-25 11:03:09,ERR,ERR,ERR,ERR,False,False,False
2026-09-25 11:03:10,34.7,59,0,0,False,False,True
2026-09-25 11:03:11,ERR,ERR,ERR,ERR,False,False,False
2026-09-25 11:03:12,34.7,60,0,0,False,False,True
2026-09-25 11:03:13,ERR,ERR,ERR,ERR,False,False,False
2026-09-25 11:03:14,34.7,60,0,0,False,False,True
2026-09-25 11:03:15,ERR,ERR,ERR,ERR,False,False,False
2026-09-25 11:03:16,34.7,60,0,0,False,False,True
2026-09-25 11:03:17,ERR,ERR,ERR,ERR,False,False,False
2026-09-25 11:03:18,34.7,60,0,0,False,False,True
2026-09-25 11:03:19,ERR,ERR,ERR,ERR,False,False,False
2026-09-25 11:03:20,34.7,60,0,0,False,False,True
2026-09-25 11:03:21,ERR,ERR,ERR,ERR,False,False,False
2026-09-25 11:03:22,34.7,60,0,0,False,False,True
2026-09-25 11:03:23,ERR,ERR,ERR,ERR,False,False,False
2026-09-25 11:03:24,34.7,60,0,0,False,False,True
2026-09-25 11:03:25,ERR,ERR,ERR,ERR,False,False,False
2026-09-25 11:03:26,34.7,61,0,0,False,False,True
2026-09-25 11:03:27,ERR,ERR,ERR,ERR,False,False,False
2026-09-25 11:03:28,34.7,60,0,0,False,False,True
2026-09-25 11:03:29,ERR,ERR,ERR,ERR,False,False,False
2026-09-25 11:03:30,34.7,60,0,0,False,False,True
2026-09-25 11:03:31,ERR,ERR,ERR,ERR,False,False,False
2026-09-25 11:03:32,34.7,60,0,0,False,False,True
2026-09-25 11:03:33,ERR,ERR,ERR,ERR,False,False,False
2026-09-25 11:03:34,34.7,60,0,0,False,False,True
2026-09-25 11:03:35,ERR,ERR,ERR,ERR,False,False,False
2026-09-25 11:03:36,34.7,60,0,0,False,True,True
2026-09-25 11:03:37,ERR,ERR,ERR,ERR,False,False,False
2026-09-25 11:03:38,34.7,60,0,0,True,False,True
2026-09-25 11:03:39,ERR,ERR,ERR,ERR,False,False,False
2026-09-25 11:03:40,34.7,60,0,0,False,False,False
2026-09-25 11:03:41,ERR,ERR,ERR,ERR,False,False,False
2026-09-25 11:03:42,34.7,60,0,0,False,False,False
2026-09-25 11:03:43,ERR,ERR,ERR,ERR,False,False,False
2026-09-25 11:03:44,34.7,60,0,0,False,False,True
2026-09-25 11:03:45,ERR,ERR,ERR,ERR,False,False,False
2026-09-25 11:03:46,34.7,60,0,0,False,False,True
2026-09-25 11:03:47,ERR,ERR,ERR,ERR,False,False,False
2026-09-25 11:03:48,34.7,60,0,0,False,False,True
2026-09-25 11:03:49,ERR,ERR,ERR,ERR,False,False,False
2026-09-25 11:03:50,34.7,60,0,0,False,False,True
2026-09-25 11:03:51,ERR,ERR,ERR,ERR,False,False,False
2026-09-25 11:03:52,34.7,60,0,0,False,False,True
2026-09-25 11:03:53,ERR,ERR,ERR,ERR,False,False,False
2026-09-25 11:03:54,34.7,60,0,0,False,False,True
2026-09-25 11:03:55,ERR,ERR,ERR,ERR,False,False,False
2026-09-25 11:03:56,34.7,60,0,0,False,False,True
2026-09-25 11:03:57,ERR,ERR,ERR,ERR,False,False,False
2026-09-25 11:03:58,34.7,60,0,0,False,False,True
2026-09-25 11:03:59,ERR,ERR,ERR,ERR,False,False,False
2026-09-25 11:04:00,34.7,60,0,0,False,False,True
2026-09-25 11:04:01,ERR,ERR,ERR,ERR,False,False,False
2026-09-25 11:04:02,34.7,60,0,0,False,False,True
2026-09-25 11:04:03,ERR,ERR,ERR,ERR,False,False,False
2026-09-25 11:04:04,34.7,60,0,0,False,False,True
2026-09-25 11:04:05,ERR,ERR,ERR,ERR,False,False,False
2026-09-25 11:04:06,34.7,60,0,0,False,False,True
2026-09-25 11:04:07,ERR,ERR,ERR,ERR,False,False,False
2026-09-25 11:04:08,34.7,60,0,0,False,False,False
2026-09-25 11:04:09,ERR,ERR,ERR,ERR,False,False,False
2026-09-25 11:04:10,34.7,60,0,0,False,False,True
2026-09-25 11:04:11,ERR,ERR,ERR,ERR,False,False,False
2026-09-25 11:04:12,34.7,60,0,0,False,True,True
2026-09-25 11:04:13,ERR,ERR,ERR,ERR,False,False,False
2026-09-25 11:04:14,34.7,60,0,0,False,False,True
2026-09-25 11:04:15,ERR,ERR,ERR,ERR,False,False,False
2026-09-25 11:04:16,34.7,60,0,0,False,False,True
2026-09-25 11:04:17,ERR,ERR,ERR,ERR,False,False,False
2026-09-25 11:04:18,34.7,60,0,0,False,False,True
2026-09-25 11:04:19,ERR,ERR,ERR,ERR,False,False,False
2026-09-25 11:04:20,34.7,60,0,0,True,False,True
2026-09-25 11:04:21,ERR,ERR,ERR,ERR,False,False,False
2026-09-25 11:04:22,34.7,59,0,0,False,False,True
2026-09-25 11:04:23,ERR,ERR,ERR,ERR,False,False,False
2026-09-25 11:04:24,34.7,59,0,0,False,False,True
2026-09-25 11:04:25,ERR,ERR,ERR,ERR,False,False,False
2026-09-25 11:04:26,34.7,60,0,0,False,False,True
2026-09-25 11:04:27,ERR,ERR,ERR,ERR,False,False,False
2026-09-25 11:04:28,34.7,59,0,0,False,False,True
2026-09-25 11:04:29,ERR,ERR,ERR,ERR,False,False,False
2026-09-25 11:04:30,34.7,59,0,0,False,False,True
2026-09-25 11:04:31,ERR,ERR,ERR,ERR,False,False,False
2026-09-25 11:04:32,34.7,60,0,0,False,False,True
2026-09-25 11:04:33,ERR,ERR,ERR,ERR,False,False,False
2026-09-25 11:04:34,34.7,59,0,0,False,False,True
2026-09-25 11:04:35,ERR,ERR,ERR,ERR,False,False,False
2026-09-25 11:04:36,34.7,59,0,0,False,False,True
2026-09-25 11:04:37,ERR,ERR,ERR,ERR,False,False,False
2026-09-25 11:04:38,34.7,59,0,0,True,False,True
2026-09-25 11:04:39,ERR,ERR,ERR,ERR,False,False,False
2026-09-25 11:04:40,34.7,60,0,0,False,False,True
2026-09-25 11:04:41,ERR,ERR,ERR,ERR,False,False,False
2026-09-25 11:04:42,34.7,60,0,0,False,False,True
2026-09-25 11:04:43,ERR,ERR,ERR,ERR,False,False,False
2026-09-25 11:04:44,34.7,60,0,0,False,False,True
2026-09-25 11:04:45,ERR,ERR,ERR,ERR,False,False,False
2026-09-25 11:04:46,34.7,60,0,0,True,False,True
2026-09-25 11:04:47,ERR,ERR,ERR,ERR,False,False,False
2026-09-25 11:04:48,34.7,60,0,0,True,False,True
2026-09-25 11:04:49,ERR,ERR,ERR,ERR,False,False,False
2026-09-25 11:04:50,34.7,60,0,0,True,False,True
2026-09-25 11:04:51,ERR,ERR,ERR,ERR,False,False,False
2026-09-25 11:04:52,34.7,60,0,0,True,False,True
2026-09-25 11:04:53,ERR,ERR,ERR,ERR,False,False,False
2026-09-25 11:04:54,34.7,61,0,0,False,True,True
2026-09-25 11:04:55,ERR,ERR,ERR,ERR,False,False,False
2026-09-25 11:04:56,34.7,61,0,0,False,False,True
2026-09-25 11:04:57,ERR,ERR,ERR,ERR,False,False,False
2026-09-25 11:04:59,34.7,61,0,0,False,False,True
2026-09-25 11:04:59,ERR,ERR,ERR,ERR,False,False,False
2026-09-25 11:05:01,34.7,61,0,0,False,False,True
2026-09-25 11:05:01,ERR,ERR,ERR,ERR,False,False,False
2026-09-25 11:05:03,34.7,61,0,0,False,False,False
2026-09-25 11:05:03,ERR,ERR,ERR,ERR,False,False,False
2026-09-25 11:05:05,34.7,61,0,0,False,False,False
2026-09-25 11:05:05,ERR,ERR,ERR,ERR,False,False,False
2026-09-25 11:05:07,34.7,61,0,0,False,False,True
2026-09-25 11:05:07,ERR,ERR,ERR,ERR,False,False,False
2026-09-25 11:05:09,34.7,61,0,0,False,False,True
2026-09-25 11:05:09,ERR,ERR,ERR,ERR,False,False,False
2026-09-25 11:05:11,34.7,61,0,0,False,False,True
2026-09-25 11:05:12,ERR,ERR,ERR,ERR,False,False,False
2026-09-25 11:05:13,34.7,61,0,0,False,False,True
2026-09-25 11:05:17,34.6,62,0,0,False,False,True
2026-09-25 11:05:19,34.3,62,0,0,False,False,True
2026-09-25 11:05:21,34.2,62,0,0,False,False,True
2026-09-25 11:05:23,34.2,62,0,0,False,False,True
2026-09-25 11:05:25,34.2,62,0,0,False,False,True
2026-09-25 11:05:27,34.2,62,0,0,False,False,True
2026-09-25 11:05:29,34.2,62,0,0,False,True,True
2026-09-25 11:05:31,34.2,62,0,0,False,True,True
2026-09-25 11:05:33,34.2,63,0,0,False,False,True
2026-09-25 11:05:35,34.2,64,0,0,False,False,True
2026-09-25 11:05:37,34.3,63,0,0,False,False,True
2026-09-25 11:05:39,34.2,64,0,0,False,False,False
2026-09-25 11:05:41,34.2,64,0,0,False,True,True
2026-09-25 11:05:43,34.4,64,0,0,True,False,True
2026-09-25 11:05:45,34.7,62,0,0,False,True,True
2026-09-25 11:05:47,34.7,61,0,0,True,False,True
2026-09-25 11:05:49,34.7,60,0,0,False,True,True
2026-09-25 11:05:51,34.7,59,0,0,False,False,True
2026-09-25 11:06:00,ERR,ERR,ERR,ERR,False,False,False
2026-09-25 11:06:02,34.7,59,0,0,False,False,True
2026-09-25 11:06:04,35.2,59,0,0,False,False,True
2026-09-25 11:06:06,35.2,59,0,0,False,False,True
2026-09-25 11:06:08,35.2,59,0,0,False,False,True
2026-09-25 11:06:10,35.2,58,0,0,False,False,True
2026-09-25 11:06:12,35.2,58,0,0,False,False,True
2026-09-25 11:06:14,35.2,57,0,0,False,False,True
2026-09-25 11:06:16,35.6,57,0,0,False,False,True
2026-09-25 11:06:18,35.6,57,0,0,False,False,True
2026-09-25 11:06:20,35.6,56,0,0,False,False,True
2026-09-25 11:06:22,35.6,56,0,0,False,False,True
2026-09-25 11:06:24,35.6,56,0,0,False,False,True
2026-09-25 11:06:26,35.6,57,0,0,False,False,True
2026-09-25 11:06:28,36.3,59,0,0,False,False,True
2026-09-25 11:06:30,36.3,58,0,0,False,False,True
2026-09-25 11:06:32,36.3,58,0,0,False,False,True
2026-09-25 11:06:34,36.9,58,0,0,False,False,True
2026-09-25 11:06:36,36.9,59,0,0,False,False,True
2026-09-25 11:06:38,36.9,58,0,0,False,True,True
2026-09-25 11:06:40,36.9,58,0,0,False,False,True
2026-09-25 11:06:42,36.9,57,0,0,False,False,True
2026-09-25 11:06:44,36.9,56,0,0,False,False,True
2026-09-25 11:06:46,37.4,54,0,0,False,False,True
2026-09-25 11:06:48,37.4,54,0,0,False,False,True
2026-09-25 11:06:50,37.4,54,0,0,False,False,True
2026-09-25 11:06:52,37.4,53,0,0,False,False,True
2026-09-25 11:06:54,37.4,52,0,0,False,False,True
2026-09-25 11:06:56,37.4,51,0,0,False,False,True
2026-09-25 11:06:58,37.4,51,0,0,False,False,True
2026-09-25 11:07:00,37.4,50,0,0,False,False,True
2026-09-25 11:07:02,37.4,50,0,0,False,False,True
2026-09-25 11:07:04,37.4,50,0,0,False,False,True
2026-09-25 11:07:06,37.4,50,0,0,False,False,True
2026-09-25 11:07:07,ERR,ERR,ERR,ERR,False,False,False
2026-09-25 11:07:08,37.7,49,0,0,False,False,True
2026-09-25 11:07:09,ERR,ERR,ERR,ERR,False,False,False
2026-09-25 11:07:10,38,48,0,0,False,False,True
2026-09-25 11:07:11,ERR,ERR,ERR,ERR,False,False,False
2026-09-25 11:07:12,38,48,0,0,False,False,True
2026-09-25 11:07:13,ERR,ERR,ERR,ERR,False,False,False
2026-09-25 11:07:14,38,48,0,0,False,False,True
2026-09-25 11:07:15,ERR,ERR,ERR,ERR,False,False,False
2026-09-25 11:07:16,38,48,0,0,False,False,True
2026-09-25 11:07:17,ERR,ERR,ERR,ERR,False,False,False
2026-09-25 11:07:18,38,48,0,0,False,False,True
2026-09-25 11:07:19,ERR,ERR,ERR,ERR,False,False,False
2026-09-25 11:07:20,38,48,0,0,False,False,True
2026-09-25 11:07:21,ERR,ERR,ERR,ERR,False,False,False
2026-09-25 11:07:22,38,48,0,0,False,False,True
2026-09-25 11:07:23,ERR,ERR,ERR,ERR,False,False,False
2026-09-25 11:07:24,38,48,0,0,False,False,True
2026-09-25 11:07:25,ERR,ERR,ERR,ERR,False,False,False
2026-09-25 11:07:26,38,48,0,0,False,False,True
2026-09-25 11:07:27,ERR,ERR,ERR,ERR,False,False,False
2026-09-25 11:07:28,38,48,0,0,False,False,True
2026-09-25 11:07:29,ERR,ERR,ERR,ERR,False,False,False
2026-09-25 11:07:30,38.5,48,0,0,False,False,True
2026-09-25 11:07:31,ERR,ERR,ERR,ERR,False,False,False
2026-09-25 11:07:32,38.5,48,0,0,False,False,True
2026-09-25 11:07:33,ERR,ERR,ERR,ERR,False,False,False
2026-09-25 11:07:34,38.5,48,0,0,False,False,True
2026-09-25 11:07:35,ERR,ERR,ERR,ERR,False,False,False
2026-09-25 11:07:36,38.5,48,0,0,False,False,True
2026-09-25 11:07:37,ERR,ERR,ERR,ERR,False,False,False
2026-09-25 11:07:38,38.5,48,0,0,False,False,True
2026-09-25 11:07:39,ERR,ERR,ERR,ERR,False,False,False
2026-09-25 11:07:40,38.5,48,0,0,False,False,True
2026-09-25 11:07:41,ERR,ERR,ERR,ERR,False,False,False
2026-09-25 11:07:42,38.5,48,0,0,False,False,True
2026-09-25 11:07:43,ERR,ERR,ERR,ERR,False,False,False
2026-09-25 11:07:44,38.5,48,0,0,False,False,True
2026-09-25 11:07:45,ERR,ERR,ERR,ERR,False,False,False
2026-09-25 11:07:46,39,48,0,0,False,False,True
2026-09-25 11:07:47,ERR,ERR,ERR,ERR,False,False,False
2026-09-25 11:07:48,39,48,0,0,False,False,True
2026-09-25 11:07:49,ERR,ERR,ERR,ERR,False,False,False
2026-09-25 11:07:50,39,48,0,0,False,False,True
2026-09-25 11:07:51,ERR,ERR,ERR,ERR,False,False,False
2026-09-25 11:07:52,39,48,0,0,False,False,True
2026-09-25 11:07:53,ERR,ERR,ERR,ERR,False,False,False
2026-09-25 11:07:54,39,47,0,0,False,False,True
2026-09-25 11:07:55,ERR,ERR,ERR,ERR,False,False,False
2026-09-25 11:07:56,39.1,47,0,0,False,False,True
2026-09-25 11:07:57,ERR,ERR,ERR,ERR,False,False,False
2026-09-25 11:07:58,39.1,47,0,0,False,False,True
2026-09-25 11:07:59,ERR,ERR,ERR,ERR,False,False,False
2026-09-25 11:08:00,39.5,46,0,0,False,False,True
2026-09-25 11:08:01,ERR,ERR,ERR,ERR,False,False,False
2026-09-25 11:08:02,39.5,46,0,0,False,False,True
2026-09-25 11:08:03,ERR,ERR,ERR,ERR,False,False,False
2026-09-25 11:08:04,39.5,46,0,0,False,False,True
2026-09-25 11:08:05,ERR,ERR,ERR,ERR,False,False,False
2026-09-25 11:08:06,39.5,46,0,0,False,False,True
2026-09-25 11:08:07,ERR,ERR,ERR,ERR,False,False,False
2026-09-25 11:08:08,39.5,46,0,0,False,False,True
2026-09-25 11:08:09,ERR,ERR,ERR,ERR,False,False,False
2026-09-25 11:08:10,39.5,46,0,0,False,False,True
2026-09-25 11:08:11,ERR,ERR,ERR,ERR,False,False,False
2026-09-25 11:08:12,39.5,46,0,0,False,False,True
2026-09-25 11:08:13,ERR,ERR,ERR,ERR,False,False,False
2026-09-25 11:08:14,39.5,46,0,0,False,False,True
2026-09-25 11:08:15,ERR,ERR,ERR,ERR,False,False,False
2026-09-25 11:08:16,39.5,46,0,0,False,False,True
2026-09-25 11:08:17,ERR,ERR,ERR,ERR,False,False,False
2026-09-25 11:08:18,39.5,46,0,0,False,False,True
2026-09-25 11:08:20,ERR,ERR,ERR,ERR,False,False,False
2026-09-25 11:08:20,39.5,46,0,0,False,False,True
2026-09-25 11:08:22,ERR,ERR,ERR,ERR,False,False,False
2026-09-25 11:08:22,39.5,46,0,0,False,False,True
2026-09-25 11:08:24,ERR,ERR,ERR,ERR,False,False,False
2026-09-25 11:08:24,39.5,46,0,0,False,False,True
2026-09-25 11:08:26,ERR,ERR,ERR,ERR,False,False,False
2026-09-25 11:08:26,39.5,45,0,0,False,False,True
2026-09-25 11:08:28,ERR,ERR,ERR,ERR,False,False,False
2026-09-25 11:08:28,39.5,45,0,0,False,False,True
2026-09-25 11:08:30,ERR,ERR,ERR,ERR,False,False,False
2026-09-25 11:08:30,39.5,45,0,0,False,False,True
2026-09-25 11:08:32,ERR,ERR,ERR,ERR,False,False,False
2026-09-25 11:08:32,39.6,46,0,0,False,False,True
2026-09-25 11:08:34,ERR,ERR,ERR,ERR,False,False,False
2026-09-25 11:08:34,40.1,45,0,0,False,False,True
2026-09-25 11:08:36,ERR,ERR,ERR,ERR,False,False,False
2026-09-25 11:08:36,40.1,46,0,0,False,False,True
2026-09-25 11:08:38,ERR,ERR,ERR,ERR,False,False,False
2026-09-25 11:08:38,40.1,46,0,0,False,False,True
2026-09-25 11:08:40,ERR,ERR,ERR,ERR,False,False,False
2026-09-25 11:08:40,40.1,46,0,0,False,False,True
2026-09-25 11:08:42,ERR,ERR,ERR,ERR,False,False,False
2026-09-25 11:08:42,40.1,46,0,0,False,False,True
2026-09-25 11:08:44,ERR,ERR,ERR,ERR,False,False,False
2026-09-25 11:08:44,40.1,45,0,0,False,False,True
2026-09-25 11:08:46,ERR,ERR,ERR,ERR,False,False,False
2026-09-25 11:08:46,40.6,45,0,0,False,False,True
2026-09-25 11:08:48,ERR,ERR,ERR,ERR,False,False,False
2026-09-25 11:08:48,40.6,45,0,0,False,False,True
2026-09-25 11:08:50,ERR,ERR,ERR,ERR,False,False,False
2026-09-25 11:08:50,40.6,45,0,0,False,False,True
2026-09-25 11:08:52,ERR,ERR,ERR,ERR,False,False,False
2026-09-25 11:08:53,40.6,45,0,0,False,False,True
2026-09-25 11:08:54,ERR,ERR,ERR,ERR,False,False,False
2026-09-25 11:08:55,40.6,45,0,0,False,False,True
2026-09-25 11:08:56,ERR,ERR,ERR,ERR,False,False,False
2026-09-25 11:08:57,40.6,45,0,0,False,False,True
2026-09-25 11:08:58,ERR,ERR,ERR,ERR,False,False,False
2026-09-25 11:08:59,41.1,45,0,0,False,False,True
2026-09-25 11:09:00,ERR,ERR,ERR,ERR,False,False,False
2026-09-25 11:09:01,41.1,45,0,0,False,False,True
2026-09-25 11:09:02,ERR,ERR,ERR,ERR,False,False,False
2026-09-25 11:09:03,41.1,45,0,0,False,False,True
2026-09-25 11:09:04,ERR,ERR,ERR,ERR,False,False,False
2026-09-25 11:09:05,41.1,45,0,0,False,False,True
2026-09-25 11:09:06,ERR,ERR,ERR,ERR,False,False,False
2026-09-25 11:09:07,41.6,45,0,0,False,False,True
2026-09-25 11:09:08,ERR,ERR,ERR,ERR,False,False,False
2026-09-25 11:09:09,41.6,45,0,0,False,False,True
2026-09-25 11:09:10,ERR,ERR,ERR,ERR,False,False,False
2026-09-25 11:09:11,41.6,45,0,0,False,False,True
2026-09-25 11:09:12,ERR,ERR,ERR,ERR,False,False,False
2026-09-25 11:09:13,41.6,45,0,0,False,False,True
2026-09-25 11:09:14,ERR,ERR,ERR,ERR,False,False,False
2026-09-25 11:09:15,41.9,45,0,0,False,False,True
2026-09-25 11:09:16,ERR,ERR,ERR,ERR,False,False,False
2026-09-25 11:09:17,42,45,0,0,False,False,True
2026-09-25 11:09:18,ERR,ERR,ERR,ERR,False,False,False
2026-09-25 11:09:19,42,45,0,0,False,False,True
2026-09-25 11:09:20,ERR,ERR,ERR,ERR,False,False,False
2026-09-25 11:09:21,42,44,0,0,False,False,True
2026-09-25 11:09:22,ERR,ERR,ERR,ERR,False,False,False
2026-09-25 11:09:23,42,44,0,0,False,False,True
2026-09-25 11:09:24,ERR,ERR,ERR,ERR,False,False,False
2026-09-25 11:09:25,42,44,0,0,False,False,True
2026-09-25 11:09:26,ERR,ERR,ERR,ERR,False,False,False
2026-09-25 11:09:27,42,44,0,0,False,False,True
2026-09-25 11:09:28,ERR,ERR,ERR,ERR,False,False,False
2026-09-25 11:09:29,42,44,0,0,False,False,True
2026-09-25 11:09:30,ERR,ERR,ERR,ERR,False,False,False
2026-09-25 11:09:31,42,43,0,0,False,False,True
2026-09-25 11:09:32,ERR,ERR,ERR,ERR,False,False,False
2026-09-25 11:09:33,42,43,0,0,False,False,True
2026-09-25 11:09:34,ERR,ERR,ERR,ERR,False,False,False
2026-09-25 11:09:35,42,43,0,0,False,False,True
2026-09-25 11:09:36,ERR,ERR,ERR,ERR,False,False,False
2026-09-25 11:09:37,42,43,0,0,False,False,True
2026-09-25 11:09:38,ERR,ERR,ERR,ERR,False,False,False
2026-09-25 11:09:39,42,43,0,0,False,False,True
2026-09-25 11:09:40,ERR,ERR,ERR,ERR,False,False,False
2026-09-25 11:09:41,42,43,0,0,False,False,True
2026-09-25 11:09:42,ERR,ERR,ERR,ERR,False,False,False
2026-09-25 11:09:43,42,43,0,0,False,False,True
2026-09-25 11:09:44,ERR,ERR,ERR,ERR,False,False,False
2026-09-25 11:09:45,42,42,0,0,False,False,True
2026-09-25 11:09:46,ERR,ERR,ERR,ERR,False,False,False
2026-09-25 11:09:47,42,43,0,0,False,False,True
2026-09-25 11:09:48,ERR,ERR,ERR,ERR,False,False,False
2026-09-25 11:09:49,42,43,0,0,False,False,True
2026-09-25 11:09:50,ERR,ERR,ERR,ERR,False,False,False
2026-09-25 11:09:51,42,43,0,0,False,False,True
2026-09-25 11:09:52,ERR,ERR,ERR,ERR,False,False,False
2026-09-25 11:09:53,42,43,0,0,False,False,True
2026-09-25 11:09:54,ERR,ERR,ERR,ERR,False,False,False
2026-09-25 11:09:55,42,43,0,0,False,False,True
2026-09-25 11:09:58,ERR,ERR,ERR,ERR,False,False,False
2026-09-25 11:09:58,ERR,ERR,ERR,ERR,False,False,False
2026-09-25 11:10:00,ERR,ERR,ERR,ERR,False,False,False
2026-09-25 11:10:00,ERR,ERR,ERR,ERR,False,False,False
2026-09-25 11:10:02,ERR,ERR,ERR,ERR,False,False,False
2026-09-25 11:10:04,ERR,ERR,ERR,ERR,False,False,False
2026-09-25 11:10:06,ERR,ERR,ERR,ERR,False,False,False
2026-09-25 11:10:08,ERR,ERR,ERR,ERR,False,False,False
2026-09-25 11:10:10,ERR,ERR,ERR,ERR,False,False,False
2026-09-25 11:10:10,ERR,ERR,ERR,ERR,False,False,False
2026-09-25 11:10:12,ERR,ERR,ERR,ERR,False,False,False
2026-09-25 11:10:12,ERR,ERR,ERR,ERR,False,False,False
2026-09-25 11:10:14,ERR,ERR,ERR,ERR,False,False,False
2026-09-25 11:10:17,41.6,42,0,0,False,False,True
2026-09-25 11:10:19,41.6,42,0,0,False,False,True
2026-09-25 11:10:21,41.6,42,0,0,False,False,True
2026-09-25 11:10:23,41.6,43,0,0,False,False,True
2026-09-25 11:10:25,41.6,42,0,0,False,False,True
2026-09-25 11:10:27,41.6,43,0,0,False,False,True
2026-09-25 11:10:29,41.6,43,0,0,False,False,True
2026-09-25 11:10:31,41.6,43,0,0,False,False,True
2026-09-25 11:10:33,41.6,43,0,0,False,False,True
2026-09-25 11:10:35,41.6,43,0,0,False,False,True
2026-09-25 11:10:37,41.6,43,0,0,False,False,True
2026-09-25 11:10:39,41.6,43,0,0,False,False,True
2026-09-25 11:10:41,41.6,43,0,0,False,False,True
2026-09-25 11:10:43,41.6,43,0,0,False,False,True
2026-09-25 11:10:45,41.6,43,0,0,False,False,True
2026-09-25 11:10:47,41.2,43,0,0,False,False,True
2026-09-25 11:10:49,41.1,43,0,0,False,False,True
2026-09-25 11:10:51,41.1,43,0,0,False,False,True
2026-09-25 11:10:53,41.1,43,0,0,False,False,True
2026-09-25 11:10:55,41.1,44,0,0,False,False,True
2026-09-25 11:10:57,41.1,44,0,0,False,False,True
2026-09-25 11:10:59,41.1,44,0,0,False,False,True
2026-09-25 11:11:01,41.1,44,0,0,False,False,True
2026-09-25 11:11:03,41.1,44,0,0,False,False,True
2026-09-25 11:11:05,41.1,44,0,0,False,False,True
2026-09-25 11:11:07,41.1,44,0,0,False,False,True
2026-09-25 11:11:09,41.1,43,0,0,False,False,True
2026-09-25 11:11:11,41.1,43,0,0,False,False,True
2026-09-25 11:11:13,41.1,43,0,0,False,False,True
2026-09-25 11:11:15,41.1,43,0,0,False,False,True
2026-09-25 11:11:17,41.1,43,0,0,False,False,True
2026-09-25 11:11:19,41.1,44,0,0,False,False,True
2026-09-25 11:11:21,41.1,44,0,0,False,False,True
2026-09-25 11:11:23,41.1,45,0,0,False,False,True
2026-09-25 11:11:25,41.1,45,0,0,False,False,True
2026-09-25 11:11:27,41.1,44,0,0,False,False,True
2026-09-25 11:11:29,41.1,43,0,0,False,False,True
2026-09-25 11:11:31,41.1,43,0,0,False,False,True
2026-09-25 11:11:33,41.1,43,0,0,False,False,True
2026-09-25 11:11:35,41.1,43,0,0,False,False,True
2026-09-25 11:11:37,41.1,43,0,0,False,False,True
2026-09-25 11:11:39,41.1,43,0,0,False,False,True
2026-09-25 11:11:41,41.1,43,0,0,False,False,True
2026-09-25 11:11:43,41.1,43,0,0,False,False,True
2026-09-25 11:11:45,41.1,43,0,0,False,False,True
2026-09-25 11:11:47,41.1,43,0,0,False,False,True
2026-09-25 11:11:49,41,44,0,0,False,False,True
2026-09-25 11:11:51,40.6,44,0,0,False,False,True
2026-09-25 11:11:53,40.6,44,0,0,False,False,True
2026-09-25 11:11:55,40.6,44,0,0,False,False,True
2026-09-25 11:11:57,40.6,44,0,0,False,False,True
2026-09-25 11:11:59,40.6,44,0,0,False,False,True
2026-09-25 11:12:01,40.6,44,0,0,False,False,True
2026-09-25 11:12:03,40.6,44,0,0,False,False,True
2026-09-25 11:12:05,40.6,44,0,0,False,False,True
2026-09-25 11:12:07,40.6,43,0,0,False,False,True
2026-09-25 11:12:09,40.6,43,0,0,False,False,True
2026-09-25 11:12:11,40.6,42,0,0,False,False,True
2026-09-25 11:12:13,40.6,42,0,0,False,False,True
2026-09-25 11:12:15,40.6,41,0,0,False,False,True
2026-09-25 11:12:17,40.6,41,0,0,False,False,True
2026-09-25 11:12:19,40.6,42,0,0,False,False,True
2026-09-25 11:12:21,40.6,42,0,0,False,False,True
2026-09-25 11:12:23,40.6,42,0,0,False,False,True
2026-09-25 11:12:25,40.6,42,0,0,False,False,True
2026-09-25 11:12:27,40.6,41,0,0,False,False,True
2026-09-25 11:12:29,40.6,41,0,0,False,False,True
2026-09-25 11:12:31,40.6,41,0,0,False,False,True
2026-09-25 11:12:33,40.6,41,0,0,False,False,True
2026-09-25 11:12:35,40.6,42,0,0,False,False,True
2026-09-25 11:12:37,40.6,42,0,0,False,False,True
2026-09-25 11:12:39,40.6,42,0,0,False,False,True
2026-09-25 11:12:41,40.6,42,0,0,False,False,True
2026-09-25 11:12:43,40.6,42,0,0,False,False,True
2026-09-25 11:12:45,40.6,42,0,0,False,False,True
2026-09-25 11:12:47,40.6,42,0,0,False,False,True
2026-09-25 11:12:49,40.6,42,0,0,False,False,True
2026-09-25 11:12:51,40.6,42,0,0,False,False,True
2026-09-25 11:12:53,40.6,42,0,0,False,False,True
2026-09-25 11:12:55,40.6,42,0,0,False,False,True
2026-09-25 11:12:57,40.6,42,0,0,False,False,True
2026-09-25 11:12:59,40.6,42,0,0,False,False,True
2026-09-25 11:13:01,40.6,42,0,0,False,False,True
2026-09-25 11:13:03,40.6,42,0,0,False,False,True
2026-09-25 11:13:05,40.6,42,0,0,False,False,True
2026-09-25 11:13:07,40.6,42,0,0,False,False,True
2026-09-25 11:13:09,40.6,41,0,0,False,False,True
2026-09-25 11:13:11,40.1,41,0,0,False,False,True
2026-09-25 11:13:13,40.1,41,0,0,False,False,True
2026-09-25 11:13:15,40.1,41,0,0,False,False,True
2026-09-25 11:13:17,40.1,42,0,0,False,False,True
2026-09-25 11:13:19,40.1,42,0,0,False,False,True
2026-09-25 11:13:21,40.1,42,0,0,False,False,True
2026-09-25 11:13:23,40.1,42,0,0,False,False,True
2026-09-25 11:13:25,40.1,42,0,0,False,False,True
2026-09-25 11:13:27,40.1,42,0,0,False,False,True
2026-09-25 11:13:29,40.1,43,0,0,False,False,True
2026-09-25 11:13:31,39.8,44,0,0,False,False,True
2026-09-25 11:13:33,39.9,43,0,0,False,False,True
2026-09-25 11:13:35,40.1,42,0,0,False,False,True
2026-09-25 11:13:37,40.1,42,0,0,False,False,True
2026-09-25 11:13:39,40.1,42,0,0,False,False,True
2026-09-25 11:13:41,40.1,42,0,0,False,False,True
2026-09-25 11:13:43,40.1,42,0,0,False,False,True
2026-09-25 11:13:45,40.1,42,0,0,False,False,True
2026-09-25 11:13:47,40.1,42,0,0,False,False,True
2026-09-25 11:13:49,40.1,42,0,0,False,False,True
2026-09-25 11:13:51,40.1,43,0,0,False,False,True
2026-09-25 11:13:53,40.1,43,0,0,False,False,True
2026-09-25 11:13:55,40.1,44,0,0,False,False,True
2026-09-25 11:13:57,40.1,44,0,0,False,False,True
2026-09-25 11:13:59,40.6,44,0,0,False,False,True
2026-09-25 11:14:01,40.6,44,0,0,False,False,True
2026-09-25 11:14:03,40.6,44,0,0,False,False,True
2026-09-25 11:14:05,40.6,44,0,0,False,False,True
2026-09-25 11:14:07,40.6,43,0,0,False,False,True
2026-09-25 11:14:09,40.6,42,0,0,False,False,True
2026-09-25 11:14:11,40.6,42,0,0,False,False,True
2026-09-25 11:14:13,40.6,42,0,0,False,False,True
2026-09-25 11:14:15,40.6,42,0,0,False,False,True
2026-09-25 11:14:17,40.6,42,0,0,False,False,True
2026-09-25 11:14:19,40.6,42,0,0,False,False,True
2026-09-25 11:14:21,40.6,42,0,0,False,False,True
2026-09-25 11:14:23,41.1,42,0,0,False,False,True
2026-09-25 11:14:25,41.1,41,0,0,False,False,True
2026-09-25 11:14:30,41.1,41,0,0,False,False,True
2026-09-25 11:14:32,41.1,41,0,0,False,False,True
2026-09-25 11:14:34,41.1,41,0,0,False,False,True
2026-09-25 11:14:36,41.1,40,0,0,False,False,True
2026-09-25 11:14:38,41.5,40,0,0,False,False,True
2026-09-25 11:14:40,41.6,40,0,0,False,False,True
2026-09-25 11:14:42,41.6,40,0,0,False,False,True
2026-09-25 11:14:44,41.6,40,0,0,False,False,True
2026-09-25 11:14:46,41.6,39,0,0,False,False,True
2026-09-25 11:14:48,41.6,39,0,0,False,False,True
2026-09-25 11:14:50,41.6,39,0,0,False,False,True
2026-09-25 11:14:52,41.6,39,0,0,False,False,True
2026-09-25 11:14:54,41.5,39,0,0,False,False,True
2026-09-25 11:14:56,41.5,39,0,0,False,False,True
2026-09-25 11:14:58,41.6,39,0,0,False,False,True
2026-09-25 11:15:00,41.6,39,0,0,False,False,True
2026-09-25 11:15:02,41.6,39,0,0,False,False,True
2026-09-25 11:15:04,41.6,39,0,0,False,False,True
2026-09-25 11:15:06,41.6,39,0,0,False,False,True
2026-09-25 11:15:08,41.6,39,0,0,False,False,True
2026-09-25 11:15:10,41.6,39,0,0,False,False,True
2026-09-25 11:15:12,41.6,39,0,0,False,False,True
2026-09-25 11:15:14,41.6,39,0,0,False,False,True
2026-09-25 11:15:16,41.6,39,0,0,False,False,True
2026-09-25 11:15:18,41.6,39,0,0,False,False,True
2026-09-25 11:15:20,41.6,39,0,0,False,False,True
2026-09-25 11:15:22,41.6,39,0,0,False,False,True
2026-09-25 11:15:24,41.6,39,0,0,False,False,True
2026-09-25 11:15:26,41.6,39,0,0,False,False,True
2026-09-25 11:15:28,41.6,39,0,0,False,False,True
2026-09-25 11:15:30,41.6,39,0,0,False,False,True
2026-09-25 11:15:32,41.6,39,0,0,False,False,True
2026-09-25 11:15:34,41.6,39,0,0,False,False,True
2026-09-25 11:15:36,41.6,39,0,0,False,False,True
2026-09-25 11:15:38,41.6,39,0,0,False,False,True
2026-09-25 11:15:40,41.6,39,0,0,False,False,True
2026-09-25 11:15:42,41.6,39,0,0,False,False,True
2026-09-25 11:15:44,41.6,40,0,0,False,False,True
2026-09-25 11:15:46,42,40,0,0,False,False,True
2026-09-25 11:15:48,42,40,0,0,False,False,True
2026-09-25 11:15:50,42,40,0,0,False,False,True
2026-09-25 11:15:52,42,40,0,0,False,False,True
2026-09-25 11:15:54,42,39,0,0,False,False,True
2026-09-25 11:15:56,42,38,0,0,False,False,True
2026-09-25 11:15:58,42,38,0,0,False,False,True
2026-09-25 11:16:00,42,38,0,0,False,False,True
2026-09-25 11:16:02,42.1,39,0,0,False,False,True
2026-09-25 11:16:04,42.5,39,0,0,False,False,True
2026-09-25 11:16:06,42.5,39,0,0,False,False,True
2026-09-25 11:16:08,42.5,39,0,0,False,False,True
2026-09-25 11:16:10,42.5,39,0,0,False,False,True
2026-09-25 11:16:12,42.5,39,0,0,False,False,True
2026-09-25 11:16:14,42.5,38,0,0,False,False,True
2026-09-25 11:16:16,42.5,38,0,0,False,False,True
2026-09-25 11:16:18,42.5,38,0,0,False,False,True
2026-09-25 11:16:20,42.6,38,0,0,False,False,True
2026-09-25 11:16:22,43,37,0,0,False,False,True
2026-09-25 11:16:24,43,37,0,0,False,False,True
2026-09-25 11:16:26,43,37,0,0,False,False,True
2026-09-25 11:16:28,43,37,0,0,False,False,True
2026-09-25 11:16:30,43,37,0,0,False,False,True
2026-09-25 11:16:32,43,37,0,0,False,False,True
2026-09-25 11:16:34,43,37,0,0,False,False,True
2026-09-25 11:16:36,43,37,0,0,False,False,True
2026-09-25 11:16:38,43,37,0,0,False,False,True
2026-09-25 11:16:40,43,37,0,0,False,False,True
2026-09-25 11:16:42,43,37,0,0,False,False,True
2026-09-25 11:16:44,43.5,37,0,0,False,False,True
2026-09-25 11:16:46,43.5,37,0,0,False,False,True
2026-09-25 11:16:48,43.5,37,0,0,False,False,True
2026-09-25 11:16:50,43.5,38,0,0,False,False,True
2026-09-25 11:16:52,43.5,38,0,0,False,False,True
2026-09-25 11:16:54,43.5,38,0,0,False,False,True
2026-09-25 11:16:56,43.5,38,0,0,False,False,True
2026-09-25 11:16:58,43.5,37,0,0,False,False,True
2026-09-25 11:17:00,43.5,37,0,0,False,False,True
2026-09-25 11:17:02,43.5,36,0,0,False,False,True
2026-09-25 11:17:04,43.6,36,0,0,False,False,True
2026-09-25 11:17:06,43.5,35,0,0,False,False,True
2026-09-25 11:17:08,43.5,35,0,0,False,False,True
2026-09-25 11:17:10,43.5,35,0,0,False,False,True
2026-09-25 11:17:12,43.5,35,0,0,False,False,True
2026-09-25 11:17:14,43.5,35,0,0,False,False,True
2026-09-25 11:17:16,43.5,35,0,0,False,False,True
2026-09-25 11:17:18,43.5,35,0,0,False,False,True
2026-09-25 11:17:20,43.5,35,0,0,False,False,True
2026-09-25 11:17:22,43.5,35,0,0,False,False,True
2026-09-25 11:17:24,43.5,35,0,0,False,False,True
2026-09-25 11:17:26,43.5,35,0,0,False,False,True
2026-09-25 11:17:28,43.5,35,0,0,False,False,True
2026-09-25 11:17:30,43.5,35,0,0,False,False,True
2026-09-25 11:17:32,43.5,36,0,0,False,False,True
2026-09-25 11:17:34,43.5,36,0,0,False,False,True
2026-09-25 11:17:36,43.5,35,0,0,False,False,True
2026-09-25 11:17:38,43.5,35,0,0,False,False,True
2026-09-25 11:17:40,43.5,36,0,0,False,False,True
2026-09-25 11:17:42,43.5,36,0,0,False,False,True
2026-09-25 11:17:44,43.5,36,0,0,False,False,True
2026-09-25 11:17:46,43.5,36,0,0,False,False,True
2026-09-25 11:17:48,43.5,36,0,0,False,False,True
2026-09-25 11:17:50,43,35,0,0,False,False,True
2026-09-25 11:17:52,43,35,0,0,False,False,True
2026-09-25 11:17:54,43,35,0,0,False,False,True
2026-09-25 11:17:56,43,36,0,0,False,False,True
2026-09-25 11:17:58,42.6,37,0,0,False,False,True
2026-09-25 11:18:00,42.6,37,0,0,False,False,True
2026-09-25 11:18:02,42.6,37,0,0,False,False,True
2026-09-25 11:18:04,42.5,38,0,0,False,False,True
2026-09-25 11:18:06,42.5,38,0,0,False,False,True
2026-09-25 11:18:08,42.5,38,0,0,False,False,True
2026-09-25 11:18:10,42.5,38,0,0,False,False,True
2026-09-25 11:18:12,42.5,38,0,0,False,False,True
2026-09-25 11:18:14,42.5,38,0,0,False,False,True
2026-09-25 11:18:16,42.5,38,0,0,False,False,True
2026-09-25 11:18:18,42.5,38,0,0,False,False,True
2026-09-25 11:18:20,42.5,38,0,0,False,False,True
2026-09-25 11:18:22,42.5,38,0,0,False,False,True
2026-09-25 11:18:24,42.5,38,0,0,False,False,True
2026-09-25 11:18:26,42.5,38,0,0,False,False,True
2026-09-25 11:18:28,42.5,38,0,0,False,False,True
2026-09-25 11:18:30,42.5,39,0,0,False,False,True
2026-09-25 11:18:32,42.5,39,0,0,False,False,True
2026-09-25 11:18:34,42.5,39,0,0,False,False,True
2026-09-25 11:18:36,42.6,39,0,0,False,False,True
2026-09-25 11:18:38,42.6,39,0,0,False,False,True
2026-09-25 11:18:40,42.6,38,0,0,False,False,True
2026-09-25 11:18:42,42.6,38,0,0,False,False,True
2026-09-25 11:18:44,43,37,0,0,False,False,True
2026-09-25 11:18:46,43,37,0,0,False,False,True
2026-09-25 11:18:48,43,37,0,0,False,False,True
2026-09-25 11:18:50,43,37,0,0,False,False,True
2026-09-25 11:18:52,43,37,0,0,False,False,True
2026-09-25 11:18:54,43,37,0,0,False,False,True
2026-09-25 11:18:56,43.4,37,0,0,False,False,True
2026-09-25 11:18:58,43.5,37,0,0,False,False,True
2026-09-25 11:19:00,43.5,37,0,0,False,False,True
2026-09-25 11:19:02,43.5,37,0,0,False,False,True
2026-09-25 11:19:04,43.5,37,0,0,False,False,True
2026-09-25 11:19:06,43.5,37,0,0,False,False,True
2026-09-25 11:19:08,43.5,36,0,0,False,False,True
2026-09-25 11:19:10,43.5,36,0,0,False,False,True
2026-09-25 11:19:12,43.9,36,0,0,False,False,True
2026-09-25 11:19:14,43.9,37,0,0,False,False,True
2026-09-25 11:19:16,43.9,37,0,0,False,False,True
2026-09-25 11:19:18,43.9,37,0,0,False,False,True
2026-09-25 11:19:20,43.9,36,0,0,False,False,True
2026-09-25 11:19:22,43.9,36,0,0,False,False,True
2026-09-25 11:19:24,43.9,36,0,0,False,False,True
2026-09-25 11:19:26,44,36,0,0,False,False,True
2026-09-25 11:19:28,44,36,0,0,False,False,True
2026-09-25 11:19:30,44.2,36,0,0,False,False,True
2026-09-25 11:19:32,44.4,36,0,0,False,False,True
2026-09-25 11:19:34,44.4,36,0,0,False,False,True
2026-09-25 11:19:36,44.4,36,0,0,False,False,True
2026-09-25 11:19:38,44.4,36,0,0,False,False,True
2026-09-25 11:19:40,44.4,36,0,0,False,False,True
2026-09-25 11:19:42,44.4,36,0,0,False,False,True
2026-09-25 11:19:44,44.4,36,0,0,False,False,True
2026-09-25 11:19:46,44.4,36,0,0,False,False,True
2026-09-25 11:19:48,44.3,36,0,0,False,False,True
2026-09-25 11:19:50,44.2,36,0,0,False,False,True
2026-09-25 11:19:52,44,36,0,0,False,False,True
2026-09-25 11:19:54,44,36,0,0,False,False,True
2026-09-25 11:19:56,43.9,36,0,0,False,False,True
2026-09-25 11:19:58,43.9,36,0,0,False,False,True
2026-09-25 11:20:00,43.9,35,0,0,False,False,True
2026-09-25 11:20:02,43.9,35,0,0,False,False,True
2026-09-25 11:20:04,43.9,35,0,0,False,False,True
2026-09-25 11:20:06,43.9,35,0,0,False,False,True
2026-09-25 11:20:08,43.5,35,0,0,False,False,True
2026-09-25 11:20:10,43.5,35,0,0,False,False,True
2026-09-25 11:20:12,43.5,35,0,0,False,False,True
2026-09-25 11:20:14,43.5,36,0,0,False,False,True
2026-09-25 11:20:16,43.5,36,0,0,False,False,True
2026-09-25 11:20:18,43.5,36,0,0,False,False,True
2026-09-25 11:20:20,43.5,37,0,0,False,False,True
2026-09-25 11:20:22,43.1,37,0,0,False,False,True
2026-09-25 11:20:24,43,36,0,0,False,False,True
2026-09-25 11:20:26,43,36,0,0,False,False,True
2026-09-25 11:20:28,43,36,0,0,False,False,True
2026-09-25 11:20:30,43,36,0,0,False,False,True
2026-09-25 11:20:32,43,36,0,0,False,False,True
2026-09-25 11:20:34,43,36,0,0,False,False,True
2026-09-25 11:20:36,43,35,0,0,False,False,True
2026-09-25 11:20:38,42.6,36,0,0,False,False,True
2026-09-25 11:20:40,42.5,36,0,0,False,False,True
2026-09-25 11:20:42,42.5,36,0,0,False,False,True
2026-09-25 11:20:44,42.5,36,0,0,False,False,True
2026-09-25 11:20:46,42.5,36,0,0,False,False,True
2026-09-25 11:20:48,42.5,36,0,0,False,False,True
2026-09-25 11:20:50,42.5,36,0,0,False,False,True
2026-09-25 11:20:52,42.1,37,0,0,False,False,True
2026-09-25 11:20:54,42,37,0,0,False,False,True
2026-09-25 11:20:56,42,37,0,0,False,False,True
2026-09-25 11:20:58,42,37,0,0,False,False,True
2026-09-25 11:21:00,42,37,0,0,False,False,True
2026-09-25 11:21:02,42,37,0,0,False,False,True
2026-09-25 11:21:04,42,37,0,0,False,False,True
2026-09-25 11:21:06,42,38,0,0,False,False,True
2026-09-25 11:21:08,42,38,0,0,False,False,True
2026-09-25 11:21:10,42,38,0,0,False,False,True
2026-09-25 11:21:12,42.1,38,0,0,False,False,True
2026-09-25 11:21:14,42.1,38,0,0,False,False,True
2026-09-25 11:21:16,42.1,38,0,0,False,False,True
2026-09-25 11:21:18,42.5,38,0,0,False,False,True
2026-09-25 11:21:20,42.5,39,0,0,False,False,True
2026-09-25 11:21:22,42.5,39,0,0,False,False,True
2026-09-25 11:21:24,42.5,39,0,0,False,False,True
2026-09-25 11:21:26,42.5,38,0,0,False,False,True
2026-09-25 11:21:28,42.5,38,0,0,False,False,True
2026-09-25 11:21:30,42.5,38,0,0,False,False,True
2026-09-25 11:21:32,42.5,38,0,0,False,False,True
2026-09-25 11:21:34,42.5,37,0,0,False,False,True
2026-09-25 11:21:36,42.5,37,0,0,False,False,True
2026-09-25 11:21:38,42.5,37,0,0,False,False,True
2026-09-25 11:21:40,42.5,37,0,0,False,False,True
2026-09-25 11:21:43,42.6,37,0,0,False,False,True
2026-09-25 11:21:45,42.6,38,0,0,False,False,True
2026-09-25 11:21:47,43,37,0,0,False,False,True
2026-09-25 11:21:49,43,37,0,0,False,False,True
2026-09-25 11:21:51,43,38,0,0,False,False,True
2026-09-25 11:21:53,43,38,0,0,False,False,True
2026-09-25 11:21:55,43,36,0,0,False,False,True
2026-09-25 11:21:57,43,36,0,0,False,False,True
2026-09-25 11:21:59,43,36,0,0,False,False,True
2026-09-25 11:22:01,43,36,0,0,False,False,True
2026-09-25 11:22:03,43,36,0,0,False,False,True
2026-09-25 11:22:05,43,36,0,0,False,False,True
2026-09-25 11:22:07,43,36,0,0,False,False,True
2026-09-25 11:22:09,43,36,0,0,False,False,True
2026-09-25 11:22:11,43,36,0,0,False,False,True
2026-09-25 11:22:13,43,36,0,0,False,False,True
2026-09-25 11:22:15,43,36,0,0,False,False,True
2026-09-25 11:22:17,43,36,0,0,False,False,True
2026-09-25 11:22:19,43,36,0,0,False,False,True
2026-09-25 11:22:21,43,36,0,0,False,False,True
2026-09-25 11:22:23,43,36,0,0,False,False,True
2026-09-25 11:22:25,43,36,0,0,False,False,True
2026-09-25 11:22:27,43,36,0,0,False,False,True
2026-09-25 11:22:29,43,36,0,0,False,False,True
2026-09-25 11:22:31,43,36,0,0,False,False,True
2026-09-25 11:22:33,43,36,0,0,False,False,True
2026-09-25 11:22:35,43,36,0,0,False,False,True
2026-09-25 11:22:37,43,36,0,0,False,False,True
2026-09-25 11:22:39,43,36,0,0,False,False,True
2026-09-25 11:22:41,43,36,0,0,False,False,True
2026-09-25 11:22:43,43,35,0,0,False,False,True
2026-09-25 11:22:45,43,35,0,0,False,False,True
2026-09-25 11:22:47,43,35,0,0,False,False,True
2026-09-25 11:22:49,43,36,0,0,False,False,True
2026-09-25 11:22:51,43,36,0,0,False,False,True
2026-09-25 11:22:53,43,36,0,0,False,False,True
2026-09-25 11:22:55,43,35,0,0,False,False,True
2026-09-25 11:22:57,43,35,0,0,False,False,True
2026-09-25 11:22:59,42.5,36,0,0,False,False,True
2026-09-25 11:23:01,42.5,36,0,0,False,False,True
2026-09-25 11:23:03,42.5,37,0,0,False,False,True
2026-09-25 11:23:05,42.5,36,0,0,False,False,True
2026-09-25 11:23:07,42.5,36,0,0,False,False,True
2026-09-25 11:23:09,42.5,36,0,0,False,False,True
2026-09-25 11:23:13,ERR,ERR,ERR,ERR,False,False,False
2026-09-25 11:23:29,42.1,37,0,0,False,False,True
2026-09-25 11:23:31,42.5,38,0,0,False,False,True
2026-09-25 11:23:33,42.5,38,0,0,False,False,True
2026-09-25 11:23:35,42.5,38,0,0,False,False,True
2026-09-25 11:23:37,42.5,38,0,0,False,False,True
2026-09-25 11:23:39,42.5,38,0,0,False,False,True
2026-09-25 11:23:49,ERR,ERR,ERR,ERR,False,True,False
2026-09-25 11:23:51,42.6,40,0,0,False,True,True
2026-09-25 11:23:53,43,39,0,0,False,False,True
2026-09-25 11:23:55,ERR,ERR,ERR,ERR,False,False,False
2026-09-25 11:23:57,ERR,ERR,ERR,ERR,False,False,False
2026-09-25 11:24:00,ERR,ERR,ERR,ERR,False,False,False
2026-09-25 11:24:02,ERR,ERR,ERR,ERR,False,False,False
2026-09-25 11:24:08,42.5,39,0,0,False,False,True
2026-09-25 11:24:10,42.5,39,0,0,False,False,True
2026-09-25 11:24:12,42.5,39,0,0,False,False,True
2026-09-25 11:24:14,42.5,39,0,0,False,False,True
2026-09-25 11:24:16,42.5,38,0,0,False,False,True
2026-09-25 11:24:18,42.5,38,0,0,False,False,True
2026-09-25 11:24:20,42.5,38,0,0,False,False,True
2026-09-25 11:24:22,42.5,38,0,0,False,False,True
2026-09-25 11:24:24,42.6,37,0,0,False,False,True
2026-09-25 11:24:26,42.6,37,0,0,False,False,True
2026-09-25 11:24:28,42.6,38,0,0,False,False,True
2026-09-25 11:24:30,42.6,38,0,0,False,False,True
2026-09-25 11:24:32,42.6,38,0,0,False,False,True
2026-09-25 11:24:34,43,37,0,0,False,False,True
2026-09-25 11:24:36,43,37,0,0,False,False,True
2026-09-25 11:24:38,43,37,0,0,False,False,True
2026-09-25 11:24:40,43,37,0,0,False,False,True
2026-09-25 11:24:42,43,37,0,0,False,False,True
2026-09-25 11:24:44,43,36,0,0,False,False,True
2026-09-25 11:24:46,43,36,0,0,False,False,True
2026-09-25 11:24:48,43,36,0,0,False,False,True
2026-09-25 11:24:50,43,36,0,0,False,False,True
2026-09-25 11:24:52,43,36,0,0,False,False,True
2026-09-25 11:24:54,43,37,0,0,False,False,True
2026-09-25 11:24:56,43,36,0,0,False,False,False
2026-09-25 11:24:58,43,36,0,0,False,False,True
2026-09-25 11:25:00,43,36,0,0,False,False,True
2026-09-25 11:25:02,43,36,0,0,False,False,True
2026-09-25 11:25:04,43,36,0,0,False,False,True
2026-09-25 11:25:06,43,36,0,0,False,False,True
2026-09-25 11:25:08,43,36,0,0,False,False,True
2026-09-25 11:25:10,43,35,0,0,False,False,True
2026-09-25 11:25:12,43,35,0,0,False,False,True
2026-09-25 11:25:14,43,37,0,0,False,False,True
2026-09-25 11:25:16,43,37,0,0,False,False,True
2026-09-25 11:25:18,43,37,0,0,False,False,True
2026-09-25 11:25:20,43,37,0,0,False,False,True
2026-09-25 11:25:22,43,37,0,0,False,False,True
2026-09-25 11:25:24,43,37,0,0,False,False,True
2026-09-25 11:25:26,43,37,0,0,False,False,True
2026-09-25 11:25:28,43,37,0,0,False,False,True
2026-09-25 11:25:30,43,38,0,0,False,False,True
2026-09-25 11:25:32,42.8,39,0,0,False,False,True
2026-09-25 11:25:34,42.5,40,0,0,False,False,True
2026-09-25 11:25:36,42.5,39,0,0,False,False,True
2026-09-25 11:25:38,42.5,39,0,0,False,False,True
2026-09-25 11:25:40,42.5,39,0,0,False,False,True
2026-09-25 11:25:42,42.5,39,0,0,False,False,True
2026-09-25 11:25:44,42.5,39,0,0,False,False,True
2026-09-25 11:25:46,42.5,39,0,0,False,False,True
2026-09-25 11:25:48,42.1,39,0,0,False,False,True
2026-09-25 11:25:50,42,39,0,0,False,False,True
2026-09-25 11:25:52,42,40,0,0,False,False,True
2026-09-25 11:25:54,42,39,0,0,False,False,True
2026-09-25 11:25:56,42,39,0,0,False,False,True
2026-09-25 11:25:58,42,39,0,0,False,False,True
2026-09-25 11:26:00,42,40,0,0,False,False,True
2026-09-25 11:26:02,41.6,40,0,0,False,False,True
2026-09-25 11:26:04,41.6,40,0,0,False,False,True
2026-09-25 11:26:06,41.6,40,0,0,False,False,True
2026-09-25 11:26:08,41.6,41,0,0,False,False,True
2026-09-25 11:26:10,41.6,41,0,0,False,False,True
2026-09-25 11:26:12,41.6,41,0,0,False,False,True
2026-09-25 11:26:14,41.6,41,0,0,False,False,True
2026-09-25 11:26:16,41.6,41,0,0,False,False,True
2026-09-25 11:26:18,41.1,41,0,0,False,False,True
2026-09-25 11:26:20,41.1,41,0,0,False,False,True
2026-09-25 11:26:22,41.1,41,0,0,False,False,True
2026-09-25 11:26:24,41.1,41,0,0,False,False,True
2026-09-25 11:26:26,41.1,41,0,0,False,False,True
2026-09-25 11:26:28,41.1,41,0,0,False,False,True
2026-09-25 11:26:30,41.1,41,0,0,False,True,True
2026-09-25 11:26:32,41.1,41,0,0,False,False,True
2026-09-25 11:26:34,41.1,41,0,0,False,True,True
2026-09-25 11:26:36,41.1,42,0,0,False,False,True
2026-09-25 11:26:38,41.1,42,0,0,False,False,True
2026-09-25 11:26:40,40.6,42,0,0,False,False,True
2026-09-25 11:26:42,40.6,42,0,0,False,False,True
2026-09-25 11:26:44,40.6,42,0,0,False,False,True
2026-09-25 11:26:46,40.6,42,0,0,True,False,True
2026-09-25 11:26:48,40.6,42,0,0,False,False,True
2026-09-25 11:26:50,40.6,42,0,0,False,False,True
2026-09-25 11:26:52,40.6,42,0,0,True,False,True
2026-09-25 11:26:54,40.6,43,0,0,False,True,True
2026-09-25 11:26:56,40.6,43,0,0,True,False,True
2026-09-25 11:26:58,40.6,43,0,0,False,False,True
2026-09-25 11:27:00,40.1,43,0,0,False,True,True
2026-09-25 11:27:02,40.1,43,0,0,False,False,True
2026-09-25 11:27:04,40.1,43,0,0,False,False,True
2026-09-25 11:27:06,40.1,43,0,0,False,False,True
2026-09-25 11:27:08,40.1,43,0,0,False,False,True
2026-09-25 11:27:10,40.1,43,0,0,False,False,True
2026-09-25 11:27:12,40.1,43,0,0,False,True,True
2026-09-25 11:27:14,40.1,43,0,0,False,False,True
2026-09-25 11:27:16,40.1,44,0,0,False,True,True
2026-09-25 11:27:18,40.1,44,0,0,False,False,True
2026-09-25 11:27:20,40.1,44,0,0,False,False,True
2026-09-25 11:27:22,40.1,44,0,0,False,False,True
2026-09-25 11:27:24,40.1,44,0,0,False,False,True
2026-09-25 11:27:26,40.1,44,0,0,False,False,True
2026-09-25 11:27:28,40.1,44,0,0,False,False,True
2026-09-25 11:27:30,39.9,45,0,0,False,False,True
2026-09-25 11:27:32,39.9,45,0,0,False,False,True
2026-09-25 11:27:34,39.6,45,0,0,False,False,True
2026-09-25 11:27:36,39.5,45,0,0,False,False,True
2026-09-25 11:27:38,39.5,45,0,0,False,False,True
2026-09-25 11:27:40,39.5,46,0,0,False,False,True
2026-09-25 11:27:42,39.5,46,0,0,False,False,True
2026-09-25 11:27:44,39.5,46,0,0,False,False,True
2026-09-25 11:27:46,39.5,46,0,0,False,False,True
2026-09-25 11:27:48,39.5,46,0,0,False,False,True
2026-09-25 11:27:50,39.5,46,0,0,False,False,True
2026-09-25 11:27:52,39.5,46,0,0,False,False,True
2026-09-25 11:27:57,39.5,47,0,0,False,False,True
2026-09-25 11:27:59,39.5,47,0,0,False,False,True
2026-09-25 11:28:01,39.5,47,0,0,True,False,True
2026-09-25 11:28:03,39.5,47,0,0,False,False,True
2026-09-25 11:28:05,39.5,47,0,0,False,False,True
2026-09-25 11:28:07,39.5,47,0,0,False,False,True
2026-09-25 11:28:09,39.4,47,0,0,False,True,True
2026-09-25 11:28:11,39.1,47,0,0,False,False,True
2026-09-25 11:28:13,39.1,47,0,0,False,False,True
2026-09-25 11:28:15,39.1,47,0,0,False,False,True
2026-09-25 11:28:17,39.1,47,0,0,False,False,True
2026-09-25 11:28:19,39,47,0,0,False,False,True
2026-09-25 11:28:21,39.1,47,0,0,False,False,True
2026-09-25 11:28:23,39,47,0,0,False,False,True
2026-09-25 11:28:25,39,47,0,0,False,False,True
2026-09-25 11:28:27,39,47,0,0,False,False,True
2026-09-25 11:28:29,39,47,0,0,False,False,True
2026-09-25 11:28:31,39,47,0,0,False,False,True
2026-09-25 11:28:33,39,47,0,0,False,False,True
2026-09-25 11:28:35,39,47,0,0,False,False,True
2026-09-25 11:28:37,39,47,0,0,False,False,True
2026-09-25 11:28:39,39,47,0,0,False,False,True
2026-09-25 11:28:41,39,47,0,0,False,False,True
2026-09-25 11:28:43,39,47,0,0,False,False,True
2026-09-25 11:28:45,39,48,0,0,False,False,True
2026-09-25 11:28:47,39,47,0,0,False,False,True
2026-09-25 11:28:49,39,48,0,0,False,False,True
2026-09-25 11:28:51,39,48,0,0,False,False,True
2026-09-25 11:28:53,39,48,0,0,False,False,True
2026-09-25 11:28:55,39,48,0,0,False,False,True
2026-09-25 11:28:57,39,48,0,0,False,False,True
2026-09-25 11:28:59,39,48,0,0,False,False,True
2026-09-25 11:29:01,39,48,0,0,False,False,True
2026-09-25 11:29:03,39,48,0,0,False,False,True
2026-09-25 11:29:05,39,48,0,0,False,False,True
2026-09-25 11:29:07,39,48,0,0,False,False,True
2026-09-25 11:29:09,39,48,0,0,False,False,True
2026-09-25 11:29:11,39,48,0,0,False,False,True
2026-09-25 11:29:13,38.6,48,0,0,False,False,True
2026-09-25 11:29:15,38.6,48,0,0,False,False,True
2026-09-25 11:29:17,38.6,48,0,0,False,False,True
2026-09-25 11:29:19,38.6,48,0,0,False,False,True
2026-09-25 11:29:21,38.6,48,0,0,False,False,True
2026-09-25 11:29:23,38.6,49,0,0,False,False,True
2026-09-25 11:29:25,38.5,49,0,0,False,False,True
2026-09-25 11:29:27,38.5,49,0,0,False,False,True
2026-09-25 11:29:29,38.5,49,0,0,False,False,True
2026-09-25 11:29:31,38.5,49,0,0,False,False,True
2026-09-25 11:29:33,38.5,49,0,0,False,False,True
2026-09-25 11:29:35,38.5,49,0,0,False,False,True
2026-09-25 11:29:37,38.5,49,0,0,False,False,True
2026-09-25 11:29:39,38.5,49,0,0,False,False,True
2026-09-25 11:29:41,38.5,49,0,0,False,False,True
2026-09-25 11:29:43,38.5,49,0,0,False,False,True
2026-09-25 11:29:45,38.5,49,0,0,False,False,True
2026-09-25 11:29:47,38.5,49,0,0,False,False,True
2026-09-25 11:29:49,38.5,49,0,0,False,False,True
2026-09-25 11:29:51,38.5,49,0,0,False,False,True
2026-09-25 11:29:53,38.5,49,0,0,False,False,True
2026-09-25 11:29:55,38.5,50,0,0,False,False,True
2026-09-25 11:29:57,38.5,50,0,0,False,False,True
2026-09-25 11:29:59,38.5,50,0,0,False,False,True
2026-09-25 11:30:01,38.5,50,0,0,False,False,True
2026-09-25 11:30:03,38.5,51,0,0,False,False,True
2026-09-25 11:30:05,38.5,50,0,0,False,False,True
2026-09-25 11:30:07,38.5,50,0,0,False,False,True
2026-09-25 11:30:09,38.5,50,0,0,False,False,True
2026-09-25 11:30:11,38.5,50,0,0,False,False,True
2026-09-25 11:30:13,38.1,50,0,0,False,False,False
2026-09-25 11:30:15,38,50,0,0,False,False,True
2026-09-25 11:30:17,38,50,0,0,False,False,True
2026-09-25 11:30:19,38,50,0,0,False,False,True
2026-09-25 11:30:21,38,50,0,0,False,False,True
2026-09-25 11:30:23,38,50,0,0,False,False,True
2026-09-25 11:30:25,38,51,0,0,False,False,True
2026-09-25 11:30:27,38,51,0,0,False,False,True
2026-09-25 11:30:29,38,51,0,0,False,False,True
2026-09-25 11:30:31,38,50,0,0,False,False,True
2026-09-25 11:30:33,38,50,0,0,False,True,True
2026-09-25 11:30:35,38,50,0,0,False,False,True
2026-09-25 11:30:37,38,51,0,0,False,False,True
2026-09-25 11:30:39,38,51,0,0,False,False,True
2026-09-25 11:30:41,38,51,0,0,False,False,True
2026-09-25 11:30:43,38,51,0,0,False,False,True
2026-09-25 11:30:45,38,51,0,0,False,True,True
2026-09-25 11:30:47,38,51,0,0,False,True,True
2026-09-25 11:30:49,38,51,0,0,False,False,True
2026-09-25 11:30:51,38,51,0,0,False,False,True
2026-09-25 11:30:53,38,51,0,0,False,False,True
2026-09-25 11:30:55,38,51,0,0,False,False,True
2026-09-25 11:30:57,38,51,0,0,False,False,True
2026-09-25 11:30:59,38,51,0,0,False,False,True
2026-09-25 11:31:01,38,51,0,0,False,False,True
2026-09-25 11:31:03,38,52,0,0,False,False,True
2026-09-25 11:31:05,38,52,0,0,False,False,True
2026-09-25 11:31:07,38,52,0,0,False,False,True
2026-09-25 11:31:09,37.6,53,0,0,False,False,True
2026-09-25 11:31:11,37.5,53,0,0,False,False,True
2026-09-25 11:31:13,37.5,53,0,0,False,False,True
2026-09-25 11:31:15,37.5,53,0,0,False,False,True
2026-09-25 11:31:17,37.5,53,0,0,False,False,True
2026-09-25 11:31:19,37.4,53,0,0,False,False,True
2026-09-25 11:37:20,35.6,59,0,0,False,False,True
2026-09-25 11:37:22,35.6,59,0,0,False,False,True
2026-09-25 11:37:24,35.6,59,0,0,False,False,True
2026-09-25 11:37:26,35.6,59,0,0,False,False,False
2026-09-25 11:37:28,35.6,59,0,0,False,False,True
2026-09-25 11:37:30,35.6,59,0,0,False,False,True
2026-09-25 11:37:32,ERR,ERR,ERR,ERR,False,False,False
2026-09-25 11:37:34,ERR,ERR,ERR,ERR,False,False,False
2026-09-25 11:37:36,ERR,ERR,ERR,ERR,False,False,False
2026-09-25 11:37:38,ERR,ERR,ERR,ERR,False,False,False
2026-09-25 11:37:40,ERR,ERR,ERR,ERR,False,False,False
2026-09-25 11:37:42,ERR,ERR,ERR,ERR,False,False,False
2026-09-25 11:37:44,ERR,ERR,ERR,ERR,False,False,False
2026-09-25 11:37:46,ERR,ERR,ERR,ERR,False,False,False
2026-09-25 11:37:48,ERR,ERR,ERR,ERR,False,False,False
2026-09-25 11:37:50,ERR,ERR,ERR,ERR,False,False,False
2026-09-25 11:37:52,ERR,ERR,ERR,ERR,False,False,False
2026-09-25 11:37:54,ERR,ERR,ERR,ERR,False,False,False
2026-09-25 11:37:56,ERR,ERR,ERR,ERR,False,False,False
2026-09-25 11:37:58,ERR,ERR,ERR,ERR,False,False,False
2026-09-25 11:38:00,ERR,ERR,ERR,ERR,False,False,False
2026-09-25 11:38:02,ERR,ERR,ERR,ERR,False,False,False
2026-09-25 11:38:04,ERR,ERR,ERR,ERR,False,False,False
2026-09-25 11:38:06,ERR,ERR,ERR,ERR,False,False,False
2026-09-25 11:38:08,ERR,ERR,ERR,ERR,False,False,False
2026-09-25 11:38:10,ERR,ERR,ERR,ERR,False,False,False
2026-09-25 11:38:12,ERR,ERR,ERR,ERR,False,False,False
2026-09-25 11:38:14,ERR,ERR,ERR,ERR,False,False,False
2026-09-25 11:38:16,ERR,ERR,ERR,ERR,False,False,False
2026-09-25 11:38:18,ERR,ERR,ERR,ERR,False,False,False
2026-09-25 11:38:20,ERR,ERR,ERR,ERR,False,False,False
2026-09-25 11:38:22,ERR,ERR,ERR,ERR,False,False,False
2026-09-25 11:38:27,ERR,ERR,ERR,ERR,False,False,False
2026-09-25 11:38:29,ERR,ERR,ERR,ERR,False,False,False
2026-09-25 11:38:31,ERR,ERR,ERR,ERR,False,False,False
2026-09-25 11:38:33,ERR,ERR,ERR,ERR,False,False,False
2026-09-25 11:38:35,ERR,ERR,ERR,ERR,False,False,False
2026-09-25 11:38:37,ERR,ERR,ERR,ERR,False,False,False
2026-09-25 11:38:41,ERR,ERR,ERR,ERR,False,False,False
2026-09-25 11:38:45,ERR,ERR,ERR,ERR,False,False,False
2026-09-25 11:38:47,ERR,ERR,ERR,ERR,False,False,False
2026-09-25 11:38:49,ERR,ERR,ERR,ERR,False,False,False
2026-09-25 11:38:51,ERR,ERR,ERR,ERR,False,False,False
2026-09-25 11:38:53,ERR,ERR,ERR,ERR,False,False,False
2026-09-25 11:38:55,ERR,ERR,ERR,ERR,False,False,False
2026-09-25 11:38:57,ERR,ERR,ERR,ERR,False,False,False
2026-09-25 11:38:59,ERR,ERR,ERR,ERR,False,False,False
2026-09-25 11:39:01,ERR,ERR,ERR,ERR,False,False,False
2026-09-25 11:39:03,ERR,ERR,ERR,ERR,False,False,False
2026-09-25 11:39:05,ERR,ERR,ERR,ERR,False,False,False
2026-09-25 11:39:07,ERR,ERR,ERR,ERR,False,False,False
2026-09-25 11:39:09,ERR,ERR,ERR,ERR,False,False,False
2026-09-25 11:39:11,ERR,ERR,ERR,ERR,False,False,False
2026-09-25 11:39:13,ERR,ERR,ERR,ERR,False,False,False
2026-09-25 11:39:15,ERR,ERR,ERR,ERR,False,False,False
2026-09-25 11:39:17,ERR,ERR,ERR,ERR,False,False,False
2026-09-25 11:39:19,ERR,ERR,ERR,ERR,False,False,False
2026-09-25 11:39:21,ERR,ERR,ERR,ERR,False,False,False
2026-09-25 11:39:23,ERR,ERR,ERR,ERR,False,False,False
2026-09-25 11:39:25,ERR,ERR,ERR,ERR,False,False,False
2026-09-25 11:39:27,ERR,ERR,ERR,ERR,False,False,False
2026-09-25 11:39:29,ERR,ERR,ERR,ERR,False,False,False
2026-09-25 11:39:31,ERR,ERR,ERR,ERR,False,False,False
2026-09-25 11:39:57,ERR,ERR,ERR,ERR,False,False,False
2026-09-25 11:39:59,ERR,ERR,ERR,ERR,False,False,False
2026-09-25 11:40:01,ERR,ERR,ERR,ERR,False,False,False
2026-09-25 11:40:03,ERR,ERR,ERR,ERR,False,False,False
2026-09-25 11:40:05,ERR,ERR,ERR,ERR,False,False,False
2026-09-25 11:40:07,ERR,ERR,ERR,ERR,False,False,False
2026-09-25 11:40:09,ERR,ERR,ERR,ERR,False,False,False
2026-09-25 11:40:11,ERR,ERR,ERR,ERR,False,False,False
2026-09-25 11:40:13,ERR,ERR,ERR,ERR,False,False,False
2026-09-25 11:40:15,ERR,ERR,ERR,ERR,False,False,False
2026-09-25 11:40:17,ERR,ERR,ERR,ERR,False,False,False
2026-09-25 11:40:19,ERR,ERR,ERR,ERR,False,False,False
2026-09-25 11:40:21,ERR,ERR,ERR,ERR,False,False,False
2026-09-25 11:40:23,ERR,ERR,ERR,ERR,False,False,False
2026-09-25 11:40:25,ERR,ERR,ERR,ERR,False,False,False
2026-09-25 11:40:27,ERR,ERR,ERR,ERR,False,False,False
2026-09-25 11:40:29,ERR,ERR,ERR,ERR,False,False,False
2026-09-25 11:40:31,ERR,ERR,ERR,ERR,False,False,False
2026-09-25 11:40:33,ERR,ERR,ERR,ERR,False,False,False
2026-09-25 11:40:35,ERR,ERR,ERR,ERR,False,False,False
2026-09-25 11:40:37,ERR,ERR,ERR,ERR,False,False,False
2026-09-25 11:40:39,ERR,ERR,ERR,ERR,False,False,False
2026-09-25 11:40:41,ERR,ERR,ERR,ERR,False,False,False
2026-09-25 11:40:43,ERR,ERR,ERR,ERR,False,False,False
2026-09-25 11:40:45,ERR,ERR,ERR,ERR,False,False,False
2026-09-25 11:40:47,ERR,ERR,ERR,ERR,False,False,False
2026-09-25 11:40:49,ERR,ERR,ERR,ERR,False,False,False
2026-09-25 11:40:51,ERR,ERR,ERR,ERR,False,False,False
2026-09-25 11:40:53,ERR,ERR,ERR,ERR,False,False,False
2026-09-25 11:40:55,ERR,ERR,ERR,ERR,False,False,False
2026-09-25 11:40:57,ERR,ERR,ERR,ERR,False,False,False
2026-09-25 11:40:59,ERR,ERR,ERR,ERR,False,False,False
2026-09-25 11:41:01,ERR,ERR,ERR,ERR,False,False,False
2026-09-25 11:41:03,ERR,ERR,ERR,ERR,False,False,False
2026-09-25 11:41:05,ERR,ERR,ERR,ERR,False,False,False
2026-09-25 11:41:07,ERR,ERR,ERR,ERR,False,False,False
2026-09-25 11:41:09,ERR,ERR,ERR,ERR,False,False,False
2026-09-25 11:41:11,ERR,ERR,ERR,ERR,False,False,False
2026-09-25 11:41:13,ERR,ERR,ERR,ERR,False,False,False
2026-09-25 11:41:15,ERR,ERR,ERR,ERR,False,False,False
2026-09-25 11:41:17,ERR,ERR,ERR,ERR,False,False,False
2026-09-25 11:41:19,35.2,61,0,0,False,False,True
2026-09-25 11:41:21,35.6,61,0,0,False,False,True
2026-09-25 11:41:23,35.6,62,0,0,False,False,True
2026-09-25 11:41:25,35.6,62,0,0,False,False,True
2026-09-25 11:41:27,35.6,62,0,0,False,False,True
2026-09-25 11:41:29,35.6,64,0,0,False,False,True
2026-09-25 11:41:31,35.6,63,0,0,False,False,True
2026-09-25 11:41:33,35.6,62,0,0,False,False,True
2026-09-25 11:41:35,35.6,61,0,0,False,False,True
2026-09-25 11:41:37,35.6,60,0,0,False,False,True
2026-09-25 11:41:39,35.6,60,0,0,False,False,True
2026-09-25 11:41:41,35.6,60,0,0,False,False,True
2026-09-25 11:41:43,35.6,60,0,0,False,False,True
2026-09-25 11:41:45,35.6,60,0,0,False,False,True
2026-09-25 11:41:47,35.6,60,0,0,False,False,True
2026-09-25 11:41:49,35.6,60,0,0,False,False,True
2026-09-25 11:41:51,35.6,59,0,0,False,False,True
2026-09-25 11:41:53,35.6,59,0,0,False,False,True
2026-09-25 11:41:55,35.6,59,0,0,False,False,True
2026-09-25 11:41:57,35.6,59,0,0,False,False,True
2026-09-25 11:41:59,35.6,59,0,0,False,False,True
2026-09-25 11:42:01,35.6,59,0,0,False,False,True
2026-09-25 11:42:03,35.6,59,0,0,False,False,True
2026-09-25 11:42:05,35.6,59,0,0,False,False,True
2026-09-25 11:42:07,35.6,59,0,0,False,False,True
2026-09-25 11:42:09,35.6,59,0,0,False,False,True
2026-09-25 11:42:11,35.6,59,0,0,False,False,True
2026-09-25 11:42:13,35.6,59,0,0,False,False,True
2026-09-25 11:42:15,ERR,ERR,ERR,ERR,False,False,True
2026-09-25 11:42:17,ERR,ERR,ERR,ERR,False,False,True
2026-09-25 11:42:19,ERR,ERR,ERR,ERR,False,False,True
2026-09-25 11:42:21,ERR,ERR,ERR,ERR,False,False,True
2026-09-25 11:42:23,ERR,ERR,ERR,ERR,False,False,True
2026-09-25 11:42:25,ERR,ERR,ERR,ERR,False,False,True
2026-09-25 11:42:27,ERR,ERR,ERR,ERR,False,False,True
2026-09-25 11:42:29,ERR,ERR,ERR,ERR,False,False,True
2026-09-25 11:42:31,ERR,ERR,ERR,ERR,False,False,True
2026-09-25 11:42:33,ERR,ERR,ERR,ERR,False,False,True
2026-09-25 11:42:35,ERR,ERR,ERR,ERR,False,False,True
2026-09-25 11:42:37,ERR,ERR,ERR,ERR,False,False,False
2026-09-25 11:42:39,ERR,ERR,ERR,ERR,False,False,False
2026-09-25 11:42:41,ERR,ERR,ERR,ERR,False,False,False
2026-09-25 11:42:43,ERR,ERR,ERR,ERR,False,False,False
2026-09-25 11:42:45,ERR,ERR,ERR,ERR,False,False,True
2026-09-25 11:42:47,ERR,ERR,ERR,ERR,False,False,True
2026-09-25 11:42:49,ERR,ERR,ERR,ERR,False,False,True
2026-09-25 11:42:51,ERR,ERR,ERR,ERR,False,False,True
2026-09-25 11:42:53,ERR,ERR,ERR,ERR,False,True,True
2026-09-25 11:42:55,ERR,ERR,ERR,ERR,False,False,True
2026-09-25 11:42:57,ERR,ERR,ERR,ERR,False,True,True
2026-09-25 11:42:59,ERR,ERR,ERR,ERR,False,True,True
2026-09-25 11:43:01,ERR,ERR,ERR,ERR,False,True,True
2026-09-25 11:43:03,ERR,ERR,ERR,ERR,False,True,True
2026-09-25 11:43:05,ERR,ERR,ERR,ERR,False,True,True
2026-09-25 11:43:07,ERR,ERR,ERR,ERR,False,True,True
2026-09-25 11:43:09,ERR,ERR,ERR,ERR,False,True,True
2026-09-25 11:43:11,ERR,ERR,ERR,ERR,False,True,True
2026-09-25 11:43:13,ERR,ERR,ERR,ERR,False,True,True
2026-09-25 11:43:15,ERR,ERR,ERR,ERR,False,True,True
2026-09-25 11:43:17,ERR,ERR,ERR,ERR,False,True,True
2026-09-25 11:43:19,ERR,ERR,ERR,ERR,False,True,True
2026-09-25 11:43:21,ERR,ERR,ERR,ERR,False,True,True
2026-09-25 11:43:23,ERR,ERR,ERR,ERR,False,True,True
2026-09-25 11:43:25,ERR,ERR,ERR,ERR,False,True,True
2026-09-25 11:43:27,ERR,ERR,ERR,ERR,False,True,True
2026-09-25 11:43:29,ERR,ERR,ERR,ERR,False,True,True
2026-09-25 11:43:31,ERR,ERR,ERR,ERR,False,True,True
2026-09-25 11:43:33,ERR,ERR,ERR,ERR,False,True,True
2026-09-25 11:43:36,ERR,ERR,ERR,ERR,False,False,False
2026-09-25 11:43:38,ERR,ERR,ERR,ERR,False,False,False
2026-09-25 11:43:40,ERR,ERR,ERR,ERR,False,False,False
2026-09-25 11:43:42,ERR,ERR,ERR,ERR,False,False,False
2026-09-25 11:43:44,ERR,ERR,ERR,ERR,False,False,False
2026-09-25 11:43:46,ERR,ERR,ERR,ERR,False,False,False
2026-09-25 11:43:48,ERR,ERR,ERR,ERR,False,False,False
2026-09-25 11:43:50,ERR,ERR,ERR,ERR,False,False,False
2026-09-25 11:43:52,ERR,ERR,ERR,ERR,False,False,False
2026-09-25 11:43:54,ERR,ERR,ERR,ERR,False,False,False
2026-09-25 11:43:54,ERR,ERR,ERR,ERR,False,False,False
2026-09-25 11:43:56,ERR,ERR,ERR,ERR,False,False,False
2026-09-25 11:43:56,ERR,ERR,ERR,ERR,False,False,False
2026-09-25 11:43:58,ERR,ERR,ERR,ERR,False,False,False
2026-09-25 11:43:59,ERR,ERR,ERR,ERR,False,False,False
2026-09-25 11:44:00,ERR,ERR,ERR,ERR,False,False,False
2026-09-25 11:44:01,ERR,ERR,ERR,ERR,False,False,False
2026-09-25 11:44:02,ERR,ERR,ERR,ERR,False,False,False
2026-09-25 11:44:03,ERR,ERR,ERR,ERR,False,False,False
2026-09-25 11:44:04,ERR,ERR,ERR,ERR,False,False,False
2026-09-25 11:44:05,ERR,ERR,ERR,ERR,False,False,False
2026-09-25 11:44:06,ERR,ERR,ERR,ERR,False,False,False
2026-09-25 11:44:07,ERR,ERR,ERR,ERR,False,False,False
2026-09-25 11:44:08,ERR,ERR,ERR,ERR,False,False,False
2026-09-25 11:44:09,ERR,ERR,ERR,ERR,False,False,False
2026-09-25 11:44:10,ERR,ERR,ERR,ERR,False,False,False
2026-09-25 11:44:11,ERR,ERR,ERR,ERR,False,False,False
2026-09-25 11:44:12,ERR,ERR,ERR,ERR,False,False,False
2026-09-25 11:44:13,ERR,ERR,ERR,ERR,False,False,False
2026-09-25 11:44:14,ERR,ERR,ERR,ERR,False,False,False
2026-09-25 11:44:15,ERR,ERR,ERR,ERR,False,False,False
2026-09-25 11:44:16,ERR,ERR,ERR,ERR,False,False,False
2026-09-25 11:44:17,ERR,ERR,ERR,ERR,False,False,False
2026-09-25 11:44:18,ERR,ERR,ERR,ERR,False,False,False
2026-09-25 11:44:19,ERR,ERR,ERR,ERR,False,False,False
2026-09-25 11:44:20,ERR,ERR,ERR,ERR,False,False,False
2026-09-25 11:44:21,ERR,ERR,ERR,ERR,False,False,False
2026-09-25 11:44:22,ERR,ERR,ERR,ERR,False,False,False
2026-09-25 11:44:23,ERR,ERR,ERR,ERR,False,False,False
2026-09-25 11:44:24,ERR,ERR,ERR,ERR,False,False,False
2026-09-25 11:44:25,ERR,ERR,ERR,ERR,False,False,False
2026-09-25 11:44:26,ERR,ERR,ERR,ERR,False,False,False
2026-09-25 11:44:27,ERR,ERR,ERR,ERR,False,False,False
2026-09-25 11:44:28,ERR,ERR,ERR,ERR,False,False,False
2026-09-25 11:44:29,ERR,ERR,ERR,ERR,False,False,False
2026-09-25 11:44:30,ERR,ERR,ERR,ERR,False,False,False
2026-09-25 11:44:31,ERR,ERR,ERR,ERR,False,False,False
2026-09-25 11:44:32,ERR,ERR,ERR,ERR,False,False,False
2026-09-25 11:44:33,ERR,ERR,ERR,ERR,False,False,False
2026-09-25 11:44:34,ERR,ERR,ERR,ERR,False,False,False
2026-09-25 11:44:35,ERR,ERR,ERR,ERR,False,False,False
2026-09-25 11:44:36,ERR,ERR,ERR,ERR,False,False,False
2026-09-25 11:44:37,ERR,ERR,ERR,ERR,False,False,False
2026-09-25 11:44:38,ERR,ERR,ERR,ERR,False,False,False
2026-09-25 11:44:39,ERR,ERR,ERR,ERR,False,False,False
2026-09-25 11:44:40,ERR,ERR,ERR,ERR,False,False,False
2026-09-25 11:44:41,ERR,ERR,ERR,ERR,False,False,False
2026-09-25 11:44:42,ERR,ERR,ERR,ERR,False,False,False
2026-09-25 11:44:43,ERR,ERR,ERR,ERR,False,False,False
2026-09-25 11:44:44,ERR,ERR,ERR,ERR,False,False,False
2026-09-25 11:44:45,ERR,ERR,ERR,ERR,False,False,False
2026-09-25 11:44:46,ERR,ERR,ERR,ERR,False,False,False
2026-09-25 11:44:47,ERR,ERR,ERR,ERR,False,False,False
2026-09-25 11:44:48,ERR,ERR,ERR,ERR,False,False,False
2026-09-25 11:44:49,ERR,ERR,ERR,ERR,False,False,False
2026-09-25 11:44:50,ERR,ERR,ERR,ERR,False,False,False
2026-09-25 11:44:51,ERR,ERR,ERR,ERR,False,False,False
2026-09-25 11:44:52,ERR,ERR,ERR,ERR,False,False,False
2026-09-25 11:44:53,ERR,ERR,ERR,ERR,False,False,False
2026-09-25 11:44:54,ERR,ERR,ERR,ERR,False,False,False
2026-09-25 11:44:55,ERR,ERR,ERR,ERR,False,False,False
2026-09-25 11:44:56,ERR,ERR,ERR,ERR,False,False,False
2026-09-25 11:44:57,ERR,ERR,ERR,ERR,False,False,False
2026-09-25 11:44:58,ERR,ERR,ERR,ERR,False,False,False
2026-09-25 11:44:59,ERR,ERR,ERR,ERR,False,False,False
2026-09-25 11:45:01,ERR,ERR,ERR,ERR,False,False,False
2026-09-25 11:45:01,ERR,ERR,ERR,ERR,False,False,False
2026-09-25 11:45:03,ERR,ERR,ERR,ERR,False,False,False
2026-09-25 11:45:03,ERR,ERR,ERR,ERR,False,False,False
2026-09-25 11:45:05,ERR,ERR,ERR,ERR,False,False,False
2026-09-25 11:45:05,ERR,ERR,ERR,ERR,False,False,False
2026-09-25 11:45:07,ERR,ERR,ERR,ERR,False,False,False
2026-09-25 11:45:07,ERR,ERR,ERR,ERR,False,False,False
2026-09-25 11:45:09,ERR,ERR,ERR,ERR,False,False,False
2026-09-25 11:45:09,ERR,ERR,ERR,ERR,False,False,False
2026-09-25 11:45:11,ERR,ERR,ERR,ERR,False,False,False
2026-09-25 11:45:11,ERR,ERR,ERR,ERR,False,False,False
2026-09-25 11:45:13,ERR,ERR,ERR,ERR,False,False,False
2026-09-25 11:45:13,ERR,ERR,ERR,ERR,False,False,False
2026-09-25 11:45:15,ERR,ERR,ERR,ERR,False,False,False
2026-09-25 11:45:15,ERR,ERR,ERR,ERR,False,False,False
2026-09-25 11:45:17,ERR,ERR,ERR,ERR,False,False,False
2026-09-25 11:45:17,ERR,ERR,ERR,ERR,False,False,False
2026-09-25 11:45:19,ERR,ERR,ERR,ERR,False,False,False
2026-09-25 11:45:19,ERR,ERR,ERR,ERR,False,False,False
2026-09-25 11:45:21,ERR,ERR,ERR,ERR,False,False,False
2026-09-25 11:45:21,ERR,ERR,ERR,ERR,False,False,False
2026-09-25 11:45:23,ERR,ERR,ERR,ERR,False,False,False
2026-09-25 11:45:23,ERR,ERR,ERR,ERR,False,False,False
2026-09-25 11:45:24,ERR,ERR,ERR,ERR,False,False,False
2026-09-25 11:45:25,ERR,ERR,ERR,ERR,False,False,False
2026-09-25 11:45:25,ERR,ERR,ERR,ERR,False,False,False
2026-09-25 11:45:26,ERR,ERR,ERR,ERR,False,False,False
2026-09-25 11:45:27,ERR,ERR,ERR,ERR,False,False,False
2026-09-25 11:45:27,ERR,ERR,ERR,ERR,False,False,False
2026-09-25 11:45:28,ERR,ERR,ERR,ERR,False,False,False
2026-09-25 11:45:29,ERR,ERR,ERR,ERR,False,False,False
2026-09-25 11:45:29,ERR,ERR,ERR,ERR,False,False,False
2026-09-25 11:45:30,ERR,ERR,ERR,ERR,False,False,False
2026-09-25 11:45:31,ERR,ERR,ERR,ERR,False,False,False
2026-09-25 11:45:31,ERR,ERR,ERR,ERR,False,False,False
2026-09-25 11:45:32,ERR,ERR,ERR,ERR,False,False,False
2026-09-25 11:45:33,ERR,ERR,ERR,ERR,False,False,False
2026-09-25 11:45:33,ERR,ERR,ERR,ERR,False,False,False
2026-09-25 11:45:34,ERR,ERR,ERR,ERR,False,False,False
2026-09-25 11:45:35,ERR,ERR,ERR,ERR,False,False,False
2026-09-25 11:45:35,ERR,ERR,ERR,ERR,False,False,False
2026-09-25 11:45:36,ERR,ERR,ERR,ERR,False,False,False
2026-09-25 11:45:37,ERR,ERR,ERR,ERR,False,False,False
2026-09-25 11:45:37,ERR,ERR,ERR,ERR,False,False,False
2026-09-25 11:45:38,ERR,ERR,ERR,ERR,False,False,False
2026-09-25 11:45:39,ERR,ERR,ERR,ERR,False,False,False
2026-09-25 11:45:39,ERR,ERR,ERR,ERR,False,False,False
2026-09-25 11:45:40,ERR,ERR,ERR,ERR,False,False,False
2026-09-25 11:45:41,ERR,ERR,ERR,ERR,False,False,False
2026-09-25 11:45:41,ERR,ERR,ERR,ERR,False,False,False
2026-09-25 11:45:42,ERR,ERR,ERR,ERR,False,False,False
2026-09-25 11:45:43,ERR,ERR,ERR,ERR,False,False,False
2026-09-25 11:45:43,ERR,ERR,ERR,ERR,False,False,False
2026-09-25 11:45:44,ERR,ERR,ERR,ERR,False,False,False
2026-09-25 11:45:45,ERR,ERR,ERR,ERR,False,False,False
2026-09-25 11:45:45,ERR,ERR,ERR,ERR,False,False,False
2026-09-25 11:45:46,ERR,ERR,ERR,ERR,False,False,False
2026-09-25 11:45:47,ERR,ERR,ERR,ERR,False,False,False
2026-09-25 11:45:47,ERR,ERR,ERR,ERR,False,False,False
2026-09-25 11:45:48,ERR,ERR,ERR,ERR,False,False,False
2026-09-25 11:45:49,ERR,ERR,ERR,ERR,False,False,False
2026-09-25 11:45:49,ERR,ERR,ERR,ERR,False,False,False
2026-09-25 11:45:51,ERR,ERR,ERR,ERR,False,False,False
2026-09-25 11:45:51,ERR,ERR,ERR,ERR,False,False,False
2026-09-25 11:45:53,ERR,ERR,ERR,ERR,False,False,False
2026-09-25 11:45:53,ERR,ERR,ERR,ERR,False,False,False
2026-09-25 11:45:55,ERR,ERR,ERR,ERR,False,False,False
2026-09-25 11:45:55,ERR,ERR,ERR,ERR,False,False,False
2026-09-25 11:45:57,ERR,ERR,ERR,ERR,False,False,False
2026-09-25 11:45:57,ERR,ERR,ERR,ERR,False,False,False
2026-09-25 11:45:59,ERR,ERR,ERR,ERR,False,False,False
2026-09-25 11:45:59,ERR,ERR,ERR,ERR,False,False,False
2026-09-25 11:46:01,ERR,ERR,ERR,ERR,False,False,False
2026-09-25 11:46:01,ERR,ERR,ERR,ERR,False,False,False
2026-09-25 11:46:03,ERR,ERR,ERR,ERR,False,False,False
2026-09-25 11:46:03,ERR,ERR,ERR,ERR,False,False,False
2026-09-25 11:46:08,ERR,ERR,ERR,ERR,False,False,False
2026-09-25 11:46:08,ERR,ERR,ERR,ERR,False,False,False
2026-09-25 11:46:10,ERR,ERR,ERR,ERR,False,False,False
2026-09-25 11:46:15,ERR,ERR,ERR,ERR,False,False,False
2026-09-25 11:46:17,ERR,ERR,ERR,ERR,False,False,False
2026-09-25 11:46:19,ERR,ERR,ERR,ERR,False,False,False
2026-09-25 11:46:23,ERR,ERR,ERR,ERR,False,False,False
2026-09-25 11:46:25,ERR,ERR,ERR,ERR,False,False,False
2026-09-25 11:46:27,ERR,ERR,ERR,ERR,False,False,False
2026-09-25 11:46:29,ERR,ERR,ERR,ERR,False,False,False
2026-09-25 11:46:31,ERR,ERR,ERR,ERR,False,False,False
2026-09-25 11:46:33,ERR,ERR,ERR,ERR,False,False,False
2026-09-25 11:46:33,ERR,ERR,ERR,ERR,False,False,False
2026-09-25 11:46:35,ERR,ERR,ERR,ERR,False,False,False
2026-09-25 11:46:35,ERR,ERR,ERR,ERR,False,False,False
2026-09-25 11:46:37,ERR,ERR,ERR,ERR,False,False,False
2026-09-25 11:46:37,ERR,ERR,ERR,ERR,False,False,False
2026-09-25 11:46:39,ERR,ERR,ERR,ERR,False,False,False
2026-09-25 11:46:39,ERR,ERR,ERR,ERR,False,False,False
2026-09-25 11:46:41,ERR,ERR,ERR,ERR,False,False,False
2026-09-25 11:46:41,ERR,ERR,ERR,ERR,False,False,False
2026-09-25 11:46:43,ERR,ERR,ERR,ERR,False,False,False
2026-09-25 11:46:43,ERR,ERR,ERR,ERR,False,False,False
2026-09-25 11:46:45,ERR,ERR,ERR,ERR,False,False,False
2026-09-25 11:46:47,ERR,ERR,ERR,ERR,False,False,False
2026-09-25 11:46:47,ERR,ERR,ERR,ERR,False,False,False
2026-09-25 11:46:49,ERR,ERR,ERR,ERR,False,False,False
2026-09-25 11:46:49,ERR,ERR,ERR,ERR,False,False,False
2026-09-25 11:46:51,ERR,ERR,ERR,ERR,False,False,False
2026-09-25 11:46:51,ERR,ERR,ERR,ERR,False,False,False
2026-09-25 11:46:53,ERR,ERR,ERR,ERR,False,False,False
2026-09-25 11:46:53,ERR,ERR,ERR,ERR,False,False,False
2026-09-25 11:46:55,ERR,ERR,ERR,ERR,False,False,False
2026-09-25 11:46:55,ERR,ERR,ERR,ERR,False,False,False
2026-09-25 11:46:55,ERR,ERR,ERR,ERR,False,False,False
2026-09-25 11:46:56,ERR,ERR,ERR,ERR,False,False,False
2026-09-25 11:46:57,ERR,ERR,ERR,ERR,False,False,False
2026-09-25 11:46:57,ERR,ERR,ERR,ERR,False,False,False
2026-09-25 11:46:57,ERR,ERR,ERR,ERR,False,False,False
2026-09-25 11:46:58,ERR,ERR,ERR,ERR,False,False,False
2026-09-25 11:46:59,ERR,ERR,ERR,ERR,False,False,False
2026-09-25 11:46:59,ERR,ERR,ERR,ERR,False,False,False
2026-09-25 11:46:59,ERR,ERR,ERR,ERR,False,False,False
2026-09-25 11:47:00,ERR,ERR,ERR,ERR,False,False,False
2026-09-25 11:47:01,ERR,ERR,ERR,ERR,False,False,False
2026-09-25 11:47:01,ERR,ERR,ERR,ERR,False,False,False
2026-09-25 11:47:01,ERR,ERR,ERR,ERR,False,False,False
2026-09-25 11:47:02,ERR,ERR,ERR,ERR,False,False,False
2026-09-25 11:47:03,ERR,ERR,ERR,ERR,False,False,False
2026-09-25 11:47:03,ERR,ERR,ERR,ERR,False,False,False
2026-09-25 11:47:03,ERR,ERR,ERR,ERR,False,False,False
2026-09-25 11:47:04,ERR,ERR,ERR,ERR,False,False,False
2026-09-25 11:47:05,ERR,ERR,ERR,ERR,False,False,False
2026-09-25 11:47:05,ERR,ERR,ERR,ERR,False,False,False
2026-09-25 11:47:05,ERR,ERR,ERR,ERR,False,False,False
2026-09-25 11:47:06,ERR,ERR,ERR,ERR,False,False,False
2026-09-25 11:47:07,ERR,ERR,ERR,ERR,False,False,False
2026-09-25 11:47:07,ERR,ERR,ERR,ERR,False,False,False
2026-09-25 11:47:07,ERR,ERR,ERR,ERR,False,False,False
2026-09-25 11:47:08,ERR,ERR,ERR,ERR,False,False,False
2026-09-25 11:47:09,ERR,ERR,ERR,ERR,False,False,False
2026-09-25 11:47:09,ERR,ERR,ERR,ERR,False,False,False
2026-09-25 11:47:09,ERR,ERR,ERR,ERR,False,False,False
2026-09-25 11:47:10,ERR,ERR,ERR,ERR,False,False,False
2026-09-25 11:47:11,ERR,ERR,ERR,ERR,False,False,False
2026-09-25 11:47:11,ERR,ERR,ERR,ERR,False,False,False
2026-09-25 11:47:11,ERR,ERR,ERR,ERR,False,False,False
2026-09-25 11:47:12,ERR,ERR,ERR,ERR,False,False,False
2026-09-25 11:47:13,ERR,ERR,ERR,ERR,False,False,False
2026-09-25 11:47:13,ERR,ERR,ERR,ERR,False,False,False
2026-09-25 11:47:13,ERR,ERR,ERR,ERR,False,False,False
2026-09-25 11:47:14,ERR,ERR,ERR,ERR,False,False,False
2026-09-25 11:47:15,ERR,ERR,ERR,ERR,False,False,False
2026-09-25 11:47:15,ERR,ERR,ERR,ERR,False,False,False
2026-09-25 11:47:15,ERR,ERR,ERR,ERR,False,False,False
2026-09-25 11:47:16,ERR,ERR,ERR,ERR,False,False,False
2026-09-25 11:47:17,ERR,ERR,ERR,ERR,False,False,False
2026-09-25 11:47:17,ERR,ERR,ERR,ERR,False,False,False
2026-09-25 11:47:17,ERR,ERR,ERR,ERR,False,False,False
2026-09-25 11:47:18,ERR,ERR,ERR,ERR,False,False,False
2026-09-25 11:47:19,ERR,ERR,ERR,ERR,False,False,False
2026-09-25 11:47:19,ERR,ERR,ERR,ERR,False,False,False
2026-09-25 11:47:19,ERR,ERR,ERR,ERR,False,False,False
2026-09-25 11:47:20,ERR,ERR,ERR,ERR,False,False,False
2026-09-25 11:47:21,ERR,ERR,ERR,ERR,False,False,False
2026-09-25 11:47:21,ERR,ERR,ERR,ERR,False,False,False
2026-09-25 11:47:21,ERR,ERR,ERR,ERR,False,False,False
2026-09-25 11:47:22,ERR,ERR,ERR,ERR,False,False,False
2026-09-25 11:47:23,ERR,ERR,ERR,ERR,False,False,False
2026-09-25 11:47:23,ERR,ERR,ERR,ERR,False,False,False
2026-09-25 11:47:23,ERR,ERR,ERR,ERR,False,False,False
2026-09-25 11:47:25,ERR,ERR,ERR,ERR,False,False,False
2026-09-25 11:47:25,ERR,ERR,ERR,ERR,False,False,False
2026-09-25 11:47:30,ERR,ERR,ERR,ERR,False,False,False
2026-09-25 11:47:31,ERR,ERR,ERR,ERR,False,False,False
2026-09-25 11:47:39,ERR,ERR,ERR,ERR,False,False,False
2026-09-25 11:47:41,ERR,ERR,ERR,ERR,False,False,False
2026-09-25 11:47:43,ERR,ERR,ERR,ERR,False,False,False
2026-09-25 11:47:45,ERR,ERR,ERR,ERR,False,False,False
2026-09-25 11:47:47,ERR,ERR,ERR,ERR,False,False,False
2026-09-25 11:47:49,ERR,ERR,ERR,ERR,False,False,False
2026-09-25 11:47:51,ERR,ERR,ERR,ERR,False,False,False
2026-09-25 11:47:53,ERR,ERR,ERR,ERR,True,False,False
2026-09-25 11:47:55,ERR,ERR,ERR,ERR,True,False,False
2026-09-25 11:47:57,ERR,ERR,ERR,ERR,True,False,False
2026-09-25 11:48:00,ERR,ERR,ERR,ERR,True,False,False
2026-09-25 11:48:02,ERR,ERR,ERR,ERR,True,False,False
2026-09-25 11:48:04,ERR,ERR,ERR,ERR,True,False,False
2026-09-25 11:48:06,ERR,ERR,ERR,ERR,True,False,False
2026-09-25 11:48:08,ERR,ERR,ERR,ERR,True,False,False
2026-09-25 11:48:10,ERR,ERR,ERR,ERR,True,False,False
2026-09-25 11:48:12,ERR,ERR,ERR,ERR,True,False,False
2026-09-25 11:48:14,ERR,ERR,ERR,ERR,True,False,False
2026-09-25 11:48:16,ERR,ERR,ERR,ERR,False,False,False
2026-09-25 11:48:18,ERR,ERR,ERR,ERR,True,False,False
2026-09-25 11:48:20,ERR,ERR,ERR,ERR,True,False,False
2026-09-25 11:48:22,ERR,ERR,ERR,ERR,True,False,False
2026-09-25 11:48:24,ERR,ERR,ERR,ERR,True,False,False
2026-09-25 11:48:26,ERR,ERR,ERR,ERR,True,False,False
2026-09-25 11:48:28,ERR,ERR,ERR,ERR,True,False,False
2026-09-25 11:48:30,ERR,ERR,ERR,ERR,True,False,False
2026-09-25 11:48:32,ERR,ERR,ERR,ERR,True,False,False
2026-09-25 11:48:34,ERR,ERR,ERR,ERR,True,False,False
2026-09-25 11:48:36,ERR,ERR,ERR,ERR,True,False,False
2026-09-25 11:48:38,ERR,ERR,ERR,ERR,True,False,False
2026-09-25 11:48:40,ERR,ERR,ERR,ERR,True,False,False
2026-09-25 11:48:42,ERR,ERR,ERR,ERR,True,False,False
2026-09-25 11:48:44,ERR,ERR,ERR,ERR,True,False,False
2026-09-25 11:48:46,ERR,ERR,ERR,ERR,True,False,False
2026-09-25 11:48:48,ERR,ERR,ERR,ERR,True,False,False
2026-09-25 11:48:50,ERR,ERR,ERR,ERR,True,False,False
2026-09-25 11:48:52,ERR,ERR,ERR,ERR,True,False,False
2026-09-25 11:48:54,ERR,ERR,ERR,ERR,True,False,False
2026-09-25 11:48:56,ERR,ERR,ERR,ERR,True,False,False
2026-09-25 11:48:58,ERR,ERR,ERR,ERR,True,False,False
2026-09-25 11:49:00,ERR,ERR,ERR,ERR,True,False,False
2026-09-25 11:49:06,ERR,ERR,ERR,ERR,False,False,False
2026-09-25 11:49:08,ERR,ERR,ERR,ERR,False,False,False
2026-09-25 11:49:10,ERR,ERR,ERR,ERR,False,False,False
2026-09-25 11:49:12,ERR,ERR,ERR,ERR,False,False,False
2026-09-25 11:49:17,ERR,ERR,ERR,ERR,False,False,False
2026-09-25 11:49:19,ERR,ERR,ERR,ERR,False,False,False
2026-09-25 11:49:21,ERR,ERR,ERR,ERR,False,False,False
2026-09-25 11:49:23,ERR,ERR,ERR,ERR,False,False,False
2026-09-25 11:49:25,ERR,ERR,ERR,ERR,False,False,False
2026-09-25 11:49:27,ERR,ERR,ERR,ERR,False,False,False
2026-09-25 11:49:29,ERR,ERR,ERR,ERR,False,False,False
2026-09-25 11:49:31,ERR,ERR,ERR,ERR,False,False,False
2026-09-25 11:49:33,ERR,ERR,ERR,ERR,False,False,False
2026-09-25 11:49:35,ERR,ERR,ERR,ERR,False,False,False
2026-09-25 11:49:37,ERR,ERR,ERR,ERR,False,False,False
2026-09-25 11:49:39,ERR,ERR,ERR,ERR,False,False,False
2026-09-25 11:49:41,ERR,ERR,ERR,ERR,False,False,False
2026-09-25 11:49:43,ERR,ERR,ERR,ERR,False,False,False
2026-09-25 11:49:45,ERR,ERR,ERR,ERR,False,False,False
2026-09-25 11:49:47,ERR,ERR,ERR,ERR,False,False,False
2026-09-25 11:49:49,ERR,ERR,ERR,ERR,False,False,False
2026-09-25 11:49:51,ERR,ERR,ERR,ERR,False,False,False
2026-09-25 11:49:53,ERR,ERR,ERR,ERR,False,False,False
2026-09-25 11:49:55,ERR,ERR,ERR,ERR,False,False,False
2026-09-25 11:49:57,ERR,ERR,ERR,ERR,False,False,False
2026-09-25 11:50:00,ERR,ERR,ERR,ERR,False,False,False
2026-09-25 11:50:02,ERR,ERR,ERR,ERR,False,False,False
2026-09-25 11:50:04,ERR,ERR,ERR,ERR,False,False,False
2026-09-25 11:50:06,ERR,ERR,ERR,ERR,False,False,False
2026-09-25 11:50:08,ERR,ERR,ERR,ERR,False,False,False
2026-09-25 11:50:10,ERR,ERR,ERR,ERR,False,False,False
2026-09-25 11:50:12,ERR,ERR,ERR,ERR,False,False,False
2026-09-25 11:50:14,ERR,ERR,ERR,ERR,False,False,False
2026-09-25 11:50:16,ERR,ERR,ERR,ERR,False,False,False
2026-09-25 11:50:18,ERR,ERR,ERR,ERR,False,False,False
2026-09-25 11:50:20,ERR,ERR,ERR,ERR,False,False,False
2026-09-25 11:50:22,ERR,ERR,ERR,ERR,False,False,False
2026-09-25 11:50:24,ERR,ERR,ERR,ERR,False,False,False
2026-09-25 11:50:26,ERR,ERR,ERR,ERR,False,False,False
2026-09-25 11:50:28,ERR,ERR,ERR,ERR,False,False,False
2026-09-25 11:50:30,ERR,ERR,ERR,ERR,False,False,False
2026-09-25 11:50:32,ERR,ERR,ERR,ERR,False,False,False
2026-09-25 11:50:34,ERR,ERR,ERR,ERR,False,False,False
2026-09-25 11:50:36,ERR,ERR,ERR,ERR,False,False,False
2026-09-25 11:50:38,ERR,ERR,ERR,ERR,False,False,False
2026-09-25 11:50:40,ERR,ERR,ERR,ERR,False,False,False
2026-09-25 11:50:42,ERR,ERR,ERR,ERR,False,False,False
2026-09-25 11:50:44,ERR,ERR,ERR,ERR,False,False,False
2026-09-25 11:50:46,ERR,ERR,ERR,ERR,False,False,False
2026-09-25 11:50:48,ERR,ERR,ERR,ERR,False,False,False
2026-09-25 11:50:50,ERR,ERR,ERR,ERR,False,False,False
2026-09-25 11:50:52,ERR,ERR,ERR,ERR,False,False,False
2026-09-25 11:50:54,ERR,ERR,ERR,ERR,False,False,False
2026-09-25 11:50:56,ERR,ERR,ERR,ERR,False,False,False
2026-09-25 11:50:58,ERR,ERR,ERR,ERR,False,False,False
2026-09-25 11:51:00,ERR,ERR,ERR,ERR,False,False,False
2026-09-25 11:51:02,ERR,ERR,ERR,ERR,False,False,False
2026-09-25 11:51:04,ERR,ERR,ERR,ERR,False,False,False
2026-09-25 11:51:06,ERR,ERR,ERR,ERR,False,False,False
2026-09-25 11:51:08,ERR,ERR,ERR,ERR,False,False,False
2026-09-25 11:51:10,ERR,ERR,ERR,ERR,False,False,False
2026-09-25 11:51:12,ERR,ERR,ERR,ERR,False,False,False
2026-09-25 11:51:14,ERR,ERR,ERR,ERR,False,False,False
2026-09-25 11:51:16,ERR,ERR,ERR,ERR,False,False,False
2026-09-25 11:51:18,ERR,ERR,ERR,ERR,False,False,False
2026-09-25 11:51:21,ERR,ERR,ERR,ERR,False,False,False
2026-09-25 11:51:23,ERR,ERR,ERR,ERR,False,False,False
2026-09-25 11:51:25,ERR,ERR,ERR,ERR,False,False,False
2026-09-25 11:51:27,ERR,ERR,ERR,ERR,False,False,False
2026-09-25 11:51:29,ERR,ERR,ERR,ERR,False,False,False
2026-09-25 11:51:31,ERR,ERR,ERR,ERR,False,False,False
2026-09-25 11:51:33,ERR,ERR,ERR,ERR,False,False,False
2026-09-25 11:51:37,ERR,ERR,ERR,ERR,False,False,False
2026-09-25 11:51:39,ERR,ERR,ERR,ERR,False,False,False
2026-09-25 11:51:41,ERR,ERR,ERR,ERR,False,False,False
2026-09-25 11:51:43,ERR,ERR,ERR,ERR,False,False,False
2026-09-25 11:51:45,ERR,ERR,ERR,ERR,False,False,False
2026-09-25 11:51:47,ERR,ERR,ERR,ERR,False,False,False
2026-09-25 11:51:49,ERR,ERR,ERR,ERR,False,False,False
2026-09-25 11:51:51,ERR,ERR,ERR,ERR,False,False,False
2026-09-25 11:51:53,ERR,ERR,ERR,ERR,False,False,False
2026-09-25 11:51:55,ERR,ERR,ERR,ERR,False,False,False
2026-09-25 11:51:57,ERR,ERR,ERR,ERR,False,False,False
2026-09-25 11:51:59,ERR,ERR,ERR,ERR,False,False,False
2026-09-25 11:52:01,ERR,ERR,ERR,ERR,False,False,False
2026-09-25 11:52:03,ERR,ERR,ERR,ERR,False,False,False
2026-09-25 11:52:05,ERR,ERR,ERR,ERR,False,False,False
2026-09-25 11:52:07,ERR,ERR,ERR,ERR,False,False,False
2026-09-25 11:52:09,ERR,ERR,ERR,ERR,False,False,False
2026-09-25 11:52:11,ERR,ERR,ERR,ERR,False,False,False
2026-09-25 11:52:13,ERR,ERR,ERR,ERR,False,False,False
2026-09-25 11:52:15,ERR,ERR,ERR,ERR,False,False,False
2026-09-25 11:52:17,ERR,ERR,ERR,ERR,False,False,False
2026-09-25 11:56:55,ERR,ERR,ERR,ERR,False,False,False
2026-09-25 11:56:57,ERR,ERR,ERR,ERR,False,False,False
2026-09-25 11:56:59,ERR,ERR,ERR,ERR,False,False,False
2026-09-25 11:56:59,ERR,ERR,ERR,ERR,False,False,False
2026-09-25 11:57:01,ERR,ERR,ERR,ERR,False,False,False
2026-09-25 11:57:01,ERR,ERR,ERR,ERR,False,False,False
2026-09-25 11:57:03,ERR,ERR,ERR,ERR,False,False,False
2026-09-25 11:57:03,ERR,ERR,ERR,ERR,False,False,False
2026-09-25 11:57:05,ERR,ERR,ERR,ERR,False,False,False
2026-09-25 11:57:05,ERR,ERR,ERR,ERR,False,False,False
2026-09-25 11:57:07,ERR,ERR,ERR,ERR,False,False,False
2026-09-25 11:57:07,ERR,ERR,ERR,ERR,False,False,False
2026-09-25 11:57:09,ERR,ERR,ERR,ERR,False,False,False
2026-09-25 11:57:09,ERR,ERR,ERR,ERR,False,False,False
2026-09-25 11:57:11,ERR,ERR,ERR,ERR,False,False,False
2026-09-25 11:57:11,ERR,ERR,ERR,ERR,False,False,False
2026-09-25 11:57:13,ERR,ERR,ERR,ERR,False,False,False
2026-09-25 11:57:15,ERR,ERR,ERR,ERR,False,False,False
2026-09-25 11:57:15,ERR,ERR,ERR,ERR,False,False,False
2026-09-25 11:57:17,ERR,ERR,ERR,ERR,False,False,False
2026-09-25 11:57:17,ERR,ERR,ERR,ERR,False,False,False
2026-09-25 11:57:19,ERR,ERR,ERR,ERR,False,False,False
2026-09-25 11:57:19,ERR,ERR,ERR,ERR,False,False,False
2026-09-25 11:57:21,ERR,ERR,ERR,ERR,False,False,False
2026-09-25 11:57:23,ERR,ERR,ERR,ERR,False,False,False
2026-09-25 11:57:25,ERR,ERR,ERR,ERR,False,False,False
2026-09-25 11:57:27,ERR,ERR,ERR,ERR,False,False,False
2026-09-25 11:57:29,ERR,ERR,ERR,ERR,False,False,False
2026-09-25 11:57:31,ERR,ERR,ERR,ERR,False,False,False
2026-09-25 11:57:33,ERR,ERR,ERR,ERR,False,False,False
2026-09-25 11:57:35,ERR,ERR,ERR,ERR,False,False,False
2026-09-25 11:57:37,ERR,ERR,ERR,ERR,False,False,False
2026-09-25 11:57:39,ERR,ERR,ERR,ERR,False,False,False
2026-09-25 11:57:41,ERR,ERR,ERR,ERR,False,False,False
2026-09-25 11:57:43,ERR,ERR,ERR,ERR,False,False,False
2026-09-25 11:57:45,ERR,ERR,ERR,ERR,False,False,False
2026-09-25 11:57:47,ERR,ERR,ERR,ERR,False,False,False
2026-09-25 11:57:49,ERR,ERR,ERR,ERR,False,False,False
2026-09-25 11:57:51,ERR,ERR,ERR,ERR,False,False,False
2026-09-25 11:57:53,ERR,ERR,ERR,ERR,False,False,False
2026-09-25 11:57:55,ERR,ERR,ERR,ERR,False,False,False
2026-09-25 11:57:57,ERR,ERR,ERR,ERR,False,False,False
2026-09-25 11:57:59,ERR,ERR,ERR,ERR,False,False,False
2026-09-25 11:58:01,ERR,ERR,ERR,ERR,False,False,False
2026-09-25 11:58:03,ERR,ERR,ERR,ERR,False,False,False
2026-09-25 11:58:05,ERR,ERR,ERR,ERR,False,False,False
2026-09-25 11:58:07,ERR,ERR,ERR,ERR,False,False,False
2026-09-25 11:58:09,ERR,ERR,ERR,ERR,False,False,False
2026-09-25 11:58:11,ERR,ERR,ERR,ERR,False,False,False
2026-09-25 11:58:13,ERR,ERR,ERR,ERR,False,False,False
2026-09-25 11:58:15,ERR,ERR,ERR,ERR,False,False,False
2026-09-25 11:58:17,ERR,ERR,ERR,ERR,False,False,False
2026-09-25 11:58:19,ERR,ERR,ERR,ERR,False,False,False
2026-09-25 11:58:21,ERR,ERR,ERR,ERR,False,False,False
2026-09-25 11:58:23,ERR,ERR,ERR,ERR,False,False,False
2026-09-25 11:58:25,ERR,ERR,ERR,ERR,False,False,False
2026-09-25 11:58:27,ERR,ERR,ERR,ERR,False,False,False
2026-09-25 11:58:29,ERR,ERR,ERR,ERR,False,False,False
2026-09-25 11:58:31,ERR,ERR,ERR,ERR,False,False,False
2026-09-25 11:58:33,ERR,ERR,ERR,ERR,False,False,False
2026-09-25 11:58:35,ERR,ERR,ERR,ERR,False,False,False
2026-09-25 11:58:37,ERR,ERR,ERR,ERR,False,False,False
2026-09-25 11:58:39,ERR,ERR,ERR,ERR,False,False,False
2026-09-25 11:58:41,ERR,ERR,ERR,ERR,False,False,False
2026-09-25 11:58:43,ERR,ERR,ERR,ERR,False,False,False
2026-09-25 11:58:45,ERR,ERR,ERR,ERR,False,False,False
2026-09-25 11:58:47,ERR,ERR,ERR,ERR,False,False,False
2026-09-25 11:58:49,ERR,ERR,ERR,ERR,False,False,False
2026-09-25 11:58:51,ERR,ERR,ERR,ERR,False,False,False
2026-09-25 11:58:53,ERR,ERR,ERR,ERR,False,False,False
2026-09-25 11:58:55,ERR,ERR,ERR,ERR,False,False,False
2026-09-25 11:58:57,ERR,ERR,ERR,ERR,False,False,False
2026-09-25 11:58:59,ERR,ERR,ERR,ERR,False,False,False
2026-09-25 11:59:01,ERR,ERR,ERR,ERR,False,True,False
2026-09-25 11:59:03,ERR,ERR,ERR,ERR,False,True,False
2026-09-25 11:59:05,ERR,ERR,ERR,ERR,False,True,False
2026-09-25 11:59:07,ERR,ERR,ERR,ERR,False,False,False
2026-09-25 11:59:09,ERR,ERR,ERR,ERR,False,True,False
2026-09-25 11:59:11,ERR,ERR,ERR,ERR,False,True,False
2026-09-25 11:59:13,ERR,ERR,ERR,ERR,False,True,False
2026-09-25 11:59:15,ERR,ERR,ERR,ERR,False,True,False
2026-09-25 11:59:17,ERR,ERR,ERR,ERR,False,False,False
2026-09-25 11:59:19,ERR,ERR,ERR,ERR,False,True,False
2026-09-25 11:59:21,ERR,ERR,ERR,ERR,False,True,False
2026-09-25 11:59:23,ERR,ERR,ERR,ERR,False,True,False
2026-09-25 11:59:25,ERR,ERR,ERR,ERR,False,True,False
2026-09-25 11:59:27,ERR,ERR,ERR,ERR,False,True,False
2026-09-25 11:59:29,ERR,ERR,ERR,ERR,False,True,False
2026-09-25 11:59:31,ERR,ERR,ERR,ERR,False,True,False
2026-09-25 11:59:33,ERR,ERR,ERR,ERR,False,True,False
2026-09-25 11:59:35,ERR,ERR,ERR,ERR,False,True,False
2026-09-25 11:59:37,ERR,ERR,ERR,ERR,False,True,False
2026-09-25 11:59:39,ERR,ERR,ERR,ERR,False,True,False
2026-09-25 11:59:41,ERR,ERR,ERR,ERR,False,True,False
2026-09-25 11:59:43,ERR,ERR,ERR,ERR,False,True,False
2026-09-25 11:59:45,ERR,ERR,ERR,ERR,False,True,False
2026-09-25 11:59:47,ERR,ERR,ERR,ERR,False,True,False
2026-09-25 11:59:49,ERR,ERR,ERR,ERR,False,True,False
2026-09-25 11:59:51,ERR,ERR,ERR,ERR,False,True,False
2026-09-25 11:59:53,ERR,ERR,ERR,ERR,False,True,False
2026-09-25 11:59:55,ERR,ERR,ERR,ERR,False,True,False
2026-09-25 11:59:57,ERR,ERR,ERR,ERR,False,True,False
2026-09-25 11:59:59,ERR,ERR,ERR,ERR,False,True,False
2026-09-25 12:00:01,ERR,ERR,ERR,ERR,False,True,False
2026-09-25 12:00:03,ERR,ERR,ERR,ERR,False,True,False
2026-09-25 12:00:05,ERR,ERR,ERR,ERR,False,True,False
2026-09-25 12:00:07,ERR,ERR,ERR,ERR,False,True,False
2026-09-25 12:00:09,ERR,ERR,ERR,ERR,False,True,False
2026-09-25 12:00:11,ERR,ERR,ERR,ERR,False,True,False
2026-09-25 12:00:13,ERR,ERR,ERR,ERR,False,True,False
2026-09-25 12:00:15,ERR,ERR,ERR,ERR,False,True,False
2026-09-25 12:00:17,ERR,ERR,ERR,ERR,False,True,False
2026-09-25 12:00:19,ERR,ERR,ERR,ERR,False,True,False
2026-09-25 12:00:21,ERR,ERR,ERR,ERR,False,True,False
2026-09-25 12:00:23,ERR,ERR,ERR,ERR,False,True,False
2026-09-25 12:00:25,ERR,ERR,ERR,ERR,False,True,False
2026-09-25 12:00:27,ERR,ERR,ERR,ERR,False,True,False
2026-09-25 12:00:29,ERR,ERR,ERR,ERR,False,True,False
2026-09-25 12:00:31,ERR,ERR,ERR,ERR,False,True,False
2026-09-25 12:00:33,ERR,ERR,ERR,ERR,False,True,False
2026-09-25 12:00:35,ERR,ERR,ERR,ERR,False,True,False
2026-09-25 12:00:37,ERR,ERR,ERR,ERR,False,True,False
2026-09-25 12:00:39,ERR,ERR,ERR,ERR,False,False,False
2026-09-25 12:00:41,ERR,ERR,ERR,ERR,False,False,False
2026-09-25 12:00:43,ERR,ERR,ERR,ERR,False,False,False
2026-09-25 12:00:45,ERR,ERR,ERR,ERR,False,False,False
2026-09-25 12:00:47,ERR,ERR,ERR,ERR,False,False,False
2026-09-25 12:00:49,ERR,ERR,ERR,ERR,False,False,False
2026-09-25 12:00:51,ERR,ERR,ERR,ERR,False,False,False
2026-09-25 12:00:53,ERR,ERR,ERR,ERR,False,False,False
2026-09-25 12:00:55,ERR,ERR,ERR,ERR,False,False,False
2026-09-25 12:00:57,ERR,ERR,ERR,ERR,False,False,True
2026-09-25 12:00:59,ERR,ERR,ERR,ERR,False,False,True
2026-09-25 12:01:01,ERR,ERR,ERR,ERR,False,False,True
2026-09-25 12:01:03,ERR,ERR,ERR,ERR,False,False,True
2026-09-25 12:01:05,ERR,ERR,ERR,ERR,False,False,True
2026-09-25 12:01:07,ERR,ERR,ERR,ERR,False,False,True
2026-09-25 12:01:09,ERR,ERR,ERR,ERR,False,False,True
2026-09-25 12:01:11,ERR,ERR,ERR,ERR,False,False,True
2026-09-25 12:01:13,ERR,ERR,ERR,ERR,False,False,True
2026-09-25 12:01:15,ERR,ERR,ERR,ERR,False,False,True
2026-09-25 12:01:17,ERR,ERR,ERR,ERR,False,False,True
2026-09-25 12:01:19,ERR,ERR,ERR,ERR,False,False,True
2026-09-25 12:01:21,ERR,ERR,ERR,ERR,False,False,True
2026-09-25 12:01:23,ERR,ERR,ERR,ERR,False,True,True
2026-09-25 12:01:25,ERR,ERR,ERR,ERR,False,True,True
2026-09-25 12:01:27,ERR,ERR,ERR,ERR,False,False,True
2026-09-25 12:01:29,ERR,ERR,ERR,ERR,False,False,True
2026-09-25 12:01:31,ERR,ERR,ERR,ERR,False,False,True
2026-09-25 12:01:33,ERR,ERR,ERR,ERR,False,False,True
2026-09-25 12:01:35,ERR,ERR,ERR,ERR,False,False,True
2026-09-25 12:01:37,ERR,ERR,ERR,ERR,False,False,True
2026-09-25 12:01:39,ERR,ERR,ERR,ERR,False,False,True
2026-09-25 12:01:41,ERR,ERR,ERR,ERR,False,False,True
2026-09-25 12:01:43,ERR,ERR,ERR,ERR,False,False,True
2026-09-25 12:01:45,ERR,ERR,ERR,ERR,False,False,True
2026-09-25 12:01:47,ERR,ERR,ERR,ERR,False,False,True
2026-09-25 12:01:49,ERR,ERR,ERR,ERR,False,False,True
2026-09-25 12:01:51,ERR,ERR,ERR,ERR,False,False,True
2026-09-25 12:01:53,ERR,ERR,ERR,ERR,False,False,True
2026-09-25 12:01:55,ERR,ERR,ERR,ERR,False,False,True
2026-09-25 12:01:57,ERR,ERR,ERR,ERR,False,False,True
2026-09-25 12:01:59,35.2,64,100,0,False,False,True
2026-09-25 12:02:01,35.2,63,89,0,False,False,True
2026-09-25 12:02:03,35.2,63,89,0,False,False,True
2026-09-25 12:02:05,35.2,62,89,0,False,False,True
2026-09-25 12:02:07,35.2,62,90,0,False,False,True
2026-09-25 12:02:09,35.2,62,87,0,False,False,True
2026-09-25 12:02:12,35.2,62,88,0,False,False,True
2026-09-25 12:02:14,35.2,62,85,0,False,False,True
2026-09-25 12:02:16,35.2,62,84,0,False,False,True
2026-09-25 12:02:18,35.2,62,86,0,False,False,True
2026-09-25 12:02:20,35.2,62,87,0,False,False,True
2026-09-25 12:02:22,35.2,62,84,0,False,False,True
2026-09-25 12:02:24,35.2,62,87,0,False,False,True
2026-09-25 12:02:26,35.2,62,83,0,False,False,True
2026-09-25 12:02:28,35.2,62,87,0,False,False,True
2026-09-25 12:02:30,35.2,62,79,0,False,False,True
2026-09-25 12:02:32,35.2,62,84,0,False,False,True
2026-09-25 12:02:34,35.2,62,84,0,False,False,True
2026-09-25 12:02:36,35.2,62,84,0,False,False,True
2026-09-25 12:02:38,35.2,62,83,0,False,False,True
2026-09-25 12:02:40,35.2,62,83,0,False,False,True
2026-09-25 12:02:42,35.2,62,81,0,False,False,True
2026-09-25 12:02:44,35.2,62,85,0,False,False,True
2026-09-25 12:02:46,35.2,62,86,0,False,False,True
2026-09-25 12:02:48,35.2,62,83,0,False,False,True
2026-09-25 12:02:50,35.2,62,84,0,False,False,True
2026-09-25 12:02:52,35.2,62,82,0,False,False,True
2026-09-25 12:02:54,35.2,62,81,0,False,False,True
2026-09-25 12:02:56,35.2,61,82,0,False,False,True
2026-09-25 12:02:58,35.2,61,80,0,False,False,True
2026-09-25 12:03:00,35.2,61,81,0,False,False,True
2026-09-25 12:03:02,35.2,61,87,0,False,False,True
2026-09-25 12:03:04,35.2,62,82,0,False,False,True
2026-09-25 12:03:06,35.2,62,79,0,False,False,True
2026-09-25 12:03:08,35.2,62,79,0,False,False,True
2026-09-25 12:03:10,35.2,62,86,0,False,False,True
2026-09-25 12:03:12,35.2,61,86,0,False,False,True
2026-09-25 12:03:14,35.2,61,83,0,False,False,True
2026-09-25 12:03:16,35.2,61,88,0,False,False,True
2026-09-25 12:03:18,35.2,60,90,0,False,False,True
2026-09-25 12:03:20,35.2,60,88,0,False,False,True
2026-09-25 12:03:22,35.2,60,80,0,False,False,True
2026-09-25 12:03:24,35.2,60,86,0,False,False,True
2026-09-25 12:03:26,35.2,61,82,0,False,False,True
2026-09-25 12:03:28,35.2,61,85,0,False,False,True
2026-09-25 12:03:30,35.2,61,83,0,False,False,True
2026-09-25 12:03:32,35.2,61,83,0,False,False,True
2026-09-25 12:03:34,35.2,61,84,0,False,False,True
2026-09-25 12:03:36,35.2,61,80,0,False,False,True
2026-09-25 12:03:38,35.2,61,83,0,False,False,True
2026-09-25 12:03:40,35.2,61,87,0,False,False,True
2026-09-25 12:03:42,35.2,61,88,0,False,False,True
2026-09-25 12:03:44,35.2,61,88,0,False,False,True
2026-09-25 12:03:46,35.2,61,83,0,False,False,True
2026-09-25 12:03:48,35.2,61,83,0,False,False,True
2026-09-25 12:03:50,35.2,62,84,0,False,False,True
2026-09-25 12:03:52,35.2,62,82,0,False,False,True
2026-09-25 12:03:54,35.2,62,79,0,False,False,True
2026-09-25 12:03:56,35.2,62,82,0,False,False,True
2026-09-25 12:03:58,35.2,62,80,0,False,False,True
2026-09-25 12:04:00,35.2,62,86,0,False,False,True
2026-09-25 12:04:02,35.2,62,82,0,False,False,True
2026-09-25 12:04:04,35.2,62,82,0,False,False,True
2026-09-25 12:04:06,35.2,62,82,0,False,False,True
2026-09-25 12:04:08,35.2,62,90,0,False,False,True
2026-09-25 12:04:10,35.2,62,82,0,False,False,True
2026-09-25 12:04:12,35.2,62,89,0,False,False,True
2026-09-25 12:04:14,35.2,62,89,0,False,False,True
2026-09-25 12:04:16,35.2,62,89,0,False,False,True
2026-09-25 12:04:18,35.2,62,89,0,False,False,True
2026-09-25 12:04:20,35.2,62,81,0,False,False,True
2026-09-25 12:04:22,35.2,62,90,0,False,False,True
2026-09-25 12:04:24,35.2,62,84,0,False,False,True
2026-09-25 12:04:26,35.2,62,82,0,False,False,True
2026-09-25 12:04:28,35.2,62,91,0,False,False,True
2026-09-25 12:04:30,35.2,62,89,0,False,False,True
2026-09-25 12:04:32,35.2,62,82,0,False,False,True
2026-09-25 12:04:34,35.2,62,90,0,False,False,True
2026-09-25 12:04:36,35.2,62,90,0,False,False,True
2026-09-25 12:04:38,35.2,62,85,0,False,False,True
2026-09-25 12:04:40,35.2,62,85,0,False,False,True
2026-09-25 12:04:42,35.2,62,85,0,False,False,True
2026-09-25 12:04:44,35.2,63,90,0,False,False,True
2026-09-25 12:04:46,35.2,62,86,0,False,False,True
2026-09-25 12:04:48,34.8,63,85,0,False,False,True
2026-09-25 12:04:50,34.8,63,89,0,False,False,True
2026-09-25 12:04:52,34.8,63,81,0,False,False,True
2026-09-25 12:04:54,34.8,63,81,0,False,False,True
2026-09-25 12:04:56,34.7,64,91,0,False,False,True
2026-09-25 12:04:58,34.8,63,83,0,False,False,True
2026-09-25 12:05:00,34.7,62,93,0,False,False,True
2026-09-25 12:05:02,34.7,62,87,0,False,False,True
2026-09-25 12:05:04,34.7,62,90,0,False,False,True
2026-09-25 12:05:06,34.7,62,89,0,False,False,True
2026-09-25 12:05:08,34.7,63,83,0,False,False,True
2026-09-25 12:05:10,34.7,63,93,0,False,False,True
2026-09-25 12:05:12,34.7,63,88,0,False,False,True
2026-09-25 12:05:14,34.7,63,86,0,False,False,True
2026-09-25 12:05:16,34.7,63,86,0,False,False,True
2026-09-25 12:05:18,34.7,63,89,0,False,False,True
2026-09-25 12:05:20,34.7,63,89,0,False,False,True
2026-09-25 12:05:22,34.7,63,87,0,False,False,True
2026-09-25 12:05:24,34.7,63,88,0,False,False,True
2026-09-25 12:05:26,34.7,63,88,0,False,False,True
2026-09-25 12:05:28,34.7,63,93,0,False,False,True
2026-09-25 12:05:30,34.7,63,91,0,False,False,True
2026-09-25 12:05:32,34.7,63,85,0,False,False,True
2026-09-25 12:05:34,34.7,63,91,0,False,False,True
2026-09-25 12:05:36,34.7,63,91,0,False,False,True
2026-09-25 12:05:38,34.7,63,91,0,False,False,True
2026-09-25 12:05:40,34.7,63,84,0,False,False,True
2026-09-25 12:05:42,34.7,64,90,0,False,False,True
2026-09-25 12:05:44,34.7,63,93,0,False,False,True
2026-09-25 12:05:46,34.7,63,86,0,False,False,True
2026-09-25 12:05:48,34.7,63,95,0,False,False,True
2026-09-25 12:05:50,34.7,63,93,0,False,False,True
2026-09-25 12:05:52,34.7,63,89,0,False,False,True
2026-09-25 12:05:54,34.7,63,87,0,False,False,True
2026-09-25 12:05:56,34.7,63,85,0,False,False,True
2026-09-25 12:05:58,34.7,63,86,0,False,False,True
2026-09-25 12:06:00,34.7,63,92,0,False,False,True
2026-09-25 12:06:02,34.7,63,90,0,False,False,True
2026-09-25 12:06:04,34.7,63,87,0,False,False,True
2026-09-25 12:06:06,34.7,63,87,0,False,False,True
2026-09-25 12:06:08,34.7,64,87,0,False,False,True
2026-09-25 12:06:10,34.7,63,95,0,False,False,True
2026-09-25 12:06:12,34.7,63,95,0,False,False,True
2026-09-25 12:06:14,34.7,63,95,0,False,False,True
2026-09-25 12:06:16,34.7,63,94,0,False,False,True
2026-09-25 12:06:18,34.7,63,96,0,False,False,True
2026-09-25 12:06:20,34.7,63,89,0,False,False,True
2026-09-25 12:06:22,34.7,63,87,0,False,False,True
2026-09-25 12:06:24,34.7,63,87,0,False,False,True
2026-09-25 12:06:26,34.7,63,86,0,False,False,True
2026-09-25 12:06:28,34.7,63,87,0,False,False,True
2026-09-25 12:06:30,34.7,63,97,0,False,False,True
2026-09-25 12:06:32,34.7,63,97,0,False,False,True
2026-09-25 12:06:34,34.7,63,87,0,False,False,True
2026-09-25 12:06:36,34.7,63,87,0,False,False,True
2026-09-25 12:06:38,34.7,63,87,0,False,False,True
2026-09-25 12:06:40,34.7,63,89,0,False,False,True
2026-09-25 12:06:42,34.7,63,94,0,False,False,True
2026-09-25 12:06:44,34.7,63,88,0,False,False,True
2026-09-25 12:06:46,34.7,63,87,0,False,False,True
2026-09-25 12:06:48,34.7,63,88,0,False,False,True
2026-09-25 12:06:50,34.7,63,96,0,False,False,True
2026-09-25 12:06:52,34.7,63,86,0,False,False,True
2026-09-25 12:06:54,34.7,63,96,0,False,False,True
2026-09-25 12:06:56,34.7,63,89,0,False,False,True
2026-09-25 12:06:58,34.7,63,92,0,False,False,True
2026-09-25 12:07:00,34.7,63,92,0,False,False,True
2026-09-25 12:07:02,34.7,64,87,0,False,False,True
2026-09-25 12:07:04,34.7,64,93,0,False,False,True
2026-09-25 12:07:06,34.7,64,86,0,False,False,True
2026-09-25 12:07:08,34.7,64,96,0,False,False,True
2026-09-25 12:07:10,34.7,64,88,0,False,False,True
2026-09-25 12:07:12,34.7,64,97,0,False,False,True
2026-09-25 12:07:14,34.7,64,87,0,False,False,True
2026-09-25 12:07:16,34.7,64,87,0,False,False,True
2026-09-25 12:07:18,34.7,64,95,0,False,False,True
2026-09-25 12:07:20,34.7,64,95,0,False,False,True
2026-09-25 12:07:22,34.7,64,89,0,False,False,True
2026-09-25 12:07:24,34.7,64,89,0,False,False,True
2026-09-25 12:07:26,34.7,64,89,0,False,False,True
2026-09-25 12:07:28,34.7,64,91,0,False,False,True
2026-09-25 12:07:30,34.7,64,95,0,False,False,True
2026-09-25 12:07:32,34.7,64,90,0,False,False,True
2026-09-25 12:07:34,34.7,64,96,0,False,False,True
2026-09-25 12:07:36,34.7,63,90,0,False,False,True
2026-09-25 12:07:38,34.7,63,98,0,False,False,True
2026-09-25 12:07:40,34.7,63,95,0,False,False,True
2026-09-25 12:07:42,34.7,63,88,0,False,False,True
2026-09-25 12:07:44,34.7,63,87,0,False,False,True
2026-09-25 12:07:46,34.7,63,90,0,False,False,True
2026-09-25 12:07:48,34.7,63,91,0,False,False,True
2026-09-25 12:07:50,34.7,63,95,0,False,False,True
2026-09-25 12:07:52,34.7,63,99,0,False,False,True
2026-09-25 12:07:54,34.7,63,92,0,False,False,True
2026-09-25 12:07:56,34.7,63,89,0,False,False,True
2026-09-25 12:07:58,34.7,63,90,0,False,False,True
2026-09-25 12:08:00,34.7,63,95,0,False,False,True
2026-09-25 12:08:02,34.7,63,98,0,False,False,True
2026-09-25 12:08:04,34.7,62,88,0,False,False,True
2026-09-25 12:08:06,34.7,62,89,0,False,False,True
2026-09-25 12:08:08,34.7,63,90,0,False,False,True
2026-09-25 12:08:10,34.7,63,90,0,False,False,True
2026-09-25 12:08:12,34.7,63,97,0,False,False,True
2026-09-25 12:08:14,34.7,63,88,0,False,False,True
2026-09-25 12:08:16,34.7,63,97,0,False,False,True
2026-09-25 12:08:18,34.7,63,96,0,False,False,True
2026-09-25 12:08:20,34.7,63,89,0,False,False,True
2026-09-25 12:08:22,34.7,63,91,0,False,False,True
2026-09-25 12:08:24,34.7,63,91,0,False,False,True
2026-09-25 12:08:26,34.7,63,98,0,False,False,True
2026-09-25 12:08:28,34.7,63,98,0,False,False,True
2026-09-25 12:08:30,34.7,63,98,0,False,False,True
2026-09-25 12:08:32,34.7,63,91,0,False,False,True
2026-09-25 12:08:34,34.7,63,93,0,False,False,True
2026-09-25 12:08:36,34.7,63,87,0,False,False,True
2026-09-25 12:08:38,34.7,63,95,0,False,False,True
2026-09-25 12:08:40,34.7,63,98,0,False,False,True
2026-09-25 12:08:42,34.7,63,98,0,False,False,True
2026-09-25 12:08:44,34.7,63,91,0,False,False,True
2026-09-25 12:08:46,34.7,63,89,0,False,False,True
2026-09-25 12:08:48,34.7,63,91,0,False,False,True
2026-09-25 12:08:50,34.7,63,97,0,False,False,True
2026-09-25 12:08:52,34.7,63,95,0,False,False,True
2026-09-25 12:08:54,34.7,63,95,0,False,False,True
2026-09-25 12:08:56,34.7,63,91,0,False,False,True
2026-09-25 12:08:58,34.7,63,97,0,False,False,True
2026-09-25 12:09:00,34.6,63,97,0,False,False,True
2026-09-25 12:09:02,34.6,63,91,0,False,False,True
2026-09-25 12:09:04,34.6,63,91,0,False,False,True
2026-09-25 12:09:06,34.5,63,93,0,False,False,True
2026-09-25 12:09:08,34.4,63,88,0,False,False,True
2026-09-25 12:09:10,34.4,63,88,0,False,False,True
2026-09-25 12:09:12,34.4,63,88,0,False,False,True
2026-09-25 12:09:14,34.2,63,93,0,False,False,True
2026-09-25 12:09:16,34.2,63,89,0,False,False,True
2026-09-25 12:09:18,34.2,63,93,0,False,False,True
2026-09-25 12:09:20,34.2,63,93,0,False,False,True
2026-09-25 12:09:22,34.2,62,97,0,False,False,True
2026-09-25 12:09:24,34.2,62,94,0,False,False,True
2026-09-25 12:09:26,34.2,62,94,0,False,False,True
2026-09-25 12:09:28,34.2,62,92,0,False,False,True
2026-09-25 12:09:30,34.2,62,93,0,False,False,True
2026-09-25 12:09:32,34.2,62,93,0,False,False,True
2026-09-25 12:09:34,34.2,62,91,0,False,False,True
2026-09-25 12:09:36,34.2,62,92,0,False,False,True
2026-09-25 12:09:38,34.2,61,97,0,False,False,True
2026-09-25 12:09:40,34.2,61,89,0,False,False,True
2026-09-25 12:09:42,34.2,62,97,0,False,False,True
2026-09-25 12:09:44,34.2,62,89,0,False,False,True
2026-09-25 12:09:46,34.2,62,90,0,False,False,True
2026-09-25 12:09:48,34.2,62,99,0,False,False,True
2026-09-25 12:09:50,34.2,62,99,0,False,False,True
2026-09-25 12:09:52,34.2,63,96,0,False,False,True
2026-09-25 12:09:54,34.2,63,93,0,False,False,True
2026-09-25 12:09:56,34.2,63,96,0,False,False,True
2026-09-25 12:09:58,34.2,63,98,0,False,False,True
2026-09-25 12:10:00,34.2,63,99,0,False,False,True
2026-09-25 12:10:02,34.2,62,92,0,False,False,True
2026-09-25 12:10:04,34.2,62,91,0,False,False,True
2026-09-25 12:10:06,34.2,62,92,0,False,False,True
2026-09-25 12:10:08,34.2,62,95,0,False,False,True
2026-09-25 12:10:10,34.2,62,97,0,False,False,True
2026-09-25 12:10:12,34.2,62,98,0,False,False,True
2026-09-25 12:10:14,34.2,62,98,0,False,False,True
2026-09-25 12:10:16,34.2,62,97,0,False,False,True
2026-09-25 12:10:18,34.2,62,90,0,False,False,True
2026-09-25 12:10:20,34.2,62,90,0,False,False,True
2026-09-25 12:10:22,34.2,63,94,0,False,False,True
2026-09-25 12:10:24,34.2,63,87,0,False,False,True
2026-09-25 12:10:26,34.2,64,89,0,False,False,True
2026-09-25 12:10:28,34.2,64,93,0,False,False,True
2026-09-25 12:10:30,34.2,64,90,0,False,False,True
2026-09-25 12:10:32,34.2,64,97,0,False,False,True
2026-09-25 12:10:34,34.2,64,95,0,False,False,True
2026-09-25 12:10:36,34.2,63,90,0,False,False,True
2026-09-25 12:10:38,34.2,63,88,0,False,False,True
2026-09-25 12:10:40,34.2,63,88,0,False,False,True
2026-09-25 12:10:42,34.2,63,89,0,False,False,True
2026-09-25 12:10:44,34.2,63,95,0,False,False,True
2026-09-25 12:10:46,34.2,63,95,0,False,False,True
2026-09-25 12:10:48,34.2,63,95,0,False,False,True
2026-09-25 12:10:50,34.2,63,94,0,False,False,True
2026-09-25 12:10:52,34.2,63,92,0,False,False,True
2026-09-25 12:10:54,34.2,63,91,0,False,False,True
2026-09-25 12:10:56,34.2,63,92,0,False,False,True
2026-09-25 12:10:58,34.2,63,92,0,False,False,True
2026-09-25 12:11:00,34.2,63,94,0,False,False,True
2026-09-25 12:11:02,34.2,63,89,0,False,False,True
2026-09-25 12:11:04,34.2,63,95,0,False,False,True
2026-09-25 12:11:08,34.2,63,95,0,False,False,True
2026-09-25 12:11:09,ERR,ERR,ERR,ERR,False,False,False
2026-09-25 12:11:11,34.2,64,96,0,False,False,True
2026-09-25 12:11:12,ERR,ERR,ERR,ERR,False,False,False
2026-09-25 12:11:13,34.2,63,92,0,False,False,True
2026-09-25 12:11:14,ERR,ERR,ERR,ERR,False,False,False
2026-09-25 12:11:15,34.2,63,96,0,False,False,True
2026-09-25 12:11:16,ERR,ERR,ERR,ERR,False,False,False
2026-09-25 12:11:17,34.2,64,97,0,False,False,True
2026-09-25 12:11:18,ERR,ERR,ERR,ERR,False,False,False
2026-09-25 12:11:19,34.2,64,90,0,False,False,True
2026-09-25 12:11:20,ERR,ERR,ERR,ERR,False,False,False
2026-09-25 12:11:21,34.2,64,96,0,False,False,True
2026-09-25 12:11:22,ERR,ERR,ERR,ERR,False,False,False
2026-09-25 12:11:23,34.2,64,89,0,False,False,True
2026-09-25 12:11:24,ERR,ERR,ERR,ERR,False,False,False
2026-09-25 12:11:25,34.2,64,93,0,False,False,True
2026-09-25 12:11:26,ERR,ERR,ERR,ERR,False,False,False
2026-09-25 12:11:27,34.2,64,89,0,False,False,True
2026-09-25 12:11:28,ERR,ERR,ERR,ERR,False,False,False
2026-09-25 12:11:29,34.2,64,95,0,False,False,True
2026-09-25 12:11:30,ERR,ERR,ERR,ERR,False,False,False
2026-09-25 12:11:31,34.2,64,95,0,False,False,True
2026-09-25 12:11:32,ERR,ERR,ERR,ERR,False,False,False
2026-09-25 12:11:33,34.2,64,95,0,False,False,True
2026-09-25 12:11:34,ERR,ERR,ERR,ERR,False,False,False
2026-09-25 12:11:35,34.2,64,89,0,False,False,True
2026-09-25 12:11:36,ERR,ERR,ERR,ERR,False,False,False
2026-09-25 12:11:37,34.2,64,99,0,False,False,True
2026-09-25 12:11:38,ERR,ERR,ERR,ERR,False,False,False
2026-09-25 12:11:39,34.2,63,98,0,False,False,True
2026-09-25 12:11:40,ERR,ERR,ERR,ERR,False,False,False
2026-09-25 12:11:41,34.2,63,95,0,False,False,True
2026-09-25 12:11:42,ERR,ERR,ERR,ERR,False,False,False
2026-09-25 12:11:43,34.2,63,96,0,False,False,True
2026-09-25 12:11:44,ERR,ERR,ERR,ERR,False,False,False
2026-09-25 12:11:45,34.2,63,92,0,False,False,True
2026-09-25 12:11:46,ERR,ERR,ERR,ERR,False,False,False
2026-09-25 12:11:47,34.2,63,88,0,False,False,True
2026-09-25 12:11:48,ERR,ERR,ERR,ERR,False,False,False
2026-09-25 12:11:49,34.2,63,89,0,False,False,True
2026-09-25 12:11:50,ERR,ERR,ERR,ERR,False,False,False
2026-09-25 12:11:51,34.2,64,90,0,False,False,True
2026-09-25 12:11:52,ERR,ERR,ERR,ERR,False,False,False
2026-09-25 12:11:53,34.2,64,98,0,False,False,True
2026-09-25 12:11:54,ERR,ERR,ERR,ERR,False,False,False
2026-09-25 12:11:55,34.2,64,86,0,False,False,True
2026-09-25 12:11:56,ERR,ERR,ERR,ERR,False,False,False
2026-09-25 12:11:57,34.2,64,86,0,False,False,True
2026-09-25 12:11:58,ERR,ERR,ERR,ERR,False,False,False
2026-09-25 12:11:59,34.2,64,86,0,False,False,True
2026-09-25 12:12:00,ERR,ERR,ERR,ERR,False,False,False
2026-09-25 12:12:01,34.2,64,89,0,False,False,True
2026-09-25 12:12:02,ERR,ERR,ERR,ERR,False,False,False
2026-09-25 12:12:03,34.2,64,89,0,False,False,True
2026-09-25 12:12:04,ERR,ERR,ERR,ERR,False,False,False
2026-09-25 12:12:05,34.2,64,96,0,False,False,True
2026-09-25 12:12:06,ERR,ERR,ERR,ERR,False,False,False
2026-09-25 12:12:07,34.2,64,86,0,False,False,True
2026-09-25 12:12:08,ERR,ERR,ERR,ERR,False,False,False
2026-09-25 12:12:09,34.2,64,87,0,False,False,True
2026-09-25 12:12:10,ERR,ERR,ERR,ERR,False,False,False
2026-09-25 12:12:11,34.2,64,97,0,False,False,True
2026-09-25 12:12:12,ERR,ERR,ERR,ERR,False,False,False
2026-09-25 12:12:13,34.2,64,89,0,False,False,True
2026-09-25 12:12:14,ERR,ERR,ERR,ERR,False,False,False
2026-09-25 12:12:15,34.2,65,93,0,False,False,True
2026-09-25 12:12:16,ERR,ERR,ERR,ERR,False,False,False
2026-09-25 12:12:17,34.2,64,97,0,False,False,True
2026-09-25 12:12:18,ERR,ERR,ERR,ERR,False,False,False
2026-09-25 12:12:19,34.2,64,87,0,False,False,True
2026-09-25 12:12:20,ERR,ERR,ERR,ERR,False,False,False
2026-09-25 12:12:21,34.2,64,86,0,False,False,True
2026-09-25 12:12:22,ERR,ERR,ERR,ERR,False,False,False
2026-09-25 12:12:23,34.2,64,87,0,False,False,True
2026-09-25 12:12:24,ERR,ERR,ERR,ERR,False,False,False
2026-09-25 12:12:25,34.2,64,87,0,False,False,True
2026-09-25 12:12:26,ERR,ERR,ERR,ERR,False,False,False
2026-09-25 12:12:27,34.2,64,87,0,False,False,True
2026-09-25 12:12:28,ERR,ERR,ERR,ERR,False,False,False
2026-09-25 12:12:29,34.2,64,97,0,False,False,True
2026-09-25 12:12:30,ERR,ERR,ERR,ERR,False,False,False
2026-09-25 12:12:31,34.2,64,86,0,False,False,True
2026-09-25 12:12:32,ERR,ERR,ERR,ERR,False,False,False
2026-09-25 12:12:33,34.2,65,87,0,False,False,True
2026-09-25 12:12:34,ERR,ERR,ERR,ERR,False,False,False
2026-09-25 12:12:35,34.2,65,95,0,False,False,True
2026-09-25 12:12:36,ERR,ERR,ERR,ERR,False,False,False
2026-09-25 12:12:37,34.2,65,88,0,False,False,True
2026-09-25 12:12:38,ERR,ERR,ERR,ERR,False,False,False
2026-09-25 12:12:39,34.2,65,92,0,False,False,True
2026-09-25 12:12:40,ERR,ERR,ERR,ERR,False,False,False
2026-09-25 12:12:41,34.2,65,85,0,False,False,True
2026-09-25 12:12:42,ERR,ERR,ERR,ERR,False,False,False
2026-09-25 12:12:43,34.2,65,94,0,False,False,True
2026-09-25 12:12:44,ERR,ERR,ERR,ERR,False,False,False
2026-09-25 12:12:45,34.2,65,87,0,False,False,True
2026-09-25 12:12:46,ERR,ERR,ERR,ERR,False,False,False
2026-09-25 12:12:47,34.2,65,87,0,False,False,True
2026-09-25 12:12:48,ERR,ERR,ERR,ERR,False,False,False
2026-09-25 12:12:49,34.2,65,88,0,False,False,True
2026-09-25 12:12:50,ERR,ERR,ERR,ERR,False,False,False
2026-09-25 12:12:51,34.2,65,88,0,False,False,True
2026-09-25 12:12:52,ERR,ERR,ERR,ERR,False,False,False
2026-09-25 12:12:53,34.2,65,94,0,False,False,True
2026-09-25 12:12:54,ERR,ERR,ERR,ERR,False,False,False
2026-09-25 12:12:55,34.2,65,86,0,False,False,True
2026-09-25 12:12:56,ERR,ERR,ERR,ERR,False,False,False
2026-09-25 12:12:57,34.2,65,94,0,False,False,True
2026-09-25 12:12:58,ERR,ERR,ERR,ERR,False,False,False
2026-09-25 12:12:59,34.2,65,90,0,False,False,True
2026-09-25 12:13:00,ERR,ERR,ERR,ERR,False,False,False
2026-09-25 12:13:01,34.2,65,90,0,False,False,True
2026-09-25 12:13:02,ERR,ERR,ERR,ERR,False,False,False
2026-09-25 12:13:03,34.2,65,87,0,False,False,True
2026-09-25 12:13:04,ERR,ERR,ERR,ERR,False,False,False
2026-09-25 12:13:05,34.2,65,86,0,False,False,True
2026-09-25 12:13:06,ERR,ERR,ERR,ERR,False,False,False
2026-09-25 12:13:07,34.2,65,93,0,False,False,True
2026-09-25 12:13:08,ERR,ERR,ERR,ERR,False,False,False
2026-09-25 12:13:09,34.2,65,85,0,False,False,True
2026-09-25 12:13:10,ERR,ERR,ERR,ERR,False,False,False
2026-09-25 12:13:11,34.2,66,94,0,False,False,True
2026-09-25 12:13:12,ERR,ERR,ERR,ERR,False,False,False
2026-09-25 12:13:13,34.2,66,88,0,False,False,True
2026-09-25 12:13:14,ERR,ERR,ERR,ERR,False,False,False
2026-09-25 12:13:15,34.2,66,93,0,False,False,True
2026-09-25 12:13:16,ERR,ERR,ERR,ERR,False,False,False
2026-09-25 12:13:17,34.2,66,88,0,False,False,True
2026-09-25 12:13:18,ERR,ERR,ERR,ERR,False,False,False
2026-09-25 12:13:19,34.2,66,93,0,False,False,True
2026-09-25 12:13:20,ERR,ERR,ERR,ERR,False,False,False
2026-09-25 12:13:21,34.2,65,87,0,False,False,True
2026-09-25 12:13:22,ERR,ERR,ERR,ERR,False,False,False
2026-09-25 12:13:23,34.2,65,86,0,False,False,True
2026-09-25 12:13:25,ERR,ERR,ERR,ERR,False,False,False
2026-09-25 12:13:25,34.2,65,95,0,False,False,True
2026-09-25 12:13:27,ERR,ERR,ERR,ERR,False,False,False
2026-09-25 12:13:27,34.2,65,94,0,False,False,True
2026-09-25 12:13:29,ERR,ERR,ERR,ERR,False,False,False
2026-09-25 12:13:29,34.2,65,91,0,False,False,True
2026-09-25 12:13:31,ERR,ERR,ERR,ERR,False,False,False
2026-09-25 12:13:31,34.2,65,91,0,False,False,True
2026-09-25 12:13:33,ERR,ERR,ERR,ERR,False,False,False
2026-09-25 12:13:33,34.2,65,87,0,False,False,True
2026-09-25 12:13:35,ERR,ERR,ERR,ERR,False,False,False
2026-09-25 12:13:35,34.2,65,97,0,False,False,True
2026-09-25 12:13:37,ERR,ERR,ERR,ERR,False,False,False
2026-09-25 12:13:37,34.2,65,89,0,False,False,True
2026-09-25 12:13:39,ERR,ERR,ERR,ERR,False,False,False
2026-09-25 12:13:39,34.2,65,88,0,False,False,True
2026-09-25 12:13:41,ERR,ERR,ERR,ERR,False,False,False
2026-09-25 12:13:41,34.2,65,95,0,False,False,True
2026-09-25 12:13:43,ERR,ERR,ERR,ERR,False,False,False
2026-09-25 12:13:43,34.2,65,92,0,False,False,True
2026-09-25 12:13:45,ERR,ERR,ERR,ERR,False,False,False
2026-09-25 12:13:45,34.2,65,85,0,False,False,True
2026-09-25 12:13:47,ERR,ERR,ERR,ERR,False,False,False
2026-09-25 12:13:47,34.2,65,85,0,False,False,True
2026-09-25 12:13:49,ERR,ERR,ERR,ERR,False,False,False
2026-09-25 12:13:49,34.2,65,93,0,False,False,True
2026-09-25 12:13:51,ERR,ERR,ERR,ERR,False,False,False
2026-09-25 12:13:51,34.2,65,93,0,False,False,True
2026-09-25 12:13:53,ERR,ERR,ERR,ERR,False,False,False
2026-09-25 12:13:53,34.2,65,89,0,False,False,True
2026-09-25 12:13:55,ERR,ERR,ERR,ERR,False,False,False
2026-09-25 12:13:55,34.2,65,86,0,False,False,True
2026-09-25 12:13:57,ERR,ERR,ERR,ERR,False,False,False
2026-09-25 12:13:57,34.2,65,84,0,False,False,True
2026-09-25 12:13:59,ERR,ERR,ERR,ERR,False,False,False
2026-09-25 12:13:59,34.2,65,95,0,False,False,True
2026-09-25 12:14:01,ERR,ERR,ERR,ERR,False,False,False
2026-09-25 12:14:01,34.2,66,92,0,False,False,True
2026-09-25 12:14:03,ERR,ERR,ERR,ERR,False,False,False
2026-09-25 12:14:03,34.2,66,91,0,False,False,True
2026-09-25 12:14:05,ERR,ERR,ERR,ERR,False,False,False
2026-09-25 12:14:05,34.2,66,94,0,False,False,True
2026-09-25 12:14:07,ERR,ERR,ERR,ERR,False,False,False
2026-09-25 12:14:07,34.2,66,86,0,False,False,True
2026-09-25 12:14:09,ERR,ERR,ERR,ERR,False,False,False
2026-09-25 12:14:09,34.2,66,92,0,False,False,True
2026-09-25 12:14:11,ERR,ERR,ERR,ERR,False,False,False
2026-09-25 12:14:11,34.2,66,90,0,False,False,True
2026-09-25 12:14:13,ERR,ERR,ERR,ERR,False,False,False
2026-09-25 12:14:13,34.2,66,89,0,False,False,True
2026-09-25 12:14:15,ERR,ERR,ERR,ERR,False,False,False
2026-09-25 12:14:15,34.2,66,90,0,False,False,True
2026-09-25 12:14:17,34.2,66,90,0,False,False,True
2026-09-25 12:14:19,34.2,66,87,0,False,False,True
2026-09-25 12:14:20,ERR,ERR,ERR,ERR,False,False,False
2026-09-25 12:14:21,34.2,66,87,0,False,False,True
2026-09-25 12:14:22,ERR,ERR,ERR,ERR,False,False,False
2026-09-25 12:14:23,34.2,66,90,0,False,False,True
2026-09-25 12:14:24,ERR,ERR,ERR,ERR,False,False,False
2026-09-25 12:14:25,34.2,66,84,0,False,False,True
2026-09-25 12:14:26,ERR,ERR,ERR,ERR,False,False,False
2026-09-25 12:14:27,34.2,66,88,0,False,False,True
2026-09-25 12:14:28,ERR,ERR,ERR,ERR,False,False,False
2026-09-25 12:14:29,34.2,66,88,0,False,False,True
2026-09-25 12:14:30,ERR,ERR,ERR,ERR,False,False,False
2026-09-25 12:14:31,34.2,66,86,0,False,False,True
2026-09-25 12:14:32,ERR,ERR,ERR,ERR,False,False,False
2026-09-25 12:14:33,34.2,66,86,0,False,False,True
2026-09-25 12:14:34,ERR,ERR,ERR,ERR,False,False,False
2026-09-25 12:14:35,34.2,66,95,0,False,False,True
2026-09-25 12:14:36,ERR,ERR,ERR,ERR,False,False,False
2026-09-25 12:14:37,34.2,66,93,0,False,False,True
2026-09-25 12:14:38,ERR,ERR,ERR,ERR,False,False,False
2026-09-25 12:14:39,34.2,66,83,0,False,False,True
2026-09-25 12:14:40,ERR,ERR,ERR,ERR,False,False,False
2026-09-25 12:14:41,34.2,66,84,0,False,False,True
2026-09-25 12:14:42,ERR,ERR,ERR,ERR,False,False,False
2026-09-25 12:14:43,34.2,66,84,0,False,False,True
2026-09-25 12:14:44,ERR,ERR,ERR,ERR,False,False,False
2026-09-25 12:14:45,34.2,66,84,0,False,False,True
2026-09-25 12:14:46,ERR,ERR,ERR,ERR,False,False,False
2026-09-25 12:14:47,34.2,66,84,0,False,False,True
2026-09-25 12:14:48,ERR,ERR,ERR,ERR,False,False,False
2026-09-25 12:14:49,34.2,66,85,0,False,False,True
2026-09-25 12:14:50,ERR,ERR,ERR,ERR,False,False,False
2026-09-25 12:14:51,34.2,66,91,0,False,False,True
2026-09-25 12:14:52,ERR,ERR,ERR,ERR,False,False,False
2026-09-25 12:14:53,34.2,66,93,0,False,False,True
2026-09-25 12:14:54,ERR,ERR,ERR,ERR,False,False,False
2026-09-25 12:14:55,34.2,66,84,0,False,False,True
2026-09-25 12:14:56,ERR,ERR,ERR,ERR,False,False,False
2026-09-25 12:14:57,34.2,66,83,0,False,False,True
2026-09-25 12:14:58,ERR,ERR,ERR,ERR,False,False,False
2026-09-25 12:14:59,34.2,66,84,0,False,False,True
2026-09-25 12:15:00,ERR,ERR,ERR,ERR,False,False,False
2026-09-25 12:15:01,34.2,66,93,0,False,False,True
2026-09-25 12:15:02,ERR,ERR,ERR,ERR,False,False,False
2026-09-25 12:15:03,34.2,66,87,0,True,False,True
2026-09-25 12:15:04,ERR,ERR,ERR,ERR,False,False,False
2026-09-25 12:15:05,34.2,66,83,0,False,False,True
2026-09-25 12:15:06,ERR,ERR,ERR,ERR,False,False,False
2026-09-25 12:15:07,34.2,66,87,0,False,False,True
2026-09-25 12:15:08,ERR,ERR,ERR,ERR,False,False,False
2026-09-25 12:15:09,34.2,66,89,0,False,False,True
2026-09-25 12:15:10,ERR,ERR,ERR,ERR,False,False,False
2026-09-25 12:15:11,34.2,66,93,0,False,False,True
2026-09-25 12:15:12,ERR,ERR,ERR,ERR,False,False,False
2026-09-25 12:15:13,34.2,66,93,0,False,False,True
2026-09-25 12:15:14,ERR,ERR,ERR,ERR,False,False,False
2026-09-25 12:15:15,34.2,66,91,0,False,False,True
2026-09-25 12:15:16,ERR,ERR,ERR,ERR,False,False,False
2026-09-25 12:15:17,34.2,66,84,0,False,False,True
2026-09-25 12:15:18,ERR,ERR,ERR,ERR,False,False,False
2026-09-25 12:15:19,34.2,66,86,0,False,False,True
2026-09-25 12:15:20,ERR,ERR,ERR,ERR,False,False,False
2026-09-25 12:15:21,34.2,66,89,0,False,False,True
2026-09-25 12:15:22,ERR,ERR,ERR,ERR,False,False,False
2026-09-25 12:15:23,34.2,66,90,0,False,False,True
2026-09-25 12:15:24,ERR,ERR,ERR,ERR,False,False,False
2026-09-25 12:15:25,34.2,66,86,0,False,False,True
2026-09-25 12:15:26,ERR,ERR,ERR,ERR,False,False,False
2026-09-25 12:15:27,34.2,66,86,0,False,False,True
2026-09-25 12:15:28,ERR,ERR,ERR,ERR,False,False,False
2026-09-25 12:15:29,34.2,66,88,0,False,False,True
2026-09-25 12:15:31,ERR,ERR,ERR,ERR,False,False,False
2026-09-25 12:15:31,34.2,66,87,0,False,False,True
2026-09-25 12:15:33,ERR,ERR,ERR,ERR,False,False,False
2026-09-25 12:15:33,34.2,66,91,0,False,False,True
2026-09-25 12:15:35,ERR,ERR,ERR,ERR,False,False,False
2026-09-25 12:15:35,34.2,66,87,0,False,False,True
2026-09-25 12:15:37,ERR,ERR,ERR,ERR,False,False,False
2026-09-25 12:15:37,34.2,66,87,0,False,False,True
2026-09-25 12:15:39,ERR,ERR,ERR,ERR,False,False,False
2026-09-25 12:15:39,34.2,66,88,0,False,False,True
2026-09-25 12:15:41,ERR,ERR,ERR,ERR,False,False,False
2026-09-25 12:15:41,34.2,66,88,0,False,False,True
2026-09-25 12:15:43,ERR,ERR,ERR,ERR,False,False,False
2026-09-25 12:15:43,34.2,66,88,0,False,False,True
2026-09-25 12:15:45,ERR,ERR,ERR,ERR,False,False,False
2026-09-25 12:15:45,34.2,66,88,0,False,False,True
2026-09-25 12:15:47,ERR,ERR,ERR,ERR,False,False,False
2026-09-25 12:15:47,34.2,66,92,0,False,False,True
2026-09-25 12:15:49,ERR,ERR,ERR,ERR,False,False,False
2026-09-25 12:15:49,34.2,66,86,0,False,False,True
2026-09-25 12:15:51,ERR,ERR,ERR,ERR,False,False,False
2026-09-25 12:15:51,34.2,66,90,0,False,False,True
2026-09-25 12:15:53,ERR,ERR,ERR,ERR,False,False,False
2026-09-25 12:15:53,34.2,66,91,0,False,False,True
2026-09-25 12:15:55,ERR,ERR,ERR,ERR,False,False,False
2026-09-25 12:15:55,34.2,66,91,0,False,False,True
2026-09-25 12:15:57,ERR,ERR,ERR,ERR,False,False,False
2026-09-25 12:15:57,34.2,66,90,0,False,False,True
2026-09-25 12:15:59,ERR,ERR,ERR,ERR,False,False,False
2026-09-25 12:16:00,34.2,66,86,0,False,False,True
2026-09-25 12:16:01,ERR,ERR,ERR,ERR,False,False,False
2026-09-25 12:16:02,34.2,66,91,0,False,False,True
2026-09-25 12:16:03,ERR,ERR,ERR,ERR,False,False,False
2026-09-25 12:16:04,34.2,66,88,0,False,False,True
2026-09-25 12:16:05,ERR,ERR,ERR,ERR,False,False,False
2026-09-25 12:16:06,34.2,66,87,0,False,False,True
2026-09-25 12:16:07,ERR,ERR,ERR,ERR,False,False,False
2026-09-25 12:16:08,34.2,66,86,0,True,False,True
2026-09-25 12:16:09,ERR,ERR,ERR,ERR,False,False,False
2026-09-25 12:16:10,34.2,66,86,0,True,False,True
2026-09-25 12:16:11,ERR,ERR,ERR,ERR,False,False,False
2026-09-25 12:16:12,34.2,66,86,0,True,False,True
2026-09-25 12:16:13,ERR,ERR,ERR,ERR,False,False,False
2026-09-25 12:16:14,34.2,66,86,0,False,False,True
2026-09-25 12:16:15,ERR,ERR,ERR,ERR,False,False,False
2026-09-25 12:16:16,34.2,66,86,0,False,False,True
2026-09-25 12:16:17,ERR,ERR,ERR,ERR,False,False,False
2026-09-25 12:16:18,34.2,66,89,0,False,True,True
2026-09-25 12:16:19,ERR,ERR,ERR,ERR,False,False,False
2026-09-25 12:16:20,34.2,66,91,0,True,False,True
2026-09-25 12:16:21,ERR,ERR,ERR,ERR,False,False,False
2026-09-25 12:16:22,34.2,66,95,0,False,False,True
2026-09-25 12:16:23,ERR,ERR,ERR,ERR,False,False,False
2026-09-25 12:16:24,34.2,66,91,0,False,False,True
2026-09-25 12:16:25,ERR,ERR,ERR,ERR,False,False,False
2026-09-25 12:16:26,34.2,66,91,0,False,False,True
2026-09-25 12:16:27,ERR,ERR,ERR,ERR,False,False,False
2026-09-25 12:16:28,34.2,66,90,0,False,False,True
2026-09-25 12:16:29,ERR,ERR,ERR,ERR,False,False,False
2026-09-25 12:16:30,34.2,66,87,0,False,False,True
2026-09-25 12:16:31,ERR,ERR,ERR,ERR,False,False,False
2026-09-25 12:16:32,34.2,66,96,0,False,True,True
2026-09-25 12:16:33,ERR,ERR,ERR,ERR,False,False,False
2026-09-25 12:16:34,34.2,66,95,0,True,False,True
2026-09-25 12:16:35,ERR,ERR,ERR,ERR,False,False,False
2026-09-25 12:16:36,34.2,66,90,0,False,False,True
2026-09-25 12:16:37,ERR,ERR,ERR,ERR,False,False,False
2026-09-25 12:16:38,34.2,66,95,0,False,False,True
2026-09-25 12:16:39,ERR,ERR,ERR,ERR,False,False,False
2026-09-25 12:16:40,34.2,66,95,0,False,False,True
2026-09-25 12:16:41,ERR,ERR,ERR,ERR,False,False,False
2026-09-25 12:16:42,34.2,66,91,0,False,False,True
2026-09-25 12:16:43,ERR,ERR,ERR,ERR,False,False,False
2026-09-25 12:16:44,34.2,66,86,0,False,False,True
2026-09-25 12:16:45,ERR,ERR,ERR,ERR,False,False,False
2026-09-25 12:16:46,34.2,66,84,0,False,False,True
2026-09-25 12:16:47,ERR,ERR,ERR,ERR,False,False,False
2026-09-25 12:16:48,34.2,66,93,0,False,False,True
2026-09-25 12:16:49,ERR,ERR,ERR,ERR,False,False,False
2026-09-25 12:16:50,34.2,66,93,0,False,False,True
2026-09-25 12:16:51,ERR,ERR,ERR,ERR,False,False,False
2026-09-25 12:16:52,34.2,66,93,0,False,False,True
2026-09-25 12:16:53,ERR,ERR,ERR,ERR,False,False,False
2026-09-25 12:16:54,34.2,66,86,0,False,False,True
2026-09-25 12:16:55,ERR,ERR,ERR,ERR,False,False,False
2026-09-25 12:16:56,34.2,67,85,0,False,False,True
2026-09-25 12:16:57,ERR,ERR,ERR,ERR,False,False,False
2026-09-25 12:16:58,34.2,69,93,0,False,False,True
2026-09-25 12:16:59,ERR,ERR,ERR,ERR,False,False,False
2026-09-25 12:17:00,34.2,68,97,0,False,False,True
2026-09-25 12:17:01,ERR,ERR,ERR,ERR,False,False,False
2026-09-25 12:17:02,34.2,68,95,0,False,False,True
2026-09-25 12:17:03,ERR,ERR,ERR,ERR,False,False,False
2026-09-25 12:17:04,34.2,67,94,0,False,False,True
2026-09-25 12:17:05,ERR,ERR,ERR,ERR,False,False,False
2026-09-25 12:17:06,34.2,67,91,0,False,False,True
2026-09-25 12:17:07,ERR,ERR,ERR,ERR,False,False,False
2026-09-25 12:17:08,34.2,66,92,0,False,False,True
2026-09-25 12:17:09,ERR,ERR,ERR,ERR,False,False,False
2026-09-25 12:17:10,34.2,67,92,0,False,False,True
2026-09-25 12:17:11,ERR,ERR,ERR,ERR,False,False,False
2026-09-25 12:17:12,34.2,67,88,0,False,False,True
2026-09-25 12:17:13,ERR,ERR,ERR,ERR,False,False,False
2026-09-25 12:17:14,34.2,66,92,0,False,False,True
2026-09-25 12:17:15,ERR,ERR,ERR,ERR,False,False,False
2026-09-25 12:17:16,34.2,66,87,0,False,False,True
2026-09-25 12:17:17,ERR,ERR,ERR,ERR,False,False,False
2026-09-25 12:17:18,34.2,66,92,0,False,False,True
2026-09-25 12:17:19,ERR,ERR,ERR,ERR,False,False,False
2026-09-25 12:17:20,34.2,66,88,0,False,False,True
2026-09-25 12:17:21,ERR,ERR,ERR,ERR,False,False,False
2026-09-25 12:17:22,34.2,66,95,0,False,False,True
2026-09-25 12:17:23,ERR,ERR,ERR,ERR,False,False,False
2026-09-25 12:17:24,34.2,66,88,0,False,False,True
2026-09-25 12:17:25,ERR,ERR,ERR,ERR,False,False,False
2026-09-25 12:17:26,34.2,66,88,0,False,False,True
2026-09-25 12:17:27,ERR,ERR,ERR,ERR,False,False,False
2026-09-25 12:17:28,34.2,66,88,0,False,False,True
2026-09-25 12:17:29,ERR,ERR,ERR,ERR,False,False,False
2026-09-25 12:17:30,34.2,66,91,0,False,False,True
2026-09-25 12:17:31,ERR,ERR,ERR,ERR,False,False,False
2026-09-25 12:17:32,34.2,66,96,0,False,False,True
2026-09-25 12:17:33,ERR,ERR,ERR,ERR,False,False,False
2026-09-25 12:17:34,34.2,66,92,0,False,False,True
2026-09-25 12:17:35,ERR,ERR,ERR,ERR,False,False,False
2026-09-25 12:17:36,34.2,66,92,0,False,False,True
2026-09-25 12:17:37,ERR,ERR,ERR,ERR,False,False,False
2026-09-25 12:17:38,34.2,66,93,0,False,False,True
2026-09-25 12:17:39,ERR,ERR,ERR,ERR,False,False,False
2026-09-25 12:17:40,34.2,66,92,0,False,False,True
2026-09-25 12:17:41,ERR,ERR,ERR,ERR,False,False,False
2026-09-25 12:17:42,34.2,66,90,0,False,False,True
2026-09-25 12:17:43,ERR,ERR,ERR,ERR,False,False,False
2026-09-25 12:17:44,34.2,66,97,0,False,False,True
2026-09-25 12:17:45,ERR,ERR,ERR,ERR,False,False,False
2026-09-25 12:17:46,34.2,66,95,0,False,False,True
2026-09-25 12:17:47,ERR,ERR,ERR,ERR,False,False,False
2026-09-25 12:17:48,34.2,66,95,0,False,False,True
2026-09-25 12:17:49,ERR,ERR,ERR,ERR,False,False,False
2026-09-25 12:17:50,34.2,66,92,0,False,False,True
2026-09-25 12:17:51,ERR,ERR,ERR,ERR,False,False,False
2026-09-25 12:17:52,34.2,66,92,0,False,False,True
2026-09-25 12:17:53,ERR,ERR,ERR,ERR,False,False,False
2026-09-25 12:17:54,34.2,66,85,0,False,False,True
2026-09-25 12:17:55,ERR,ERR,ERR,ERR,False,False,False
2026-09-25 12:17:56,34.2,66,89,0,False,False,True
2026-09-25 12:17:57,ERR,ERR,ERR,ERR,False,False,False
2026-09-25 12:17:58,34.2,67,92,0,True,False,True
2026-09-25 12:17:59,ERR,ERR,ERR,ERR,False,False,False
2026-09-25 12:18:00,34.2,67,92,0,True,False,True
2026-09-25 12:18:01,ERR,ERR,ERR,ERR,False,False,False
2026-09-25 12:18:02,34.2,67,86,0,False,False,True
2026-09-25 12:18:03,ERR,ERR,ERR,ERR,False,False,False
2026-09-25 12:18:04,34.2,67,86,0,False,False,True
2026-09-25 12:18:05,ERR,ERR,ERR,ERR,False,False,False
2026-09-25 12:18:06,34.2,67,86,0,False,False,True
2026-09-25 12:18:07,ERR,ERR,ERR,ERR,False,False,False
2026-09-25 12:18:08,34.2,67,92,0,False,False,True
2026-09-25 12:18:09,ERR,ERR,ERR,ERR,False,False,False
2026-09-25 12:18:10,34.2,67,87,0,False,False,True
2026-09-25 12:18:11,ERR,ERR,ERR,ERR,False,False,False
2026-09-25 12:18:12,34.2,66,95,0,False,False,True
2026-09-25 12:18:13,ERR,ERR,ERR,ERR,False,False,False
2026-09-25 12:18:14,34.2,66,95,0,False,False,True
2026-09-25 12:18:15,ERR,ERR,ERR,ERR,False,False,False
2026-09-25 12:18:16,34.2,66,87,0,False,False,True
2026-09-25 12:18:17,ERR,ERR,ERR,ERR,False,False,False
2026-09-25 12:18:18,34.2,66,88,0,False,False,True
2026-09-25 12:18:19,ERR,ERR,ERR,ERR,False,False,False
2026-09-25 12:18:20,34.2,66,86,0,False,False,True
2026-09-25 12:18:21,ERR,ERR,ERR,ERR,False,False,False
2026-09-25 12:18:22,34.2,66,89,0,False,False,True
2026-09-25 12:18:23,ERR,ERR,ERR,ERR,False,False,False
2026-09-25 12:18:24,34.2,66,92,0,False,False,True
2026-09-25 12:18:25,ERR,ERR,ERR,ERR,False,False,False
2026-09-25 12:18:26,34.2,66,91,0,False,False,True
2026-09-25 12:18:27,ERR,ERR,ERR,ERR,False,False,False
2026-09-25 12:18:28,34.2,66,86,0,False,False,True
2026-09-25 12:18:29,ERR,ERR,ERR,ERR,False,False,False
2026-09-25 12:18:30,34.2,66,85,0,False,False,True
2026-09-25 12:18:31,ERR,ERR,ERR,ERR,False,False,False
2026-09-25 12:18:32,34.2,66,85,0,False,False,True
2026-09-25 12:18:33,ERR,ERR,ERR,ERR,False,False,False
2026-09-25 12:18:34,34.2,66,91,0,False,False,True
2026-09-25 12:18:35,ERR,ERR,ERR,ERR,False,False,False
2026-09-25 12:18:36,34.2,66,89,0,False,False,True
2026-09-25 12:18:37,ERR,ERR,ERR,ERR,False,False,False
2026-09-25 12:18:38,34.2,66,83,0,False,False,True
2026-09-25 12:18:39,ERR,ERR,ERR,ERR,False,False,False
2026-09-25 12:18:40,34.2,66,81,0,False,False,True
2026-09-25 12:18:41,ERR,ERR,ERR,ERR,False,False,False
2026-09-25 12:18:42,34.2,66,77,0,False,False,True
2026-09-25 12:18:43,ERR,ERR,ERR,ERR,False,False,False
2026-09-25 12:18:44,34.2,66,77,0,False,False,True
2026-09-25 12:18:45,ERR,ERR,ERR,ERR,False,False,False
2026-09-25 12:18:46,34.2,66,84,0,False,False,True
2026-09-25 12:18:47,ERR,ERR,ERR,ERR,False,False,False
2026-09-25 12:18:48,0,0,86,0,False,False,False
2026-09-25 12:18:49,ERR,ERR,ERR,ERR,False,False,False
2026-09-25 12:18:50,0,0,88,0,False,False,False
2026-09-25 12:18:51,ERR,ERR,ERR,ERR,False,False,False
2026-09-25 12:18:52,0,0,87,0,False,False,False
2026-09-25 12:18:53,ERR,ERR,ERR,ERR,False,False,False
2026-09-25 12:18:54,0,0,90,0,False,False,False
2026-09-25 12:18:55,ERR,ERR,ERR,ERR,False,False,False
2026-09-25 12:18:56,0,0,88,0,False,False,False
2026-09-25 12:18:57,ERR,ERR,ERR,ERR,False,False,False
2026-09-25 12:18:58,0,0,95,0,False,False,False
2026-09-25 12:18:59,ERR,ERR,ERR,ERR,False,False,False
2026-09-25 12:19:00,0,0,90,0,False,False,False
2026-09-25 12:19:01,ERR,ERR,ERR,ERR,False,False,False
2026-09-25 12:19:02,0,0,90,0,False,False,False
2026-09-25 12:19:03,ERR,ERR,ERR,ERR,False,False,False
2026-09-25 12:19:04,0,0,90,0,False,False,False
2026-09-25 12:19:05,ERR,ERR,ERR,ERR,False,False,False
2026-09-25 12:19:06,0,0,94,0,False,False,False
2026-09-25 12:19:07,ERR,ERR,ERR,ERR,False,False,False
2026-09-25 12:19:08,0,0,91,0,False,False,False
2026-09-25 12:19:09,ERR,ERR,ERR,ERR,False,False,False
2026-09-25 12:19:10,0,0,89,0,False,False,False
2026-09-25 12:19:11,ERR,ERR,ERR,ERR,False,False,False
2026-09-25 12:19:12,0,0,86,0,False,False,False
2026-09-25 12:19:13,ERR,ERR,ERR,ERR,False,False,False
2026-09-25 12:19:14,0,0,89,0,False,False,False
2026-09-25 12:19:15,ERR,ERR,ERR,ERR,False,False,False
2026-09-25 12:19:16,0,0,93,0,False,False,False
2026-09-25 12:19:17,ERR,ERR,ERR,ERR,False,False,False
2026-09-25 12:19:18,0,0,87,0,False,False,False
2026-09-25 12:19:19,ERR,ERR,ERR,ERR,False,False,False
2026-09-25 12:19:20,34.2,68,86,0,False,False,True
2026-09-25 12:19:21,ERR,ERR,ERR,ERR,False,False,False
2026-09-25 12:19:22,34.2,68,80,0,False,False,True
2026-09-25 12:19:23,ERR,ERR,ERR,ERR,False,False,False
2026-09-25 12:19:24,34.2,67,84,0,False,False,True
2026-09-25 12:19:25,ERR,ERR,ERR,ERR,False,False,False
2026-09-25 12:19:26,34.2,68,85,0,False,False,True
2026-09-25 12:19:27,ERR,ERR,ERR,ERR,False,False,False
2026-09-25 12:19:28,34.2,68,83,0,False,False,True
2026-09-25 12:19:29,ERR,ERR,ERR,ERR,False,False,False
2026-09-25 12:19:30,34.2,68,83,0,False,False,True
2026-09-25 12:19:31,ERR,ERR,ERR,ERR,False,False,False
2026-09-25 12:19:32,34.2,67,90,0,False,False,True
2026-09-25 12:19:33,ERR,ERR,ERR,ERR,False,False,False
2026-09-25 12:19:34,34.2,67,86,0,False,False,True
2026-09-25 12:19:35,ERR,ERR,ERR,ERR,False,False,False
2026-09-25 12:19:36,34.2,67,85,0,False,False,True
2026-09-25 12:19:37,ERR,ERR,ERR,ERR,False,False,False
2026-09-25 12:19:38,34.2,67,87,0,False,False,True
2026-09-25 12:19:39,ERR,ERR,ERR,ERR,False,False,False
2026-09-25 12:19:40,34.2,67,84,0,False,False,True
2026-09-25 12:19:41,ERR,ERR,ERR,ERR,False,False,False
2026-09-25 12:19:42,34.2,67,85,0,False,False,True
2026-09-25 12:19:43,ERR,ERR,ERR,ERR,False,False,False
2026-09-25 12:19:44,34.2,67,86,0,False,False,True
2026-09-25 12:19:45,ERR,ERR,ERR,ERR,False,False,False
2026-09-25 12:19:46,34.2,67,85,0,False,False,True
2026-09-25 12:19:47,ERR,ERR,ERR,ERR,False,False,False
2026-09-25 12:19:48,34.2,67,86,0,False,False,True
2026-09-25 12:19:49,ERR,ERR,ERR,ERR,False,False,False
2026-09-25 12:19:50,34.2,67,94,0,False,False,True
2026-09-25 12:19:51,ERR,ERR,ERR,ERR,False,False,False
2026-09-25 12:19:52,34.2,67,94,0,False,False,True
2026-09-25 12:19:55,ERR,ERR,ERR,ERR,False,False,False
2026-09-25 12:19:57,ERR,ERR,ERR,ERR,False,False,False
2026-09-25 12:19:57,ERR,ERR,ERR,ERR,False,False,False
2026-09-25 12:19:59,ERR,ERR,ERR,ERR,False,False,False
2026-09-25 12:19:59,ERR,ERR,ERR,ERR,False,False,False
2026-09-25 12:20:05,34.2,66,87,0,False,False,True
2026-09-25 12:20:07,34.2,67,87,0,False,False,True
2026-09-25 12:20:09,34.2,66,88,0,False,False,True
2026-09-25 12:20:11,34.2,66,88,0,False,False,True
2026-09-25 12:20:13,34.2,66,85,0,False,False,True
2026-09-25 12:20:15,34.2,66,85,0,False,False,True
2026-09-25 12:20:19,ERR,ERR,ERR,ERR,False,False,False
2026-09-25 12:20:21,ERR,ERR,ERR,ERR,False,False,False
2026-09-25 12:20:26,34.2,67,86,0,False,False,True
2026-09-25 12:20:28,34.2,66,87,0,False,False,True
2026-09-25 12:20:30,34.2,67,90,0,False,False,True
2026-09-25 12:20:32,34.2,67,95,0,False,False,True
2026-09-25 12:20:34,34.2,67,88,0,False,False,True
2026-09-25 12:20:36,34.2,67,87,0,False,False,True
2026-09-25 12:20:38,34.2,67,91,0,False,False,True
2026-09-25 12:20:40,34.2,67,91,0,False,False,True
2026-09-25 12:20:42,34.2,67,91,0,False,False,True
2026-09-25 12:20:44,34.2,67,90,0,False,False,True
2026-09-25 12:20:46,34.2,67,88,0,False,False,True
2026-09-25 12:20:48,34.2,66,86,0,False,False,True
2026-09-25 12:20:50,34.2,66,89,0,False,False,True
2026-09-25 12:20:52,34.2,66,92,0,False,False,True
2026-09-25 12:20:54,34.2,66,94,0,False,False,True
2026-09-25 12:20:56,34.2,66,91,0,False,False,True
2026-09-25 12:20:58,0,0,85,0,False,False,False
2026-09-25 12:21:00,0,0,95,0,False,False,False
2026-09-25 12:21:02,0,0,92,0,False,False,False
2026-09-25 12:21:04,0,0,98,0,False,False,False
2026-09-25 12:21:06,0,0,95,0,False,False,False
2026-09-25 12:21:08,0,0,95,0,False,False,False
2026-09-25 12:21:10,0,0,41,0,False,False,False
2026-09-25 12:21:12,0,0,83,0,False,False,False
2026-09-25 12:21:14,0,0,85,0,False,False,False
2026-09-25 12:21:16,0,0,91,0,False,False,False
2026-09-25 12:21:18,0,0,86,0,False,False,False
2026-09-25 12:21:20,0,0,93,0,False,False,False
2026-09-25 12:21:22,0,0,89,0,False,False,False
2026-09-25 12:21:24,0,0,91,0,False,False,False
2026-09-25 12:21:26,0,0,87,0,False,False,False
2026-09-25 12:21:28,0,0,91,0,False,False,False
2026-09-25 12:21:30,0,0,87,0,False,False,False
2026-09-25 12:21:32,0,0,92,0,False,False,False
2026-09-25 12:21:34,0,0,92,0,False,False,False
2026-09-25 12:21:36,0,0,87,0,False,False,False
2026-09-25 12:21:38,0,0,92,0,False,False,False
2026-09-25 12:21:40,0,0,91,0,False,False,False
2026-09-25 12:21:42,34.2,68,85,0,False,False,True
2026-09-25 12:21:44,34.2,68,83,0,False,False,True
2026-09-25 12:21:46,34.2,69,83,0,False,False,True
2026-09-25 12:21:48,34.2,70,85,0,False,False,True
2026-09-25 12:21:50,34.2,69,85,0,False,False,True
2026-09-25 12:21:52,34.2,69,94,0,False,False,True
2026-09-25 12:21:54,34.2,68,86,0,False,False,True
2026-09-25 12:21:56,34.2,68,93,0,False,False,True
2026-09-25 12:21:58,34.2,68,93,0,False,False,True
2026-09-25 12:22:00,34.2,68,86,0,False,False,True
2026-09-25 12:22:02,34.2,68,86,0,False,False,True
2026-09-25 12:22:04,34.2,68,90,0,False,False,True
2026-09-25 12:22:06,34.2,68,86,0,False,False,True
2026-09-25 12:22:08,34.2,68,90,0,False,False,True
2026-09-25 12:22:10,34.2,70,90,0,False,False,True
2026-09-25 12:22:12,34.2,70,85,0,False,False,True
2026-09-25 12:22:14,34.2,70,85,0,False,False,True
2026-09-25 12:22:16,34.2,70,81,0,False,False,True
2026-09-25 12:22:18,34.2,69,87,0,False,False,True
2026-09-25 12:22:20,34.2,69,83,0,False,False,True
2026-09-25 12:22:22,34.2,69,83,0,False,False,True
2026-09-25 12:22:24,34.2,68,86,0,True,False,True
2026-09-25 12:22:26,34.2,68,87,0,False,False,True
2026-09-25 12:22:28,34.2,68,85,0,False,False,True
2026-09-25 12:22:30,34.2,69,87,0,False,False,True
2026-09-25 12:22:32,34.2,68,85,0,False,False,True
2026-09-25 12:22:34,34.2,68,93,0,False,False,True
2026-09-25 12:22:36,34.2,68,87,0,False,False,True
2026-09-25 12:22:38,34.2,68,91,0,False,False,True
2026-09-25 12:22:40,34.2,68,82,0,False,False,True
2026-09-25 12:22:42,34.2,68,85,0,False,False,True
2026-09-25 12:22:44,34.2,68,89,0,False,False,True
2026-09-25 12:22:46,34.2,68,85,0,False,False,True
2026-09-25 12:22:49,34.2,68,86,0,False,False,True
2026-09-25 12:22:51,34.2,68,83,0,False,False,True
2026-09-25 12:22:53,34.2,68,61,0,False,False,True
2026-09-25 12:22:55,34.2,67,88,0,False,False,True
2026-09-25 12:22:57,34.2,67,83,0,False,False,True
2026-09-25 12:22:59,34.2,67,100,0,False,False,True
2026-09-25 12:23:01,34.2,67,100,0,False,False,True
2026-09-25 12:23:03,34.2,67,100,0,False,False,True
2026-09-25 12:23:05,34.2,67,39,0,False,False,True
2026-09-25 12:23:07,34.2,68,0,0,True,False,True
2026-09-25 12:23:09,34.2,67,100,0,False,False,True
2026-09-25 12:23:11,34.2,69,0,0,True,False,True
2026-09-25 12:23:13,34.2,70,0,0,True,False,True
2026-09-25 12:23:15,34.2,70,0,0,True,False,True
2026-09-25 12:23:17,34.2,71,100,0,False,False,True
2026-09-25 12:23:19,34.2,72,0,0,True,False,True
2026-09-25 12:23:21,34.2,73,0,0,True,False,True
2026-09-25 12:23:23,34.2,73,41,0,False,False,True
2026-09-25 12:23:25,34.2,74,0,0,True,False,True
2026-09-25 12:23:27,34.2,74,0,0,True,False,True
2026-09-25 12:23:29,34.2,74,79,0,False,False,True
2026-09-25 12:23:31,34.2,72,0,0,False,False,False
2026-09-25 12:23:33,34.2,73,0,0,True,False,True
2026-09-25 12:23:35,34.2,74,0,0,True,False,True
2026-09-25 12:23:37,34.2,74,0,0,True,False,True
2026-09-25 12:23:39,34.2,73,0,0,True,False,True
2026-09-25 12:23:41,34.2,71,0,0,True,False,True
2026-09-25 12:23:43,34.2,70,100,0,False,False,True
2026-09-25 12:23:45,34.2,70,100,0,False,False,True
2026-09-25 12:23:47,34.2,70,100,0,False,False,True
2026-09-25 12:23:49,34.2,70,100,0,False,False,True
2026-09-25 12:23:51,34.2,69,0,0,True,False,True
2026-09-25 12:23:53,34.2,69,0,0,True,False,True
2026-09-25 12:23:55,34.2,69,0,0,True,False,True
2026-09-25 12:23:57,34.2,69,100,0,False,False,True
2026-09-25 12:23:59,34.2,69,35,0,False,False,True
2026-09-25 12:24:01,34.2,69,35,0,False,False,True
2026-09-25 12:24:03,34.2,69,35,0,False,False,True
2026-09-25 12:24:05,34.2,68,0,0,True,False,True
2026-09-25 12:24:07,34.2,68,100,0,False,False,True
2026-09-25 12:24:09,34.2,68,0,0,True,False,True
2026-09-25 12:24:11,34.2,68,100,0,False,False,True
2026-09-25 12:24:13,34.2,68,0,0,False,False,True
2026-09-25 12:24:15,34.2,68,0,0,True,False,True
2026-09-25 12:24:17,34.2,68,100,0,False,False,True
2026-09-25 12:24:19,34.2,68,100,0,False,True,True
2026-09-25 12:24:21,34.2,68,100,0,False,True,True
2026-09-25 12:24:23,34.2,68,100,0,False,False,True
2026-09-25 12:24:25,34.2,68,100,0,False,False,True
2026-09-25 12:24:27,34.2,68,100,0,False,False,True
2026-09-25 12:24:29,34.2,68,100,0,False,False,True
2026-09-25 12:24:31,34.2,68,48,0,False,False,True
2026-09-25 12:24:33,34.2,68,100,0,False,False,True
2026-09-25 12:24:35,34.2,68,0,0,True,False,True
2026-09-25 12:24:37,34.2,68,0,0,True,False,True
2026-09-25 12:24:39,34.2,68,100,0,False,False,True
2026-09-25 12:24:41,34.2,68,100,0,False,False,True
2026-09-25 12:24:43,34.2,68,0,0,True,False,True
2026-09-25 12:24:45,34.2,68,0,0,True,False,True
2026-09-25 12:24:47,34.2,68,0,0,True,False,True
2026-09-25 12:24:49,34.2,68,0,0,True,False,True
2026-09-25 12:24:51,34.2,68,0,0,True,False,True
2026-09-25 12:24:53,34.2,68,0,0,True,False,True
2026-09-25 12:24:55,34.2,68,0,0,True,False,True
2026-09-25 12:24:57,34.2,68,44,0,False,False,True
2026-09-25 12:24:59,34.2,68,0,0,True,False,True
2026-09-25 12:25:01,34.2,68,0,0,True,False,True
2026-09-25 12:25:03,34.2,68,2,0,True,False,True
2026-09-25 12:25:05,34.2,68,100,0,False,False,True
2026-09-25 12:25:07,34.2,68,0,0,True,False,True
2026-09-25 12:25:09,34.2,68,0,0,True,False,True
2026-09-25 12:25:11,34.2,68,0,0,True,False,False
2026-09-25 12:25:13,34.2,68,0,0,True,False,True
2026-09-25 12:25:15,34.2,68,0,0,True,False,True
2026-09-25 12:25:17,34.2,68,100,0,False,False,True
2026-09-25 12:25:19,34.2,68,100,0,False,False,True
2026-09-25 12:25:21,34.2,68,47,0,False,False,False
2026-09-25 12:25:23,34.2,68,0,0,True,False,True
2026-09-25 12:25:25,34.2,68,0,0,True,False,True
2026-09-25 12:25:27,34.2,68,0,0,True,False,True
2026-09-25 12:25:29,34.2,69,0,0,True,False,True
2026-09-25 12:25:31,34.2,69,0,0,True,False,True
2026-09-25 12:25:33,34.2,69,100,0,False,False,True
2026-09-25 12:25:35,34.2,69,100,0,False,False,True
2026-09-25 12:25:37,34.2,69,100,0,False,False,True
2026-09-25 12:25:39,34.2,68,48,0,False,False,True
2026-09-25 12:25:41,34.2,68,100,0,False,False,True
2026-09-25 12:25:43,34.2,68,0,0,True,False,True
2026-09-25 12:25:45,34.2,68,0,0,True,False,True
2026-09-25 12:25:47,34.2,68,0,0,True,True,True
2026-09-25 12:25:49,34.2,68,80,0,False,False,True
2026-09-25 12:25:51,34.2,68,0,0,True,False,True
2026-09-25 12:25:53,34.2,68,100,0,False,False,True
2026-09-25 12:25:55,34.2,68,0,0,True,False,True
2026-09-25 12:25:57,34.2,68,0,0,True,False,True
2026-09-25 12:25:59,34.2,68,100,0,False,False,True
2026-09-25 12:26:01,34.2,68,97,0,False,False,True
2026-09-25 12:26:03,34.2,68,0,0,True,False,True
2026-09-25 12:26:05,34.2,68,0,0,True,False,True
2026-09-25 12:26:07,34.2,68,89,0,False,False,True
2026-09-25 12:26:09,34.2,68,0,0,True,False,True
2026-09-25 12:26:11,34.2,68,100,0,False,False,True
2026-09-25 12:26:13,34.2,68,100,0,False,False,True
2026-09-25 12:26:15,34.2,68,100,0,False,False,True
2026-09-25 12:26:17,34.2,68,0,0,True,False,True
2026-09-25 12:26:19,34.2,68,100,0,False,False,True
2026-09-25 12:26:21,34.2,68,100,0,False,False,True
2026-09-25 12:26:23,34.2,68,0,0,True,False,True
2026-09-25 12:26:25,34.2,68,0,0,True,False,True
2026-09-25 12:26:27,34.2,68,100,0,False,False,True
2026-09-25 12:26:29,34.2,68,0,0,True,False,True
2026-09-25 12:26:31,34.2,68,0,0,True,False,True
2026-09-25 12:26:33,34.2,68,100,0,False,False,True
2026-09-25 12:26:35,34.2,68,100,0,False,False,True
2026-09-25 12:26:37,34.2,68,0,0,True,False,True
2026-09-25 12:26:39,34.2,68,100,0,False,False,True
2026-09-25 12:26:41,34.2,68,100,0,False,False,True
2026-09-25 12:26:43,34.2,68,22,0,True,False,True
2026-09-25 12:26:45,34.2,67,75,0,False,False,True
2026-09-25 12:26:47,34.2,68,100,0,False,False,True
2026-09-25 12:26:49,34.2,68,3,0,True,False,True
2026-09-25 12:26:51,34.2,68,3,0,True,False,True
2026-09-25 12:26:53,34.2,68,0,0,True,False,True
2026-09-25 12:26:55,34.2,68,100,0,False,False,True
2026-09-25 12:26:57,34.2,68,100,0,False,False,True
2026-09-25 12:26:59,34.2,68,100,0,False,False,True
2026-09-25 12:27:01,34.2,68,100,0,False,True,True
2026-09-25 12:27:03,34.2,68,100,0,False,False,True
2026-09-25 12:27:05,34.2,68,100,0,False,False,True
2026-09-25 12:27:07,34.2,68,0,0,True,False,True
2026-09-25 12:27:09,34.2,68,0,0,True,False,True
2026-09-25 12:27:11,34.2,68,0,0,True,False,True
2026-09-25 12:27:13,34.2,68,0,0,True,False,True
2026-09-25 12:27:15,34.2,68,0,0,True,False,True
2026-09-25 12:27:17,34.2,68,100,0,False,False,True
2026-09-25 12:27:19,34.2,68,100,0,False,False,True
2026-09-25 12:27:21,34.2,68,100,0,False,False,True
2026-09-25 12:27:23,34.2,68,0,0,True,False,True
2026-09-25 12:27:25,34.2,68,100,0,False,False,True
2026-09-25 12:27:27,34.2,68,100,0,False,False,True
2026-09-25 12:27:29,34.2,68,100,0,False,True,True
2026-09-25 12:27:31,34.2,68,0,0,True,False,True
2026-09-25 12:27:33,34.2,68,100,0,False,False,True
2026-09-25 12:27:35,34.2,68,100,0,False,True,True
2026-09-25 12:27:37,34.2,68,0,0,True,False,True
2026-09-25 12:27:39,34.2,68,100,0,False,False,True
2026-09-25 12:27:41,34.2,68,72,0,False,False,True
2026-09-25 12:27:43,34.2,68,0,0,True,False,True
2026-09-25 12:27:45,34.2,68,99,0,False,False,True
2026-09-25 12:27:47,34.2,68,0,0,True,False,True
2026-09-25 12:27:49,34.2,68,100,0,False,False,True
2026-09-25 12:27:51,34.2,68,0,0,True,False,True
2026-09-25 12:27:53,34.2,68,70,0,False,False,True
2026-09-25 12:27:55,34.2,68,89,0,False,False,True
2026-09-25 12:27:57,34.2,68,0,0,True,False,True
2026-09-25 12:27:59,34.2,68,0,0,True,False,True
2026-09-25 12:28:01,34.2,68,100,0,False,False,True
2026-09-25 12:28:03,34.2,68,100,0,False,False,True
2026-09-25 12:28:05,34.2,68,42,0,False,False,True
2026-09-25 12:28:07,34.2,68,0,0,True,False,True
2026-09-25 12:28:09,34.1,68,100,0,False,False,True
2026-09-25 12:28:11,33.8,68,0,0,True,False,True
2026-09-25 12:28:13,33.8,68,100,0,False,False,True
2026-09-25 12:28:15,33.8,68,0,0,True,False,True
2026-09-25 12:28:17,33.8,68,55,0,False,False,True
2026-09-25 12:28:19,33.8,68,0,0,True,False,True
2026-09-25 12:28:21,33.8,68,0,0,True,False,True
2026-09-25 12:28:23,33.8,68,0,0,True,False,True
2026-09-25 12:28:25,33.8,68,0,0,True,False,True
2026-09-25 12:28:27,33.8,68,100,0,False,False,True
2026-09-25 12:28:29,33.8,68,100,0,False,False,True
2026-09-25 12:28:31,33.8,68,0,0,True,False,True
2026-09-25 12:28:33,33.8,68,0,0,True,False,True
2026-09-25 12:28:35,33.8,68,100,0,False,False,True
2026-09-25 12:28:37,33.8,67,0,0,True,False,True
2026-09-25 12:28:39,33.8,67,100,0,False,False,True
2026-09-25 12:28:41,33.8,67,100,0,False,False,True
2026-09-25 12:28:43,33.8,68,100,0,False,False,True
2026-09-25 12:28:45,33.8,68,100,0,False,False,True
2026-09-25 12:28:47,33.8,68,100,0,False,False,True
2026-09-25 12:28:49,33.8,68,0,0,True,False,True
2026-09-25 12:28:51,33.8,68,0,0,True,False,True
2026-09-25 12:28:53,33.8,67,100,0,False,False,True
2026-09-25 12:28:55,33.8,67,100,0,False,False,True
2026-09-25 12:28:57,33.8,68,100,0,False,False,True
2026-09-25 12:28:59,33.8,68,100,0,False,False,True
2026-09-25 12:29:01,33.8,68,0,0,True,False,True
2026-09-25 12:29:03,33.8,68,0,0,True,False,True
2026-09-25 12:29:05,33.8,68,100,0,False,False,True
2026-09-25 12:29:07,33.8,68,100,0,False,False,True
2026-09-25 12:29:09,33.8,68,0,0,True,False,True
2026-09-25 12:29:11,33.8,68,0,0,True,False,True
2026-09-25 12:29:13,33.8,68,0,0,True,False,True
2026-09-25 12:29:15,33.8,68,100,0,False,False,True
2026-09-25 12:29:17,33.8,68,0,0,True,False,True
2026-09-25 12:29:19,33.8,68,100,0,False,False,True
2026-09-25 12:29:21,33.8,68,100,0,False,False,True
2026-09-25 12:29:23,33.8,68,100,0,False,False,True
2026-09-25 12:29:25,33.8,69,76,0,False,False,True
2026-09-25 12:29:27,33.8,69,100,0,False,False,True
2026-09-25 12:29:29,33.8,69,100,0,False,False,True
2026-09-25 12:29:31,33.8,69,100,0,False,False,True
2026-09-25 12:29:33,33.8,69,100,0,False,False,True
2026-09-25 12:29:35,33.8,69,0,0,True,False,True
2026-09-25 12:29:37,33.8,69,0,0,True,False,True
2026-09-25 12:29:39,33.8,69,0,0,True,False,True
2026-09-25 12:29:41,33.8,69,0,0,True,False,True
2026-09-25 12:29:43,33.8,69,0,0,True,True,True
2026-09-25 12:29:45,33.8,69,100,0,False,False,True
2026-09-25 12:29:47,33.8,69,100,0,False,False,True
2026-09-25 12:29:49,33.8,69,90,0,False,False,True
2026-09-25 12:29:51,33.8,69,0,0,True,False,True
2026-09-25 12:29:53,33.8,69,0,0,True,False,True
2026-09-25 12:29:55,33.8,69,41,0,False,False,True
2026-09-25 12:29:57,33.8,69,0,0,True,False,True
2026-09-25 12:30:00,33.8,69,0,0,True,False,True
2026-09-25 12:30:02,33.8,69,0,0,True,False,True
2026-09-25 12:30:04,33.8,69,100,0,False,False,True
2026-09-25 12:30:06,33.8,69,100,0,False,False,True
2026-09-25 12:30:08,33.8,69,100,0,False,False,True
2026-09-25 12:30:10,33.8,69,0,0,True,False,True
2026-09-25 12:30:12,33.8,69,0,0,True,False,True
2026-09-25 12:30:14,33.8,69,0,0,True,False,True
2026-09-25 12:30:16,33.8,69,0,0,True,False,True
2026-09-25 12:30:18,33.8,70,81,0,False,False,True
2026-09-25 12:30:20,33.8,70,100,0,False,False,True
2026-09-25 12:30:22,33.8,69,0,0,True,False,True
2026-09-25 12:30:24,33.8,69,100,0,False,False,True
2026-09-25 12:30:26,33.8,69,100,0,False,False,True
2026-09-25 12:30:28,33.8,69,74,0,False,False,True
2026-09-25 12:30:30,33.8,69,100,0,False,False,True
2026-09-25 12:30:32,33.8,69,0,0,True,False,True
2026-09-25 12:30:34,33.8,69,100,0,False,False,True
2026-09-25 12:30:36,33.8,69,100,0,False,False,True
2026-09-25 12:30:38,33.8,69,17,0,True,False,True
2026-09-25 12:30:40,33.8,69,17,0,True,False,True
2026-09-25 12:30:42,33.8,69,0,0,True,False,True
2026-09-25 12:30:44,33.8,69,55,0,False,False,True
2026-09-25 12:30:46,33.8,68,0,0,True,False,True
2026-09-25 12:30:48,33.8,68,0,0,True,False,True
2026-09-25 12:30:50,33.8,68,0,0,True,False,True
2026-09-25 12:30:52,33.8,68,100,0,False,False,True
2026-09-25 12:30:54,33.8,68,0,0,True,False,True
2026-09-25 12:30:56,33.8,68,100,0,False,False,True
2026-09-25 12:30:58,33.8,68,0,0,True,False,True
2026-09-25 12:31:00,33.8,68,100,0,False,False,True
2026-09-25 12:31:02,33.8,68,0,0,True,False,True
2026-09-25 12:31:04,33.8,68,0,0,True,False,True
2026-09-25 12:31:06,33.8,68,0,0,True,False,True
2026-09-25 12:31:08,33.8,68,100,0,False,False,True
2026-09-25 12:31:10,33.8,68,100,0,False,False,True
2026-09-25 12:31:12,33.8,68,100,0,False,False,True
2026-09-25 12:31:14,33.8,68,0,0,True,False,True
2026-09-25 12:31:16,33.8,68,0,0,True,False,True
2026-09-25 12:31:18,33.8,69,100,0,False,False,True
2026-09-25 12:31:20,33.8,68,100,0,False,False,True
2026-09-25 12:31:22,33.8,68,100,0,False,False,True
2026-09-25 12:31:24,33.8,68,100,0,False,False,True
2026-09-25 12:31:26,33.8,68,100,0,False,False,True
2026-09-25 12:31:28,33.8,68,0,0,True,False,True
2026-09-25 12:31:30,33.8,68,0,0,True,False,True
2026-09-25 12:31:32,33.8,68,74,0,False,False,True
2026-09-25 12:31:34,33.8,68,89,0,False,False,True
2026-09-25 12:31:36,33.8,68,0,0,True,False,True
2026-09-25 12:31:38,33.8,68,0,0,True,False,True
2026-09-25 12:31:40,33.8,68,100,0,False,False,True
2026-09-25 12:31:42,33.8,68,0,0,True,False,True
2026-09-25 12:31:44,33.8,68,0,0,True,False,True
2026-09-25 12:31:46,33.8,68,100,0,False,False,True
2026-09-25 12:31:48,33.8,68,100,0,False,False,True
2026-09-25 12:31:50,33.8,68,0,0,True,False,True
2026-09-25 12:31:52,33.8,68,100,0,False,False,True
2026-09-25 12:31:54,33.8,68,0,0,True,False,True
2026-09-25 12:31:56,33.8,68,0,0,True,False,True
2026-09-25 12:31:58,33.8,68,0,0,True,False,True
2026-09-25 12:32:00,33.8,68,100,0,False,False,True
2026-09-25 12:32:02,33.8,68,72,0,False,False,True
2026-09-25 12:32:04,33.8,68,100,0,False,False,True
2026-09-25 12:32:06,33.8,68,0,0,True,False,True
2026-09-25 12:32:08,33.8,68,0,0,True,False,True
2026-09-25 12:32:10,33.8,68,48,0,False,False,True
2026-09-25 12:32:12,33.8,68,100,0,False,False,True
2026-09-25 12:32:14,33.8,68,100,0,False,False,True
2026-09-25 12:32:16,33.8,69,100,0,False,False,True
2026-09-25 12:32:18,33.8,69,100,0,False,False,True
2026-09-25 12:32:20,33.8,69,0,0,True,False,True
2026-09-25 12:32:22,33.8,68,100,0,False,False,True
2026-09-25 12:32:24,33.8,69,0,0,True,False,True
2026-09-25 12:32:26,33.8,68,100,0,False,False,True
2026-09-25 12:32:28,33.8,69,0,0,True,False,True
2026-09-25 12:32:30,33.8,69,100,0,False,False,True
2026-09-25 12:32:32,33.8,68,0,0,True,False,True
2026-09-25 12:32:34,33.8,68,0,0,True,False,True
2026-09-25 12:32:36,33.8,68,100,0,False,False,True
2026-09-25 12:32:38,33.8,68,0,0,True,False,True
2026-09-25 12:32:40,33.8,68,100,0,False,False,True
2026-09-25 12:32:43,ERR,ERR,ERR,ERR,False,False,False
2026-09-25 12:32:45,ERR,ERR,ERR,ERR,False,False,False
2026-09-25 12:32:47,ERR,ERR,ERR,ERR,False,False,False
2026-09-25 12:32:49,ERR,ERR,ERR,ERR,False,False,False
2026-09-25 12:32:51,ERR,ERR,ERR,ERR,False,False,False
2026-09-25 12:32:53,ERR,ERR,ERR,ERR,False,False,False
2026-09-25 12:32:55,ERR,ERR,ERR,ERR,False,False,False
2026-09-25 12:32:57,ERR,ERR,ERR,ERR,False,False,False
2026-09-25 12:32:59,ERR,ERR,ERR,ERR,False,False,False
2026-09-25 12:33:01,ERR,ERR,ERR,ERR,False,False,False
2026-09-25 12:33:03,ERR,ERR,ERR,ERR,False,False,False
2026-09-25 12:33:05,ERR,ERR,ERR,ERR,False,False,False
2026-09-25 12:33:07,ERR,ERR,ERR,ERR,False,False,False
2026-09-25 12:33:09,ERR,ERR,ERR,ERR,False,False,False
2026-09-25 12:33:11,ERR,ERR,ERR,ERR,False,False,False
2026-09-25 12:33:13,ERR,ERR,ERR,ERR,False,False,False
2026-09-25 12:33:15,ERR,ERR,ERR,ERR,False,False,False
2026-09-25 12:33:17,ERR,ERR,ERR,ERR,False,False,False
2026-09-25 12:33:19,ERR,ERR,ERR,ERR,False,False,False
2026-09-25 12:33:21,ERR,ERR,ERR,ERR,False,False,False
2026-09-25 12:33:23,ERR,ERR,ERR,ERR,False,False,False
2026-09-25 12:33:25,ERR,ERR,ERR,ERR,False,False,False
2026-09-25 12:33:27,ERR,ERR,ERR,ERR,False,False,False
2026-09-25 12:33:29,ERR,ERR,ERR,ERR,False,False,False
2026-09-25 12:33:31,ERR,ERR,ERR,ERR,False,False,False
2026-09-25 12:33:33,ERR,ERR,ERR,ERR,False,False,False
2026-09-25 12:33:36,ERR,ERR,ERR,ERR,False,False,False
2026-09-25 12:33:43,33.8,68,100,0,False,False,True
2026-09-25 12:33:45,33.8,69,100,0,False,False,True
2026-09-25 12:33:47,33.8,69,0,0,True,False,True
2026-09-25 12:33:49,33.8,69,0,0,True,False,True
2026-09-25 12:33:51,33.8,69,100,0,False,False,True
2026-09-25 12:33:53,33.8,69,0,0,True,False,True
2026-09-25 12:33:55,33.8,69,100,0,False,False,True
2026-09-25 12:33:57,33.8,69,42,0,False,False,True
2026-09-25 12:33:59,33.8,69,0,0,True,False,True
2026-09-25 12:34:01,33.8,69,0,0,True,False,True
2026-09-25 12:34:03,33.8,69,0,0,True,False,True
2026-09-25 12:34:05,33.8,69,0,0,True,False,False
2026-09-25 12:34:07,33.8,69,100,0,False,False,True
2026-09-25 12:34:09,33.8,68,0,0,True,False,True
2026-09-25 12:34:11,33.8,68,100,0,False,False,True
2026-09-25 12:34:13,33.8,68,100,0,False,False,True
2026-09-25 12:34:15,33.9,68,0,0,True,False,True
2026-09-25 12:34:17,33.9,68,14,0,True,False,True
2026-09-25 12:34:19,33.8,68,0,0,True,False,True
2026-09-25 12:34:21,33.8,68,0,0,True,False,True
2026-09-25 12:34:23,33.8,68,0,0,True,False,True
2026-09-25 12:34:25,33.8,68,100,0,False,False,True
2026-09-25 12:34:27,33.8,68,100,0,False,False,True
2026-09-25 12:34:30,ERR,ERR,ERR,ERR,False,False,False
2026-09-25 12:34:35,33.8,68,33,0,False,False,True
2026-09-25 12:34:37,33.8,68,0,0,True,False,True
2026-09-25 12:34:39,33.8,69,100,0,False,False,True
2026-09-25 12:34:41,33.8,69,82,0,False,False,True
2026-09-25 12:34:43,33.8,69,82,0,False,False,True
2026-09-25 12:34:45,ERR,ERR,ERR,ERR,False,False,True
2026-09-25 12:34:47,ERR,ERR,ERR,ERR,False,False,True
2026-09-25 12:34:49,ERR,ERR,ERR,ERR,False,False,True
2026-09-25 12:34:51,ERR,ERR,ERR,ERR,False,False,True
2026-09-25 12:34:53,ERR,ERR,ERR,ERR,False,False,True
2026-09-25 12:34:55,ERR,ERR,ERR,ERR,False,False,True
2026-09-25 12:34:57,ERR,ERR,ERR,ERR,False,False,True
2026-09-25 12:34:59,ERR,ERR,ERR,ERR,False,False,True
2026-09-25 12:35:01,ERR,ERR,ERR,ERR,False,False,True
2026-09-25 12:35:03,ERR,ERR,ERR,ERR,False,False,True
2026-09-25 12:35:05,ERR,ERR,ERR,ERR,False,False,True
2026-09-25 12:35:07,ERR,ERR,ERR,ERR,False,False,True
2026-09-25 12:35:09,ERR,ERR,ERR,ERR,False,False,True
2026-09-25 12:35:11,ERR,ERR,ERR,ERR,False,False,True
2026-09-25 12:35:13,ERR,ERR,ERR,ERR,False,False,True
2026-09-25 12:35:15,ERR,ERR,ERR,ERR,False,False,True
2026-09-25 12:35:17,ERR,ERR,ERR,ERR,False,False,True
2026-09-25 12:35:19,ERR,ERR,ERR,ERR,False,False,True
2026-09-25 12:35:21,ERR,ERR,ERR,ERR,False,False,True
2026-09-25 12:35:23,ERR,ERR,ERR,ERR,False,False,True
2026-09-25 12:35:25,ERR,ERR,ERR,ERR,False,False,True
2026-09-25 12:35:28,ERR,ERR,ERR,ERR,False,False,True
2026-09-25 12:35:30,ERR,ERR,ERR,ERR,False,False,True
2026-09-25 12:35:32,ERR,ERR,ERR,ERR,False,False,True
2026-09-25 12:35:34,ERR,ERR,ERR,ERR,False,False,True
2026-09-25 12:35:36,ERR,ERR,ERR,ERR,False,False,True
2026-09-25 12:35:38,ERR,ERR,ERR,ERR,False,False,True
2026-09-25 12:35:40,ERR,ERR,ERR,ERR,False,False,True
2026-09-25 12:35:42,ERR,ERR,ERR,ERR,False,False,True
2026-09-25 12:35:44,ERR,ERR,ERR,ERR,False,False,True
2026-09-25 12:35:46,ERR,ERR,ERR,ERR,False,False,True
2026-09-25 12:35:48,ERR,ERR,ERR,ERR,False,False,True
2026-09-25 12:35:50,ERR,ERR,ERR,ERR,False,False,True
2026-09-25 12:35:52,ERR,ERR,ERR,ERR,False,False,True
2026-09-25 12:35:54,ERR,ERR,ERR,ERR,False,False,True
2026-09-25 12:35:56,33.8,69,0,0,True,False,True
2026-09-25 12:35:58,33.8,68,2,0,True,False,True
2026-09-25 12:36:00,33.8,68,0,0,True,False,True
2026-09-25 12:36:02,33.8,68,0,0,True,False,True
2026-09-25 12:36:04,33.8,68,0,0,True,False,True
2026-09-25 12:36:06,33.8,68,0,0,True,False,True
2026-09-25 12:36:08,33.8,68,0,0,True,False,True
2026-09-25 12:36:10,33.8,68,0,0,True,False,True
2026-09-25 12:36:12,33.8,68,0,0,True,False,True
2026-09-25 12:36:14,33.8,69,0,0,True,False,True
2026-09-25 12:36:16,33.8,69,0,0,True,False,True
2026-09-25 12:36:18,33.8,69,0,0,True,False,True
2026-09-25 12:36:20,33.8,69,0,0,True,False,True
2026-09-25 12:36:22,33.8,69,0,0,True,False,True
2026-09-25 12:36:24,33.8,69,0,0,True,False,True
2026-09-25 12:36:26,33.8,69,0,0,True,False,True
2026-09-25 12:36:28,33.8,69,0,0,True,False,True
2026-09-25 12:36:30,33.8,69,0,0,True,False,True
2026-09-25 12:36:32,33.8,69,0,0,True,False,True
2026-09-25 12:36:34,33.8,69,0,0,True,False,True
2026-09-25 12:36:36,33.8,69,0,0,True,False,True
2026-09-25 12:36:38,33.8,69,0,0,True,False,True
2026-09-25 12:36:40,33.8,69,0,0,True,False,True
2026-09-25 12:36:42,33.8,69,0,0,True,False,True
2026-09-25 12:36:44,33.8,69,0,0,True,False,True
2026-09-25 12:36:46,33.8,69,0,0,True,False,True
2026-09-25 12:36:48,33.8,69,0,0,True,False,True
2026-09-25 12:36:50,33.8,69,0,0,True,False,True
2026-09-25 12:36:52,33.8,69,0,0,True,False,True
2026-09-25 12:36:54,33.8,69,0,0,True,False,True
2026-09-25 12:36:56,33.8,69,0,0,True,False,True
2026-09-25 12:36:58,33.8,69,0,0,True,False,True
2026-09-25 12:37:00,33.8,69,0,0,True,False,True
2026-09-25 12:37:02,33.8,69,0,0,True,False,True
2026-09-25 12:37:04,33.8,69,0,0,True,False,True
2026-09-25 12:37:06,33.8,69,0,0,True,False,True
2026-09-25 12:37:08,33.8,69,0,0,True,False,True
2026-09-25 12:37:10,33.8,69,0,0,True,False,True
2026-09-25 12:37:12,33.8,69,0,0,True,False,True
2026-09-25 12:37:14,33.8,69,0,0,True,False,True
2026-09-25 12:37:16,33.8,69,0,0,True,False,True
2026-09-25 12:37:18,33.8,69,0,0,True,False,True
2026-09-25 12:37:20,33.8,69,0,0,True,False,True
2026-09-25 12:37:22,33.8,69,0,0,True,False,True
2026-09-25 12:37:24,33.8,69,0,0,True,False,True
2026-09-25 12:37:26,33.8,69,0,0,True,False,True
2026-09-25 12:37:28,33.8,69,0,0,True,False,True
2026-09-25 12:37:30,33.8,69,0,0,True,False,True
2026-09-25 12:37:32,33.8,69,0,0,True,False,True
2026-09-25 12:37:34,33.8,69,0,0,True,True,True
2026-09-25 12:37:36,33.8,69,0,0,True,True,True
2026-09-25 12:37:38,33.8,69,0,0,True,False,True
2026-09-25 12:37:40,33.8,69,0,0,True,False,True
2026-09-25 12:37:42,33.8,68,0,0,True,False,True
2026-09-25 12:37:44,33.8,68,0,0,True,False,True
2026-09-25 12:37:46,33.8,68,0,0,True,False,True
2026-09-25 12:37:48,33.8,68,0,0,True,False,True
2026-09-25 12:37:50,33.8,68,0,0,True,False,True
2026-09-25 12:37:52,33.8,68,0,0,True,False,True
2026-09-25 12:37:54,33.8,68,0,0,True,False,True
2026-09-25 12:37:56,33.8,68,0,0,True,False,True
2026-09-25 12:37:58,33.8,69,0,0,True,False,True
2026-09-25 12:38:00,33.8,69,0,0,True,False,True
2026-09-25 12:38:02,33.8,69,0,0,True,False,True
2026-09-25 12:38:04,33.8,69,0,0,True,False,True
2026-09-25 12:38:06,33.8,69,0,0,True,False,True
2026-09-25 12:38:08,33.8,69,0,0,True,False,True
2026-09-25 12:38:10,33.8,69,0,0,True,False,True
2026-09-25 12:38:12,33.8,69,0,0,True,False,True
2026-09-25 12:38:14,33.8,69,0,0,True,False,True
2026-09-25 12:38:16,33.8,69,0,0,True,False,True
2026-09-25 12:38:18,33.8,69,0,0,True,False,True
2026-09-25 12:38:20,33.8,69,0,0,True,False,True
2026-09-25 12:38:22,33.8,69,0,0,True,False,True
2026-09-25 12:38:24,33.8,69,0,0,True,False,True
2026-09-25 12:38:26,33.8,69,0,0,True,False,True
2026-09-25 12:38:28,33.8,69,0,0,True,False,True
2026-09-25 12:38:30,33.8,69,0,0,True,False,True
2026-09-25 12:38:32,33.8,69,0,0,False,False,True
2026-09-25 12:38:34,33.8,69,0,0,True,False,True
2026-09-25 12:38:36,33.8,69,0,0,True,False,True
2026-09-25 12:38:38,33.8,69,0,0,True,False,True
2026-09-25 12:38:40,33.8,69,0,0,True,False,True
2026-09-25 12:38:42,33.8,69,0,0,True,False,True
2026-09-25 12:38:44,33.8,69,0,0,True,False,True
2026-09-25 12:38:46,33.8,69,0,0,True,False,True
2026-09-25 12:38:48,33.8,69,0,0,True,False,True
2026-09-25 12:38:50,33.8,69,0,0,True,True,True
2026-09-25 12:38:52,33.8,69,0,0,True,False,True
2026-09-25 12:38:54,33.8,69,0,0,True,False,True
2026-09-25 12:38:56,33.8,69,0,0,True,False,True
2026-09-25 12:38:58,33.8,69,0,0,True,False,True
2026-09-25 12:39:00,33.8,69,0,0,True,False,True
2026-09-25 12:39:02,33.8,69,0,0,True,False,True
2026-09-25 12:39:04,33.8,69,0,0,True,False,True
2026-09-25 12:39:06,33.8,69,0,0,True,False,True
2026-09-25 12:39:08,33.8,69,0,0,True,False,True
2026-09-25 12:39:10,33.8,69,0,0,True,False,True
2026-09-25 12:39:12,33.8,69,0,0,True,False,True
2026-09-25 12:39:14,33.8,69,0,0,True,False,True
2026-09-25 12:39:16,33.8,69,0,0,True,False,True
2026-09-25 12:39:18,33.8,69,0,0,True,False,True
2026-09-25 12:39:20,33.8,69,0,0,True,False,True
2026-09-25 12:39:22,33.8,69,0,0,True,False,True
2026-09-25 12:39:24,33.8,69,0,0,True,False,True
2026-09-25 12:39:26,33.8,69,0,0,True,False,True
2026-09-25 12:39:28,33.8,69,0,0,True,False,True
2026-09-25 12:39:30,33.8,69,0,0,True,False,True
2026-09-25 12:39:32,33.8,70,100,0,False,False,True
2026-09-25 12:39:34,34.1,70,100,0,False,False,True
2026-09-25 12:39:36,34.2,70,0,0,True,False,True
2026-09-25 12:39:38,34.2,70,0,0,True,False,True
2026-09-25 12:39:40,34.2,70,0,0,True,False,True
2026-09-25 12:39:42,34.2,70,0,0,True,False,True
2026-09-25 12:39:44,34.2,69,ERR,0,False,False,True
2026-09-25 12:39:46,34.2,69,0,0,True,False,True
2026-09-25 12:39:48,33.8,69,ERR,0,False,False,True
2026-09-25 12:39:50,33.8,69,ERR,0,False,False,True
2026-09-25 12:39:52,33.8,69,ERR,0,False,False,True
2026-09-25 12:39:54,33.8,69,ERR,0,False,False,True
2026-09-25 12:39:56,33.8,69,0,0,True,False,True
2026-09-25 12:39:58,33.8,68,0,0,True,False,True
2026-09-25 12:40:00,33.8,68,0,0,True,False,True
2026-09-25 12:40:02,33.8,68,ERR,0,False,False,True
2026-09-25 12:40:04,33.8,68,0,0,True,False,True
2026-09-25 12:40:06,33.8,68,ERR,0,False,False,True
2026-09-25 12:40:08,33.8,68,ERR,0,False,False,True
2026-09-25 12:40:10,33.8,68,ERR,0,False,False,True
2026-09-25 12:40:12,33.8,69,0,0,True,False,True
2026-09-25 12:40:14,33.8,69,20,0,True,False,True
2026-09-25 12:40:16,33.8,69,20,0,True,False,True
2026-09-25 12:40:18,33.8,69,100,0,False,False,True
2026-09-25 12:40:20,33.8,69,5,0,True,False,True
2026-09-25 12:40:22,33.8,69,ERR,0,False,False,True
2026-09-25 12:40:24,33.8,69,20,0,True,False,True
2026-09-25 12:40:26,33.8,69,31,0,False,False,True
2026-09-25 12:40:28,33.8,70,41,0,False,False,True
2026-09-25 12:40:30,33.8,70,74,0,False,False,True
2026-09-25 12:40:32,33.8,70,70,0,False,False,True
2026-09-25 12:40:34,33.8,69,67,0,False,False,True
2026-09-25 12:40:36,33.8,69,66,0,False,False,True
2026-09-25 12:40:38,33.8,69,65,0,False,True,True
2026-09-25 12:40:40,33.8,69,64,0,False,False,True
2026-09-25 12:40:42,33.8,69,63,0,False,False,True
2026-09-25 12:40:44,33.8,69,63,0,False,False,True
2026-09-25 12:40:46,33.8,69,60,0,False,False,True
2026-09-25 12:40:48,33.8,69,59,0,False,False,True
2026-09-25 12:40:50,33.8,69,51,0,False,False,True
2026-09-25 12:40:52,33.8,69,0,0,True,False,True
2026-09-25 12:40:54,33.8,69,0,0,True,False,True
2026-09-25 12:40:56,33.8,69,0,0,True,False,True
2026-09-25 12:40:58,33.8,69,0,0,True,False,True
2026-09-25 12:41:00,33.8,69,29,0,True,False,True
2026-09-25 12:41:02,33.8,69,24,0,True,False,True
2026-09-25 12:41:04,33.8,69,21,0,True,False,True
2026-09-25 12:41:06,33.8,69,21,0,True,False,True
2026-09-25 12:41:08,33.8,69,21,0,True,False,True
2026-09-25 12:41:10,33.8,68,23,0,True,False,True
2026-09-25 12:41:12,33.8,69,87,0,False,False,True
2026-09-25 12:41:14,33.8,69,88,0,False,False,True
2026-09-25 12:41:16,33.8,69,0,0,True,False,True
2026-09-25 12:41:18,33.8,68,93,0,False,False,True
2026-09-25 12:41:20,33.8,68,82,0,False,False,True
2026-09-25 12:41:22,33.8,68,81,0,False,False,True
2026-09-25 12:41:24,33.8,68,79,0,False,False,True
2026-09-25 12:41:26,33.8,68,78,0,False,False,True
2026-09-25 12:41:28,33.8,68,77,0,False,False,True
2026-09-25 12:41:30,33.8,68,76,0,False,False,True
2026-09-25 12:41:32,33.8,68,77,0,False,False,True
2026-09-25 12:41:34,33.8,68,75,0,False,False,True
2026-09-25 12:41:36,33.8,68,74,0,False,False,True
2026-09-25 12:41:38,33.8,68,74,0,False,False,True
2026-09-25 12:41:40,33.8,68,76,0,False,False,True
2026-09-25 12:41:42,33.8,68,74,0,False,False,True
2026-09-25 12:41:44,33.8,68,73,0,False,False,True
2026-09-25 12:41:46,33.8,68,73,0,False,False,True
2026-09-25 12:41:48,33.8,67,73,0,False,False,True
2026-09-25 12:41:50,33.8,67,73,0,False,False,True
2026-09-25 12:41:52,33.8,67,73,0,False,False,True
2026-09-25 12:41:54,33.8,67,73,0,False,False,True
2026-09-25 12:41:56,33.8,68,73,0,False,False,True
2026-09-25 12:41:58,33.8,68,73,0,False,False,True
2026-09-25 12:42:00,33.8,68,73,0,False,False,True
2026-09-25 12:42:02,33.8,68,22,0,True,False,True
2026-09-25 12:42:04,33.8,68,20,0,True,False,True
2026-09-25 12:42:06,33.8,68,21,0,True,False,True
2026-09-25 12:42:08,33.8,68,89,0,False,False,True
2026-09-25 12:42:10,33.8,68,78,0,False,False,True
2026-09-25 12:42:12,33.8,68,0,0,True,False,True
2026-09-25 12:42:14,33.8,68,0,0,True,False,True
2026-09-25 12:42:16,33.8,68,0,0,True,False,True
2026-09-25 12:42:18,33.8,69,13,0,True,False,True
2026-09-25 12:42:20,33.8,68,0,0,True,False,True
2026-09-25 12:42:22,33.8,68,0,0,True,False,True
2026-09-25 12:42:24,33.8,68,80,0,False,False,True
2026-09-25 12:42:26,33.8,68,64,0,False,False,True
2026-09-25 12:42:28,33.8,68,64,0,False,False,True
2026-09-25 12:42:30,33.8,68,63,0,False,False,True
2026-09-25 12:42:32,33.8,68,63,0,False,False,True
2026-09-25 12:42:34,33.8,68,62,0,False,False,True
2026-09-25 12:42:36,33.8,68,61,0,False,False,True
2026-09-25 12:42:38,33.8,68,61,0,False,False,True
2026-09-25 12:42:40,33.8,68,61,0,False,False,True
2026-09-25 12:42:42,33.8,68,61,0,False,False,True
2026-09-25 12:42:44,33.8,68,60,0,False,False,True
2026-09-25 12:42:46,33.8,68,60,0,False,False,True
2026-09-25 12:42:48,33.8,68,60,0,False,False,True
2026-09-25 12:42:50,33.8,68,60,0,False,False,True
2026-09-25 12:42:52,33.8,68,60,0,False,False,True
2026-09-25 12:42:54,33.8,69,60,0,False,False,True
2026-09-25 12:42:56,33.8,69,59,0,False,False,True
2026-09-25 12:42:58,33.8,69,59,0,False,False,True
2026-09-25 12:43:00,33.8,69,59,0,False,False,True
2026-09-25 12:43:02,33.8,69,59,0,False,False,True
2026-09-25 12:43:04,33.8,69,59,0,False,False,True
2026-09-25 12:43:06,33.8,69,58,0,False,False,True
2026-09-25 12:43:08,33.8,69,58,0,False,False,True
2026-09-25 12:43:10,33.8,69,58,0,False,False,True
2026-09-25 12:43:12,33.8,69,57,0,False,False,True
2026-09-25 12:43:14,33.8,69,57,0,False,False,True
2026-09-25 12:43:16,33.8,69,58,0,False,False,True
2026-09-25 12:43:18,33.8,69,60,0,False,False,True
2026-09-25 12:43:20,33.8,69,57,0,False,False,True
2026-09-25 12:43:22,33.8,69,57,0,False,False,True
2026-09-25 12:43:24,33.8,69,57,0,False,False,True
2026-09-25 12:43:26,33.8,69,57,0,False,False,True
2026-09-25 12:43:28,33.8,69,57,0,False,False,True
2026-09-25 12:43:30,33.8,69,57,0,False,False,True
2026-09-25 12:43:32,33.8,69,57,0,False,False,True
2026-09-25 12:43:34,33.8,69,57,0,False,False,True
2026-09-25 12:43:36,33.8,69,59,0,False,False,True
2026-09-25 12:43:38,33.8,69,57,0,False,False,True
2026-09-25 12:43:40,33.8,69,57,0,False,False,True
2026-09-25 12:43:42,33.8,69,56,0,False,False,True
2026-09-25 12:43:44,33.8,69,56,0,False,False,True
2026-09-25 12:43:46,33.8,69,90,0,False,False,True
2026-09-25 12:43:48,33.8,68,85,0,False,False,True
2026-09-25 12:43:50,33.8,69,83,0,False,False,True
2026-09-25 12:43:52,33.8,69,83,0,False,False,True
2026-09-25 12:43:54,33.8,69,82,0,False,False,True
2026-09-25 12:43:56,33.8,69,81,0,False,False,True
2026-09-25 12:43:58,33.8,69,80,0,False,False,True
2026-09-25 12:44:00,33.8,69,80,0,False,False,True
2026-09-25 12:44:02,33.8,69,79,0,False,False,True
2026-09-25 12:44:04,33.8,69,79,0,False,False,True
2026-09-25 12:44:06,33.8,69,79,0,False,False,True
2026-09-25 12:44:08,33.8,69,79,0,False,False,True
2026-09-25 12:44:10,33.8,69,79,0,False,False,True
2026-09-25 12:44:12,33.8,69,79,0,False,False,True
2026-09-25 12:44:14,33.8,69,79,0,False,False,True
2026-09-25 12:44:16,33.8,69,79,0,False,False,True
2026-09-25 12:44:18,33.8,69,78,0,False,False,True
2026-09-25 12:44:20,33.8,69,78,0,False,False,True
2026-09-25 12:44:22,33.8,69,78,0,False,False,True
2026-09-25 12:44:24,33.8,69,78,0,False,False,True
2026-09-25 12:44:26,33.8,69,78,0,False,False,True
2026-09-25 12:44:28,33.8,69,78,0,False,False,True
2026-09-25 12:44:30,33.8,69,78,0,False,False,True
2026-09-25 12:44:32,33.8,69,77,0,False,False,True
2026-09-25 12:44:34,33.8,69,77,0,False,False,True
2026-09-25 12:44:36,33.8,69,77,0,False,False,True
2026-09-25 12:44:38,33.8,69,77,0,False,False,True
2026-09-25 12:44:40,33.8,69,77,0,False,False,True
2026-09-25 12:44:42,33.8,69,77,0,False,False,True
2026-09-25 12:44:44,33.8,69,77,0,False,False,True
2026-09-25 12:44:46,33.8,69,77,0,False,False,True
2026-09-25 12:44:48,33.8,69,77,0,False,False,True
2026-09-25 12:44:50,33.8,69,77,0,False,False,True
2026-09-25 12:44:52,33.8,69,77,0,False,False,True
2026-09-25 12:44:54,33.8,69,77,0,False,False,True
2026-09-25 12:44:56,33.8,69,77,0,False,False,True
2026-09-25 12:44:58,33.8,69,77,0,False,False,True
2026-09-25 12:45:00,33.8,69,78,0,False,False,True
2026-09-25 12:45:02,33.8,69,77,0,False,False,True
2026-09-25 12:45:04,33.8,69,77,0,False,False,True
2026-09-25 12:45:06,33.8,69,77,0,False,False,True
2026-09-25 12:45:08,33.8,69,77,0,False,False,True
2026-09-25 12:45:10,33.8,69,77,0,False,False,True
2026-09-25 12:45:12,33.8,69,77,0,False,False,True
2026-09-25 12:45:14,33.8,69,77,0,False,False,True
2026-09-25 12:45:16,33.8,69,77,0,False,False,True
2026-09-25 12:45:18,33.8,69,77,0,False,False,True
2026-09-25 12:45:20,33.8,69,77,0,False,False,True
2026-09-25 12:45:22,33.8,69,77,0,False,False,True
2026-09-25 12:45:24,33.8,69,77,0,False,False,True
2026-09-25 12:45:26,33.8,69,78,0,False,False,True
2026-09-25 12:45:28,33.8,69,77,0,False,False,True
2026-09-25 12:45:30,33.8,69,77,0,False,False,True
2026-09-25 12:45:32,33.8,69,77,0,False,False,True
2026-09-25 12:45:34,33.8,69,77,0,False,False,True
2026-09-25 12:45:36,33.8,69,77,0,False,False,True
2026-09-25 12:45:38,33.8,69,77,0,False,False,True
2026-09-25 12:45:40,33.8,69,78,0,False,False,True
2026-09-25 12:45:42,33.8,69,79,0,False,False,True
2026-09-25 12:45:44,33.8,69,79,0,False,False,True
2026-09-25 12:45:46,33.8,69,77,0,False,False,True
2026-09-25 12:45:48,33.8,69,78,0,False,False,True
2026-09-25 12:45:50,33.8,69,78,0,False,False,True
2026-09-25 12:45:52,33.8,69,78,0,False,False,True
2026-09-25 12:45:54,33.8,69,78,0,False,False,True
2026-09-25 12:45:56,33.8,69,78,0,False,False,True
2026-09-25 12:45:58,33.8,69,78,0,False,False,True
2026-09-25 12:46:00,33.8,69,78,0,False,False,True
2026-09-25 12:46:02,33.8,70,78,0,False,False,True
2026-09-25 12:46:04,33.8,70,78,0,False,False,True
2026-09-25 12:46:06,33.8,70,78,0,False,False,True
2026-09-25 12:46:08,33.8,70,78,0,False,False,True
2026-09-25 12:46:10,33.8,70,78,0,False,False,True
2026-09-25 12:46:12,33.8,69,79,0,False,False,True
2026-09-25 12:46:14,33.8,69,79,0,False,False,True
2026-09-25 12:46:16,33.8,69,79,0,False,False,True
2026-09-25 12:46:18,33.8,69,78,0,False,False,True
2026-09-25 12:46:20,33.8,69,78,0,False,False,True
2026-09-25 12:46:22,33.8,69,78,0,False,False,True
2026-09-25 12:46:24,33.8,69,79,0,False,False,True
2026-09-25 12:46:26,33.8,69,79,0,False,False,True
2026-09-25 12:46:28,33.8,69,78,0,False,False,True
2026-09-25 12:46:30,33.8,69,79,0,False,False,True
2026-09-25 12:46:32,33.8,69,79,0,False,False,True
2026-09-25 12:46:34,33.8,69,79,0,False,False,True
2026-09-25 12:46:36,33.8,70,78,0,False,False,True
2026-09-25 12:46:38,33.8,70,79,0,False,False,True
2026-09-25 12:46:40,33.8,70,79,0,False,False,True
2026-09-25 12:46:42,33.8,70,79,0,False,False,True
2026-09-25 12:46:44,33.8,70,79,0,False,False,True
2026-09-25 12:46:46,33.8,70,79,0,False,False,True
2026-09-25 12:46:48,33.8,70,79,0,False,False,True
2026-09-25 12:46:50,33.8,70,79,0,False,False,True
2026-09-25 12:46:52,33.8,69,80,0,False,False,True
2026-09-25 12:46:54,33.8,69,79,0,False,False,True
2026-09-25 12:46:56,33.8,69,79,0,False,False,True
2026-09-25 12:46:58,33.8,70,79,0,False,False,True
2026-09-25 12:47:00,33.8,70,79,0,False,False,True
2026-09-25 12:47:02,33.8,70,79,0,False,False,True
2026-09-25 12:47:04,33.8,70,79,0,False,False,True
2026-09-25 12:47:06,33.8,70,80,0,False,False,True
2026-09-25 12:47:08,33.8,70,80,0,False,False,True
2026-09-25 12:47:10,33.8,70,80,0,False,False,True
2026-09-25 12:47:12,33.8,70,80,0,False,False,True
2026-09-25 12:47:14,33.8,70,80,0,False,False,True
2026-09-25 12:47:16,33.8,70,80,0,False,False,True
2026-09-25 12:47:18,33.8,70,80,0,False,False,True
2026-09-25 12:47:20,33.8,69,80,0,False,False,True
2026-09-25 12:47:22,33.8,69,80,0,False,False,True
2026-09-25 12:47:24,33.8,70,80,0,False,False,True
2026-09-25 12:47:26,33.8,70,80,0,False,False,True
2026-09-25 12:47:28,33.8,70,80,0,False,False,True
2026-09-25 12:47:30,33.8,70,80,0,False,False,True
2026-09-25 12:47:32,33.8,70,80,0,False,False,True
2026-09-25 12:47:34,33.8,70,80,0,False,False,True
2026-09-25 12:47:36,33.8,70,80,0,False,False,True
2026-09-25 12:47:38,33.8,70,81,0,False,False,True
2026-09-25 12:47:40,33.8,70,80,0,False,False,True
2026-09-25 12:47:42,33.8,70,80,0,False,False,True
2026-09-25 12:47:44,33.8,70,80,0,False,False,True
2026-09-25 12:47:46,33.8,70,80,0,False,False,True
2026-09-25 12:47:48,33.8,70,81,0,False,False,True
2026-09-25 12:47:50,33.8,70,81,0,False,False,True
2026-09-25 12:47:52,33.8,70,81,0,False,False,True
2026-09-25 12:47:54,33.8,69,81,0,False,False,True
2026-09-25 12:47:56,33.8,69,81,0,False,False,True
2026-09-25 12:47:58,33.8,69,82,0,False,False,True
2026-09-25 12:48:00,33.8,69,81,0,False,False,True
2026-09-25 12:48:02,33.8,69,80,0,False,False,True
2026-09-25 12:48:04,33.8,69,81,0,False,False,True
2026-09-25 12:48:06,33.8,69,81,0,False,False,True
2026-09-25 12:48:08,33.8,70,81,0,False,False,True
2026-09-25 12:48:10,33.8,70,81,0,False,False,True
2026-09-25 12:48:12,33.8,70,81,0,False,False,True
2026-09-25 12:48:14,33.8,70,81,0,False,False,True
2026-09-25 12:48:16,33.8,70,81,0,False,False,True
2026-09-25 12:48:18,33.8,70,81,0,False,False,True
2026-09-25 12:48:20,33.8,70,81,0,False,False,True
2026-09-25 12:48:22,33.8,70,81,0,False,False,True
2026-09-25 12:48:24,33.8,70,81,0,False,False,True
2026-09-25 12:48:26,33.8,70,81,0,False,False,True
2026-09-25 12:48:28,33.8,70,82,0,False,False,True
2026-09-25 12:48:30,33.8,70,82,0,False,False,True
2026-09-25 12:48:32,33.8,70,82,0,False,False,True
2026-09-25 12:48:34,33.8,70,82,0,False,False,True
2026-09-25 12:48:36,33.8,69,82,0,False,False,True
2026-09-25 12:48:38,33.8,69,80,0,False,False,True
2026-09-25 12:48:40,33.8,69,80,0,False,False,True
2026-09-25 12:48:42,33.8,69,82,0,False,False,True
2026-09-25 12:48:44,33.8,69,82,0,False,False,True
2026-09-25 12:48:46,33.8,69,82,0,False,False,True
2026-09-25 12:48:48,33.8,69,81,0,False,False,True
2026-09-25 12:48:50,33.8,69,83,0,False,False,True
2026-09-25 12:48:52,33.8,69,82,0,False,False,True
2026-09-25 12:48:54,33.8,69,82,0,False,False,True
2026-09-25 12:48:56,33.8,69,82,0,False,False,True
2026-09-25 12:48:58,33.8,70,82,0,False,False,True
2026-09-25 12:49:00,33.8,70,81,0,False,False,True
2026-09-25 12:49:02,33.8,70,82,0,False,False,True
2026-09-25 12:49:04,33.8,70,82,0,False,False,True
2026-09-25 12:49:06,33.8,70,82,0,False,False,True
2026-09-25 12:49:08,33.8,70,82,0,False,False,True
2026-09-25 12:49:10,33.8,70,82,0,False,False,True
2026-09-25 12:49:12,33.8,69,82,0,False,False,True
2026-09-25 12:49:14,33.8,70,83,0,False,False,True
2026-09-25 12:49:16,33.8,70,83,0,False,False,True
2026-09-25 12:49:18,33.8,70,82,0,False,False,True
2026-09-25 12:49:20,33.8,70,83,0,False,False,True
2026-09-25 12:49:22,33.8,70,82,0,False,False,True
2026-09-25 12:49:24,33.8,70,83,0,False,False,True
2026-09-25 12:49:26,33.8,70,83,0,False,False,True
2026-09-25 12:49:28,33.8,70,83,0,False,False,True
2026-09-25 12:49:30,33.8,70,83,0,False,False,True
2026-09-25 12:49:32,33.8,70,83,0,False,False,True
2026-09-25 12:49:34,33.8,70,83,0,False,False,True
2026-09-25 12:49:36,33.8,70,83,0,False,False,True
2026-09-25 12:49:38,33.8,70,83,0,False,False,True
2026-09-25 12:49:40,33.8,70,83,0,False,False,True
2026-09-25 12:49:42,33.8,70,83,0,False,False,True
2026-09-25 12:49:44,33.8,70,83,0,False,False,True
2026-09-25 12:49:46,33.8,70,83,0,False,False,True
2026-09-25 12:49:48,33.8,70,83,0,False,False,True
2026-09-25 12:49:50,33.8,70,83,0,False,False,True
2026-09-25 12:49:52,33.8,70,83,0,False,False,True
2026-09-25 12:49:54,33.8,70,83,0,False,False,True
2026-09-25 12:49:56,33.8,70,83,0,False,False,True
2026-09-25 12:49:58,33.8,70,83,0,False,False,True
2026-09-25 12:50:00,33.8,70,83,0,False,False,True
2026-09-25 12:50:02,33.9,70,83,0,False,False,True
2026-09-25 12:50:04,34,70,85,0,False,False,True
2026-09-25 12:50:06,34.1,70,83,0,False,False,True
2026-09-25 12:50:08,34.2,70,87,0,False,False,True
2026-09-25 12:50:10,34.2,70,83,0,False,False,True
2026-09-25 12:50:12,34.2,70,83,0,False,False,True
2026-09-25 12:50:14,34.2,70,83,0,False,False,True
2026-09-25 12:50:16,34.2,70,83,0,False,False,True
2026-09-25 12:50:18,34.2,70,83,0,False,False,True
2026-09-25 12:50:20,34.2,70,83,0,False,False,True
2026-09-25 12:50:22,34.2,70,84,0,False,False,True
2026-09-25 12:50:24,34.2,70,84,0,False,False,True
2026-09-25 12:50:26,34.2,70,83,0,False,False,True
2026-09-25 12:50:28,34.2,70,83,0,False,False,True
2026-09-25 12:50:30,34.2,70,85,0,False,False,True
2026-09-25 12:50:32,34.2,70,83,0,False,False,True
2026-09-25 12:50:34,34.2,70,84,0,False,False,True
2026-09-25 12:50:36,34.2,70,84,0,False,False,True
2026-09-25 12:50:38,34.2,70,84,0,False,False,True
2026-09-25 12:50:40,34.2,70,84,0,False,False,True
2026-09-25 12:50:42,34.2,70,84,0,False,False,True
2026-09-25 12:50:44,34.2,70,83,0,False,False,True
2026-09-25 12:50:46,34.2,70,84,0,False,False,True
2026-09-25 12:50:48,34.2,70,84,0,False,False,True
2026-09-25 12:50:50,34.2,70,84,0,False,False,True
2026-09-25 12:50:52,34.2,70,84,0,False,False,True
2026-09-25 12:50:54,34.2,70,84,0,False,False,True
2026-09-25 12:50:56,34.2,70,84,0,False,False,True
2026-09-25 12:50:58,34.2,70,84,0,False,False,True
2026-09-25 12:51:00,34.2,70,84,0,False,False,True
2026-09-25 12:51:02,34.2,70,84,0,False,False,True
2026-09-25 12:51:04,34.2,70,84,0,False,False,True
2026-09-25 12:51:06,34.2,70,84,0,False,False,True
2026-09-25 12:51:08,34.2,70,84,0,False,False,True
2026-09-25 12:51:10,34.2,70,85,0,False,False,True
2026-09-25 12:51:12,34.2,70,84,0,False,False,True
2026-09-25 12:51:14,34.2,70,84,0,False,False,True
2026-09-25 12:51:16,34.2,70,84,0,False,False,True
2026-09-25 12:51:18,34.2,70,84,0,False,False,True
2026-09-25 12:51:20,34.2,70,84,0,False,False,True
2026-09-25 12:51:22,34.2,70,84,0,False,False,True
2026-09-25 12:51:24,34.2,70,84,0,False,False,True
2026-09-25 12:51:26,34.2,70,84,0,False,False,True
2026-09-25 12:51:28,34.2,70,84,0,False,False,True
2026-09-25 12:51:30,34.2,69,84,0,False,False,True
2026-09-25 12:51:32,34.2,69,84,0,False,False,True
2026-09-25 12:51:34,34.2,69,84,0,False,False,True
2026-09-25 12:51:36,34.2,69,84,0,False,False,True
2026-09-25 12:51:38,34.2,69,84,0,False,False,True
2026-09-25 12:51:40,34.2,69,84,0,False,False,True
2026-09-25 12:51:42,34.2,69,84,0,False,False,True
2026-09-25 12:51:44,34.2,69,84,0,False,False,True
2026-09-25 12:51:46,34.2,69,84,0,False,False,True
2026-09-25 12:51:48,34.2,69,84,0,False,False,True
2026-09-25 12:51:50,34.2,70,85,0,False,False,True
2026-09-25 12:51:52,34.2,69,84,0,False,False,True
2026-09-25 12:51:54,34.2,69,84,0,False,False,True
2026-09-25 12:51:56,34,69,85,0,False,False,True
2026-09-25 12:51:58,34,69,85,0,False,False,True
2026-09-25 12:52:00,34,69,85,0,False,False,True
2026-09-25 12:52:02,34,70,84,0,False,False,True
2026-09-25 12:52:04,33.8,69,84,0,False,False,True
2026-09-25 12:52:06,33.8,69,84,0,False,False,True
2026-09-25 12:52:08,33.8,69,84,0,False,False,True
2026-09-25 12:52:10,33.8,69,84,0,False,False,True
2026-09-25 12:52:12,33.8,70,84,0,False,False,True
2026-09-25 12:52:14,33.8,70,85,0,False,False,True
2026-09-25 12:52:16,33.8,70,85,0,False,False,True
2026-09-25 12:52:18,33.8,70,85,0,False,False,True
2026-09-25 12:52:20,33.8,70,85,0,False,False,True
2026-09-25 12:52:22,33.8,70,84,0,False,False,True
2026-09-25 12:52:24,33.8,70,84,0,False,False,True
2026-09-25 12:52:26,33.8,70,84,0,False,False,True
2026-09-25 12:52:28,33.8,70,85,0,False,False,True
2026-09-25 12:52:30,33.8,69,84,0,False,False,True
2026-09-25 12:52:32,33.8,69,85,0,False,False,True
2026-09-25 12:52:34,33.8,69,85,0,False,False,True
2026-09-25 12:52:36,33.8,69,85,0,False,False,True
2026-09-25 12:52:38,33.8,69,84,0,False,False,True
2026-09-25 12:52:40,33.8,69,85,0,False,False,True
2026-09-25 12:52:42,33.8,69,85,0,False,False,True
2026-09-25 12:52:44,33.8,69,84,0,False,False,True
2026-09-25 12:52:46,33.8,69,85,0,False,False,True
2026-09-25 12:52:48,33.8,69,84,0,False,False,True
2026-09-25 12:52:50,33.8,69,85,0,False,False,True
2026-09-25 12:52:52,33.8,69,85,0,False,False,True
2026-09-25 12:52:54,33.8,69,85,0,False,False,True
2026-09-25 12:52:56,33.8,69,84,0,False,False,True
2026-09-25 12:52:58,33.8,69,85,0,False,False,True
2026-09-25 12:53:00,33.8,69,85,0,False,False,True
2026-09-25 12:53:02,33.8,69,85,0,False,False,True
2026-09-25 12:53:04,33.8,69,85,0,False,False,True
2026-09-25 12:53:06,33.8,69,85,0,False,False,True
2026-09-25 12:53:08,33.8,69,85,0,False,False,True
2026-09-25 12:53:10,33.8,69,85,0,False,False,True
2026-09-25 12:53:12,33.8,68,85,0,False,False,True
2026-09-25 12:53:14,33.8,69,85,0,False,False,True
2026-09-25 12:53:16,33.8,69,85,0,False,False,True
2026-09-25 12:53:18,33.8,69,85,0,False,False,True
2026-09-25 12:53:20,33.8,69,85,0,False,False,True
2026-09-25 12:53:22,33.8,69,85,0,False,False,True
2026-09-25 12:53:24,33.8,69,85,0,False,False,True
2026-09-25 12:53:26,33.8,69,85,0,False,False,True
2026-09-25 12:53:28,33.8,69,85,0,False,False,True
2026-09-25 12:53:30,33.8,69,85,0,False,False,True
2026-09-25 12:53:32,33.8,69,85,0,False,False,True
2026-09-25 12:53:34,33.8,69,85,0,False,False,True
2026-09-25 12:53:36,33.8,69,85,0,False,False,True
2026-09-25 12:53:38,33.8,69,85,0,False,False,True
2026-09-25 12:53:40,33.8,69,85,0,False,False,True
2026-09-25 12:53:42,33.8,69,85,0,False,False,True
2026-09-25 12:53:44,33.8,69,85,0,False,False,True
2026-09-25 12:53:46,33.8,69,85,0,False,False,True
2026-09-25 12:53:48,33.8,69,85,0,False,False,True
2026-09-25 12:53:50,33.8,69,85,0,False,False,True
2026-09-25 12:53:52,33.8,69,85,0,False,False,True
2026-09-25 12:53:54,33.8,69,85,0,False,False,True
2026-09-25 12:53:56,33.8,69,85,0,False,False,True
2026-09-25 12:53:58,33.8,70,85,0,False,False,True
2026-09-25 12:54:00,33.8,70,82,0,False,False,True
2026-09-25 12:54:02,33.8,70,85,0,False,False,True
2026-09-25 12:54:04,33.8,70,85,0,False,False,True
2026-09-25 12:54:06,33.8,70,85,0,False,False,True
2026-09-25 12:54:08,33.8,70,85,0,False,False,True
2026-09-25 12:54:10,33.8,70,85,0,False,False,True
2026-09-25 12:54:12,33.8,70,85,0,False,False,True
2026-09-25 12:54:14,33.8,70,85,0,False,False,True
2026-09-25 12:54:16,33.8,70,85,0,False,False,True
2026-09-25 12:54:18,33.8,70,85,0,False,False,True
2026-09-25 12:54:20,33.8,70,85,0,False,False,True
2026-09-25 12:54:22,33.8,70,85,0,False,False,True
2026-09-25 12:54:24,33.8,70,85,0,False,False,True
2026-09-25 12:54:26,33.8,70,85,0,False,False,True
2026-09-25 12:54:28,33.8,70,85,0,False,False,True
2026-09-25 12:54:30,33.8,70,85,0,False,False,True
2026-09-25 12:54:32,33.8,70,85,0,False,False,True
2026-09-25 12:54:34,33.8,70,85,0,False,False,True
2026-09-25 12:54:36,33.8,70,85,0,False,False,True
2026-09-25 12:54:38,33.8,70,85,0,False,False,True
2026-09-25 12:54:40,33.8,70,85,0,False,False,True
2026-09-25 12:54:42,33.8,70,85,0,False,False,True
2026-09-25 12:54:44,33.8,70,85,0,False,False,True
2026-09-25 12:54:46,33.8,70,85,0,False,False,True
2026-09-25 12:54:48,33.8,70,85,0,False,False,True
2026-09-25 12:54:50,33.8,70,85,0,False,False,True
2026-09-25 12:54:52,33.8,70,85,0,False,False,True
2026-09-25 12:54:54,33.8,70,85,0,False,False,True
2026-09-25 12:54:56,33.8,70,85,0,False,False,True
2026-09-25 12:54:58,33.8,70,85,0,False,False,True
2026-09-25 12:55:00,33.8,70,87,0,False,False,True
2026-09-25 12:55:02,33.8,70,85,0,False,False,True
2026-09-25 12:55:04,33.8,70,85,0,False,False,True
2026-09-25 12:55:06,33.8,70,85,0,False,False,True
2026-09-25 12:55:08,33.8,70,85,0,False,False,True
2026-09-25 12:55:10,33.8,70,85,0,False,False,True
2026-09-25 12:55:12,33.8,70,86,0,False,False,True
2026-09-25 12:55:14,33.8,70,85,0,False,False,True
2026-09-25 12:55:16,33.8,70,85,0,False,False,True
2026-09-25 12:55:18,33.8,70,85,0,False,False,True
2026-09-25 12:55:20,33.8,70,85,0,False,False,True
2026-09-25 12:55:22,33.8,70,85,0,False,False,True
2026-09-25 12:55:24,33.8,70,85,0,False,False,True
2026-09-25 12:55:26,33.8,70,85,0,False,False,True
2026-09-25 12:55:28,33.8,70,86,0,False,False,True
2026-09-25 12:55:30,33.8,70,85,0,False,False,True
2026-09-25 12:55:32,33.8,70,85,0,False,False,True
2026-09-25 12:55:34,33.8,70,85,0,False,False,True
2026-09-25 12:55:36,33.8,70,85,0,False,False,True
2026-09-25 12:55:38,33.8,70,85,0,False,False,True
2026-09-25 12:55:40,33.8,70,85,0,False,False,True
2026-09-25 12:55:42,33.8,70,86,0,False,False,True
2026-09-25 12:55:44,33.8,70,86,0,False,False,True
2026-09-25 12:55:46,33.8,70,85,0,False,False,True
2026-09-25 12:55:48,33.8,70,85,0,False,False,True
2026-09-25 12:55:50,33.8,70,85,0,False,False,True
2026-09-25 12:55:52,33.8,70,85,0,False,False,True
2026-09-25 12:55:54,33.8,70,86,0,False,False,True
2026-09-25 12:55:56,33.8,70,86,0,False,False,True
2026-09-25 12:55:58,33.8,70,86,0,False,False,True
2026-09-25 12:56:00,33.8,70,86,0,False,False,True
2026-09-25 12:56:02,33.8,70,85,0,False,False,True
2026-09-25 12:56:04,33.8,70,85,0,False,False,True
2026-09-25 12:56:06,33.8,70,85,0,False,False,True
2026-09-25 12:56:08,33.8,70,86,0,False,False,True
2026-09-25 12:56:10,33.8,70,86,0,False,False,True
2026-09-25 12:56:12,33.8,70,86,0,False,False,True
2026-09-25 12:56:14,33.8,70,86,0,False,False,True
2026-09-25 12:56:16,33.8,70,86,0,False,False,True
2026-09-25 12:56:18,33.8,70,86,0,False,False,True
2026-09-25 12:56:20,33.8,70,86,0,False,False,True
2026-09-25 12:56:22,33.8,70,86,0,False,False,True
2026-09-25 12:56:24,33.8,70,85,0,False,False,True
2026-09-25 12:56:26,33.8,70,86,0,False,False,True
2026-09-25 12:56:28,33.8,70,86,0,False,False,True
2026-09-25 12:56:30,33.8,70,84,0,False,False,True
2026-09-25 12:56:32,33.8,70,86,0,False,False,True
2026-09-25 12:56:34,33.8,70,86,0,False,False,True
2026-09-25 12:56:36,33.8,70,86,0,False,False,True
2026-09-25 12:56:38,33.8,70,89,0,False,False,True
2026-09-25 12:56:40,33.8,70,86,0,False,False,True
2026-09-25 12:56:42,33.8,70,86,0,False,False,True
2026-09-25 12:56:44,33.8,70,86,0,False,False,True
2026-09-25 12:56:46,33.8,70,86,0,False,False,True
2026-09-25 12:56:48,33.8,70,86,0,False,False,True
2026-09-25 12:56:50,33.8,70,86,0,False,False,True
2026-09-25 12:56:52,33.8,70,86,0,False,False,True
2026-09-25 12:56:54,33.8,70,86,0,False,False,True
2026-09-25 12:56:56,33.8,70,86,0,False,False,True
2026-09-25 12:56:58,33.8,70,86,0,False,False,True
2026-09-25 12:57:00,33.8,70,86,0,False,False,True
2026-09-25 12:57:02,33.8,70,86,0,False,False,True
2026-09-25 12:57:04,33.8,70,86,0,False,False,True
2026-09-25 12:57:06,33.8,70,86,0,False,False,True
2026-09-25 12:57:08,33.8,70,91,0,False,False,True
2026-09-25 12:57:10,33.8,70,86,0,False,False,True
2026-09-25 12:57:12,33.8,70,86,0,False,False,True
2026-09-25 12:57:14,33.8,70,86,0,False,False,True
2026-09-25 12:57:16,33.8,70,86,0,False,False,True
2026-09-25 12:57:18,33.8,70,86,0,False,False,True
2026-09-25 12:57:20,33.8,70,86,0,False,False,True
2026-09-25 12:57:22,33.8,70,86,0,False,False,True
2026-09-25 12:57:24,33.8,70,86,0,False,False,True
2026-09-25 12:57:26,33.8,70,86,0,False,False,True
2026-09-25 12:57:28,33.8,70,86,0,False,False,True
2026-09-25 12:57:30,33.8,70,86,0,False,False,True
2026-09-25 12:57:32,33.8,70,86,0,False,False,True
2026-09-25 12:57:34,33.8,70,87,0,False,False,True
2026-09-25 12:57:36,33.8,70,86,0,False,False,True
2026-09-25 12:57:38,33.8,70,86,0,False,False,True
2026-09-25 12:57:40,33.8,70,86,0,False,False,True
2026-09-25 12:57:42,33.8,70,86,0,False,False,True
2026-09-25 12:57:44,33.8,70,86,0,False,False,True
2026-09-25 12:57:46,33.8,70,86,0,False,False,True
2026-09-25 12:57:48,33.8,70,86,0,False,False,True
2026-09-25 12:57:50,33.8,70,86,0,False,False,True
2026-09-25 12:57:52,33.8,70,86,0,False,False,True
2026-09-25 12:57:54,33.8,70,86,0,False,False,True
2026-09-25 12:57:56,33.8,70,51,0,False,False,True
2026-09-25 12:57:58,33.8,70,50,0,False,False,True
2026-09-25 12:58:00,33.8,70,49,0,False,False,True
2026-09-25 12:58:02,33.8,70,49,0,False,False,True
2026-09-25 12:58:04,33.8,70,49,0,False,False,True
2026-09-25 12:58:06,33.8,70,48,0,False,False,True
2026-09-25 12:58:08,33.8,70,48,0,False,False,True
2026-09-25 12:58:11,33.8,70,48,0,False,False,True
2026-09-25 12:58:13,33.8,70,48,0,False,False,True
2026-09-25 12:58:15,33.8,70,48,0,False,False,True
2026-09-25 12:58:17,33.8,70,14,0,True,False,True
2026-09-25 12:58:19,33.8,70,14,0,True,False,True
2026-09-25 12:58:21,33.8,70,13,0,True,False,True
2026-09-25 12:58:23,33.8,70,13,0,True,False,True
2026-09-25 12:58:25,33.8,70,13,0,True,False,True
2026-09-25 12:58:27,33.8,70,13,0,True,False,True
2026-09-25 12:58:29,33.8,70,13,0,True,False,True
2026-09-25 12:58:31,33.8,70,12,0,True,False,True
2026-09-25 12:58:33,33.8,70,14,0,True,False,True
2026-09-25 12:58:35,33.8,70,12,0,True,False,True
2026-09-25 12:58:37,33.8,70,12,0,True,False,True
2026-09-25 12:58:39,33.8,70,13,0,True,False,True
2026-09-25 12:58:41,33.8,70,12,0,True,False,True
2026-09-25 12:58:43,33.8,70,12,0,True,False,True
2026-09-25 12:58:45,33.8,70,12,0,True,False,True
2026-09-25 12:58:47,33.8,70,9,0,True,False,True
2026-09-25 12:58:49,33.8,70,9,0,True,False,True
2026-09-25 12:58:51,33.8,70,12,0,True,False,True
2026-09-25 12:58:53,33.8,70,13,0,True,False,True
2026-09-25 12:58:55,33.8,70,12,0,True,False,True
2026-09-25 12:58:57,33.8,70,12,0,True,False,True
2026-09-25 12:58:59,33.8,70,12,0,True,False,True
2026-09-25 12:59:01,33.8,70,13,0,True,False,True
2026-09-25 12:59:03,33.8,70,12,0,True,False,True
2026-09-25 12:59:05,33.8,70,11,0,True,False,True
2026-09-25 12:59:07,33.8,70,12,0,True,False,True
2026-09-25 12:59:09,33.8,70,11,0,True,False,True
2026-09-25 12:59:11,33.8,70,11,0,True,False,True
2026-09-25 12:59:13,33.8,70,12,0,True,False,True
2026-09-25 12:59:15,33.8,70,11,0,True,False,True
2026-09-25 12:59:17,33.8,70,11,0,True,False,True
2026-09-25 12:59:19,33.8,70,13,0,True,False,True
2026-09-25 12:59:21,33.8,70,11,0,True,False,True
2026-09-25 12:59:23,33.8,70,11,0,True,False,True
2026-09-25 12:59:25,33.8,70,11,0,True,False,True
2026-09-25 12:59:27,33.8,70,11,0,True,False,True
2026-09-25 12:59:29,33.8,70,11,0,True,False,True
2026-09-25 12:59:31,33.8,70,11,0,True,False,True
2026-09-25 12:59:33,33.8,70,11,0,False,False,True
2026-09-25 12:59:35,33.8,70,11,0,True,False,True
2026-09-25 12:59:37,33.8,70,11,0,True,False,True
2026-09-25 12:59:39,33.8,70,11,0,True,False,True
2026-09-25 12:59:41,33.8,70,11,0,True,False,True
2026-09-25 12:59:43,33.8,70,11,0,True,False,True
2026-09-25 12:59:45,33.8,70,11,0,True,False,True
2026-09-25 12:59:47,33.8,70,11,0,True,False,True
2026-09-25 12:59:49,33.8,70,11,0,False,False,True
2026-09-25 12:59:51,33.8,70,11,0,False,False,True
2026-09-25 12:59:53,33.8,70,10,0,True,False,True
2026-09-25 12:59:55,33.8,70,9,0,True,False,True
2026-09-25 12:59:57,33.8,70,11,0,True,False,True
2026-09-25 12:59:59,33.8,70,11,0,True,False,True
2026-09-25 13:00:01,33.8,70,11,0,True,False,True
2026-09-25 13:00:03,33.8,70,13,0,True,False,True
2026-09-25 13:00:05,33.8,70,11,0,True,True,True
2026-09-25 13:00:07,33.8,70,11,0,True,False,True
2026-09-25 13:00:09,33.8,70,10,0,True,False,True
2026-09-25 13:00:11,33.8,70,11,0,True,False,True
2026-09-25 13:00:13,33.8,70,10,0,True,False,True
2026-09-25 13:00:15,33.8,70,11,0,True,False,True
2026-09-25 13:00:17,33.8,70,10,0,True,False,True
2026-09-25 13:00:19,33.8,70,10,0,True,False,True
2026-09-25 13:00:21,33.8,70,10,0,True,False,True
2026-09-25 13:00:23,33.8,70,10,0,True,False,True
2026-09-25 13:00:25,33.8,70,10,0,True,False,True
2026-09-25 13:00:27,33.8,70,10,0,True,False,True
2026-09-25 13:00:29,33.8,70,10,0,True,False,True
2026-09-25 13:00:31,33.8,70,10,0,True,False,True
2026-09-25 13:00:33,33.8,70,10,0,True,False,True
2026-09-25 13:00:35,33.8,70,11,0,True,False,True
2026-09-25 13:00:37,33.8,70,61,0,False,False,True
2026-09-25 13:00:39,33.8,71,60,0,False,False,True
2026-09-25 13:00:41,33.8,71,59,0,False,False,True
2026-09-25 13:00:43,33.8,71,59,0,False,False,True
2026-09-25 13:00:45,33.8,70,59,0,False,False,True
2026-09-25 13:00:47,33.8,70,59,0,False,False,True
2026-09-25 13:00:49,33.8,70,59,0,False,False,True
2026-09-25 13:00:51,33.8,70,59,0,False,False,True
2026-09-25 13:00:53,33.8,71,59,0,False,False,True
2026-09-25 13:00:55,33.8,71,58,0,False,False,True
2026-09-25 13:00:57,33.8,70,59,0,False,False,True
2026-09-25 13:00:59,33.8,70,59,0,False,False,True
2026-09-25 13:01:01,33.8,70,59,0,False,False,True
2026-09-25 13:01:03,33.8,70,59,0,False,False,True
2026-09-25 13:01:05,33.8,70,59,0,False,False,True
2026-09-25 13:01:07,33.8,70,59,0,False,False,True
2026-09-25 13:01:09,33.8,70,59,0,False,False,True
2026-09-25 13:01:11,33.8,70,59,0,False,False,True
2026-09-25 13:01:13,33.8,70,59,0,False,False,True
2026-09-25 13:01:15,33.8,70,59,0,False,False,True
2026-09-25 13:01:17,33.8,70,59,0,False,False,True
2026-09-25 13:01:19,33.8,70,57,0,False,False,True
2026-09-25 13:01:21,33.8,70,59,0,False,False,True
2026-09-25 13:01:23,33.8,70,59,0,False,False,True
2026-09-25 13:01:25,33.8,70,59,0,False,False,True
2026-09-25 13:01:27,33.8,70,59,0,False,False,True
2026-09-25 13:01:29,33.8,70,58,0,False,False,True
2026-09-25 13:01:31,33.8,70,59,0,False,False,True
2026-09-25 13:01:33,33.8,70,59,0,False,False,True
2026-09-25 13:01:35,33.8,70,59,0,False,False,True
2026-09-25 13:01:37,33.8,70,59,0,False,False,True
2026-09-25 13:01:39,33.8,70,58,0,False,False,True
2026-09-25 13:01:41,33.8,70,59,0,False,False,True
2026-09-25 13:01:43,33.8,70,58,0,False,False,True
2026-09-25 13:01:45,33.8,70,59,0,False,False,True
2026-09-25 13:01:47,33.8,70,59,0,False,False,True
2026-09-25 13:01:49,33.8,70,59,0,False,False,True
2026-09-25 13:01:51,33.8,70,59,0,False,False,True
2026-09-25 13:01:53,33.8,70,59,0,False,False,True
2026-09-25 13:01:55,33.8,70,59,0,False,False,True
2026-09-25 13:01:57,33.8,70,59,0,False,False,True
2026-09-25 13:01:59,33.8,70,59,0,False,False,True
2026-09-25 13:02:01,33.8,70,59,0,False,False,True
2026-09-25 13:02:03,33.8,70,59,0,False,False,True
2026-09-25 13:02:05,33.8,70,59,0,False,False,True
2026-09-25 13:02:07,33.8,70,58,0,False,False,True
2026-09-25 13:02:09,33.8,70,59,0,False,False,True
2026-09-25 13:02:11,33.8,70,59,0,False,False,True
2026-09-25 13:02:13,33.8,70,59,0,False,False,True
2026-09-25 13:02:15,33.8,70,59,0,False,False,True
2026-09-25 13:02:17,33.8,70,59,0,False,False,True
2026-09-25 13:02:19,33.8,70,59,0,False,False,True
2026-09-25 13:02:21,33.8,70,59,0,False,False,True
2026-09-25 13:02:23,33.8,70,59,0,False,False,True
2026-09-25 13:02:25,33.8,70,59,0,False,False,True
2026-09-25 13:02:27,33.8,70,59,0,False,False,True
2026-09-25 13:02:29,33.8,70,59,0,False,False,True
2026-09-25 13:02:31,33.8,70,59,0,False,False,True
2026-09-25 13:02:33,33.8,70,59,0,False,False,True
2026-09-25 13:02:35,33.8,70,59,0,False,False,True
2026-09-25 13:02:37,33.8,70,59,0,False,False,True
2026-09-25 13:02:39,33.8,70,59,0,False,False,True
2026-09-25 13:02:41,33.8,70,59,0,False,False,True
2026-09-25 13:02:43,33.8,70,59,0,False,False,True
2026-09-25 13:02:45,33.8,70,59,0,False,False,True
2026-09-25 13:02:47,33.8,70,59,0,False,False,True
2026-09-25 13:02:49,33.8,70,59,0,False,False,True
2026-09-25 13:02:51,33.8,70,58,0,False,False,True
2026-09-25 13:02:53,33.8,70,59,0,False,False,True
2026-09-25 13:02:55,33.8,70,59,0,False,False,True
2026-09-25 13:02:57,33.8,70,59,0,False,False,True
2026-09-25 13:02:59,33.8,70,59,0,False,False,True
2026-09-25 13:03:01,33.8,70,59,0,False,False,True
2026-09-25 13:03:03,33.8,70,63,0,False,False,True
2026-09-25 13:03:05,33.8,70,59,0,False,False,True
2026-09-25 13:03:07,33.8,70,59,0,False,False,True
2026-09-25 13:03:09,33.8,70,58,0,False,False,True
2026-09-25 13:03:11,33.8,70,60,0,False,False,True
2026-09-25 13:03:13,33.8,70,59,0,False,False,True
2026-09-25 13:03:15,33.8,70,59,0,False,False,True
2026-09-25 13:03:17,33.8,70,59,0,False,False,True
2026-09-25 13:03:19,33.8,70,59,0,False,False,True
2026-09-25 13:03:21,33.8,70,59,0,False,False,True
2026-09-25 13:03:23,33.8,70,59,0,False,False,True
2026-09-25 13:03:25,33.8,70,59,0,False,False,True
2026-09-25 13:03:27,33.8,70,59,0,False,False,True
2026-09-25 13:03:29,33.8,70,59,0,False,False,True
2026-09-25 13:03:31,33.8,70,59,0,False,False,True
2026-09-25 13:03:33,33.8,70,59,0,False,False,True
2026-09-25 13:03:35,33.8,70,59,0,False,False,True
2026-09-25 13:03:37,33.8,70,59,0,False,False,True
2026-09-25 13:03:39,33.8,70,59,0,False,False,True
2026-09-25 13:03:41,33.8,70,58,0,False,False,True
2026-09-25 13:03:43,33.8,70,59,0,False,False,True
2026-09-25 13:03:45,33.8,70,59,0,False,False,True
2026-09-25 13:03:47,33.8,70,59,0,False,False,True
2026-09-25 13:03:49,33.8,70,59,0,False,False,True
2026-09-25 13:03:51,33.8,70,59,0,False,False,True
2026-09-25 13:03:53,33.8,70,59,0,False,False,True
2026-09-25 13:03:55,33.8,70,60,0,False,False,True
2026-09-25 13:03:57,33.8,70,59,0,False,False,True
2026-09-25 13:03:59,33.8,70,59,0,False,False,True
2026-09-25 13:04:01,33.8,70,60,0,False,False,True
2026-09-25 13:04:03,33.8,70,59,0,False,False,True
2026-09-25 13:04:05,33.8,70,58,0,False,False,True
2026-09-25 13:04:07,33.8,70,58,0,False,False,True
2026-09-25 13:04:09,33.8,70,58,0,False,False,True
2026-09-25 13:04:11,33.8,70,59,0,False,False,True
2026-09-25 13:04:13,33.8,70,59,0,False,False,True
2026-09-25 13:04:15,33.8,70,59,0,False,False,True
2026-09-25 13:04:17,33.8,70,58,0,False,False,True
2026-09-25 13:04:19,33.8,70,59,0,False,False,True
2026-09-25 13:04:21,33.8,70,58,0,False,False,True
2026-09-25 13:04:23,33.8,70,58,0,False,False,True
2026-09-25 13:04:25,33.8,70,58,0,False,False,True
2026-09-25 13:04:27,33.8,70,58,0,False,False,True
2026-09-25 13:04:29,33.8,70,58,0,False,False,True
2026-09-25 13:04:31,33.8,70,58,0,False,False,True
2026-09-25 13:04:33,33.8,71,58,0,False,False,True
2026-09-25 13:04:35,33.8,71,58,0,False,False,True
2026-09-25 13:04:37,33.8,71,58,0,False,False,True
2026-09-25 13:04:39,33.8,71,58,0,False,False,True
2026-09-25 13:04:41,33.8,71,59,0,False,False,True
2026-09-25 13:04:43,33.8,71,57,0,False,False,True
2026-09-25 13:04:45,33.8,71,62,0,False,False,True
2026-09-25 13:04:47,33.7,70,59,0,False,False,True
2026-09-25 13:04:49,33.7,70,59,0,False,False,True
2026-09-25 13:04:51,33.4,71,60,0,False,False,True
2026-09-25 13:04:53,33.4,71,56,0,False,False,True
2026-09-25 13:04:55,33.4,71,55,0,False,False,True
2026-09-25 13:04:57,33.4,72,55,0,False,False,True
2026-09-25 13:04:59,33.6,72,73,0,False,False,True
2026-09-25 13:05:01,33.8,72,62,0,False,False,True
2026-09-25 13:05:03,33.8,72,70,0,False,False,True
2026-09-25 13:05:05,33.8,73,50,0,False,False,True
2026-09-25 13:05:07,33.8,74,49,0,False,False,True
2026-09-25 13:05:09,33.8,74,48,0,False,False,True
2026-09-25 13:05:11,33.8,74,48,0,False,False,True
2026-09-25 13:05:13,33.8,74,48,0,False,False,True
2026-09-25 13:05:15,33.8,74,47,0,False,False,True
2026-09-25 13:05:17,33.8,74,47,0,False,False,True
2026-09-25 13:05:19,33.8,74,47,0,False,False,True
2026-09-25 13:05:21,33.8,74,47,0,False,False,True
2026-09-25 13:05:23,33.8,74,47,0,False,False,True
2026-09-25 13:05:25,33.8,74,47,0,False,False,True
2026-09-25 13:05:27,33.8,74,47,0,False,False,True
2026-09-25 13:05:29,33.8,73,47,0,False,False,True
2026-09-25 13:05:31,33.8,74,48,0,False,False,True
2026-09-25 13:05:33,33.8,74,47,0,False,False,True
2026-09-25 13:05:35,33.8,74,47,0,False,False,True
2026-09-25 13:05:37,33.8,73,47,0,False,False,True
2026-09-25 13:05:39,33.8,73,47,0,False,False,True
2026-09-25 13:05:41,33.8,73,47,0,False,False,True
2026-09-25 13:05:43,33.8,73,47,0,False,False,True
2026-09-25 13:05:45,33.8,73,47,0,False,False,True
2026-09-25 13:05:47,33.8,73,47,0,False,False,True
2026-09-25 13:05:49,33.8,73,47,0,False,False,True
2026-09-25 13:05:51,33.8,73,47,0,False,False,True
2026-09-25 13:05:53,33.8,73,47,0,False,False,True
2026-09-25 13:05:55,34.2,73,46,0,False,False,True
2026-09-25 13:05:57,34.2,73,47,0,False,False,True
2026-09-25 13:05:59,34.2,73,47,0,False,False,True
2026-09-25 13:06:01,34.2,73,46,0,False,False,True
2026-09-25 13:06:03,34.2,73,48,0,False,False,True
2026-09-25 13:06:05,34.2,73,46,0,False,False,True
2026-09-25 13:06:07,34.2,73,46,0,False,False,True
2026-09-25 13:06:09,34.2,73,47,0,False,False,True
2026-09-25 13:06:11,34.2,73,46,0,False,False,True
2026-09-25 13:06:13,34.2,73,46,0,False,False,True
2026-09-25 13:06:15,34.2,72,46,0,False,False,True
2026-09-25 13:06:17,34.2,73,46,0,False,False,True
2026-09-25 13:06:19,34.2,73,47,0,False,False,True
2026-09-25 13:06:21,34.2,73,46,0,False,False,True
2026-09-25 13:06:23,34.2,73,48,0,False,False,True
2026-09-25 13:06:25,34.2,73,46,0,False,False,True
2026-09-25 13:06:27,34.2,73,46,0,False,False,True
2026-09-25 13:06:29,34.2,73,46,0,False,False,True
2026-09-25 13:06:31,34.2,73,47,0,False,False,True
2026-09-25 13:06:33,34.2,73,47,0,False,False,True
2026-09-25 13:06:35,34.2,73,46,0,False,False,True
2026-09-25 13:06:37,34.2,73,46,0,False,False,True
2026-09-25 13:06:39,34.2,73,46,0,False,False,True
2026-09-25 13:06:41,34.2,73,46,0,False,False,True
2026-09-25 13:06:43,34.2,73,46,0,False,False,True
2026-09-25 13:06:45,34.2,73,46,0,False,False,True
2026-09-25 13:06:47,34.2,73,46,0,False,False,True
2026-09-25 13:06:49,34.2,73,47,0,False,False,True
2026-09-25 13:06:51,34.2,73,46,0,False,False,True
2026-09-25 13:06:53,34.2,73,46,0,False,False,True
2026-09-25 13:06:55,34.2,73,46,0,False,False,True
2026-09-25 13:06:57,34.2,72,46,0,False,False,True
2026-09-25 13:06:59,34.2,72,46,0,False,False,True
2026-09-25 13:07:01,34.2,71,46,0,False,False,True
2026-09-25 13:07:03,34.2,71,46,0,False,False,True
2026-09-25 13:07:05,34.2,71,48,0,False,False,True
2026-09-25 13:07:07,34.2,71,46,0,False,False,True
2026-09-25 13:07:09,34.2,71,46,0,False,False,True
2026-09-25 13:07:11,34.2,71,46,0,False,False,True
2026-09-25 13:07:13,34.2,71,46,0,False,False,True
2026-09-25 13:07:15,34.2,71,46,0,False,False,True
2026-09-25 13:07:17,34.2,71,46,0,False,False,True
2026-09-25 13:07:19,34.2,70,46,0,False,False,True
2026-09-25 13:07:21,34.2,70,46,0,False,False,True
2026-09-25 13:07:23,34.4,70,46,0,False,False,True
2026-09-25 13:07:25,34.7,70,46,0,False,True,True
2026-09-25 13:07:27,34.7,70,46,0,False,False,True
2026-09-25 13:07:29,34.7,70,46,0,False,False,True
2026-09-25 13:07:31,34.7,70,46,0,False,False,True
2026-09-25 13:07:33,34.7,70,47,0,False,False,True
2026-09-25 13:07:35,34.7,70,46,0,False,False,True
2026-09-25 13:07:37,34.7,70,46,0,False,False,True
2026-09-25 13:07:39,34.7,70,48,0,False,False,True
2026-09-25 13:07:41,34.7,70,46,0,False,False,True
2026-09-25 13:07:43,34.7,70,46,0,False,False,True
2026-09-25 13:07:45,34.7,70,46,0,False,False,True
2026-09-25 13:07:47,34.7,70,46,0,True,False,True
2026-09-25 13:07:49,34.7,70,46,0,True,False,True
2026-09-25 13:07:51,34.7,70,46,0,False,False,True
2026-09-25 13:07:53,34.7,70,46,0,False,False,True
2026-09-25 13:07:55,34.7,70,46,0,False,False,True
2026-09-25 13:07:57,34.7,70,46,0,False,False,True
2026-09-25 13:07:59,34.7,70,46,0,False,False,True
2026-09-25 13:08:01,34.7,70,46,0,False,False,True
2026-09-25 13:08:03,34.7,70,46,0,False,False,True
2026-09-25 13:08:05,34.7,70,46,0,False,False,True
2026-09-25 13:08:07,34.7,70,46,0,False,False,True
2026-09-25 13:08:09,34.7,70,47,0,False,False,True
2026-09-25 13:08:11,34.7,70,46,0,False,False,True
2026-09-25 13:08:13,34.7,70,45,0,False,False,True
2026-09-25 13:08:15,34.7,70,47,0,False,False,True
2026-09-25 13:08:17,34.7,70,47,0,False,False,True
2026-09-25 13:08:19,34.6,70,47,0,False,False,True
2026-09-25 13:08:21,34.4,70,46,0,False,False,True
2026-09-25 13:08:23,34.3,70,47,0,False,False,True
2026-09-25 13:08:25,34.2,70,46,0,False,False,True
2026-09-25 13:08:27,34.2,70,46,0,False,False,True
2026-09-25 13:08:29,34.2,69,47,0,False,False,True
2026-09-25 13:08:31,34.2,69,46,0,False,False,True
2026-09-25 13:08:33,34.2,70,46,0,False,False,True
2026-09-25 13:08:35,34.2,69,47,0,False,False,True
2026-09-25 13:08:37,34.2,69,46,0,False,False,True
2026-09-25 13:08:39,34.2,69,47,0,False,False,True
2026-09-25 13:08:41,34.2,69,47,0,False,False,True
2026-09-25 13:08:43,34.2,69,47,0,False,False,True
2026-09-25 13:08:45,34.2,69,46,0,False,False,True
2026-09-25 13:08:47,34.2,69,46,0,False,False,True
2026-09-25 13:08:49,34.2,69,46,0,False,False,True
2026-09-25 13:08:51,34.2,69,46,0,False,False,True
2026-09-25 13:08:53,34.2,70,47,0,False,False,True
2026-09-25 13:08:55,34.2,70,46,0,False,False,True
2026-09-25 13:08:57,34.2,70,46,0,False,False,True
2026-09-25 13:08:59,34.2,70,45,0,False,False,True
2026-09-25 13:09:01,34.2,70,45,0,False,False,True
2026-09-25 13:09:03,34.2,70,46,0,False,False,True
2026-09-25 13:09:05,34.2,69,45,0,False,False,True
2026-09-25 13:09:07,34.2,69,46,0,False,False,True
2026-09-25 13:09:09,34.2,69,46,0,False,False,True
2026-09-25 13:09:11,34.2,69,46,0,False,False,True
2026-09-25 13:09:13,34.2,69,47,0,False,False,True
2026-09-25 13:09:15,34.2,69,47,0,False,False,True
2026-09-25 13:09:17,34.2,69,45,0,False,False,True
2026-09-25 13:09:19,34.2,70,45,0,False,False,True
2026-09-25 13:09:21,34.2,70,45,0,False,False,True
2026-09-25 13:09:23,34.2,70,46,0,False,False,True
2026-09-25 13:09:25,34.2,69,46,0,False,False,True
2026-09-25 13:09:27,34.2,70,45,0,False,False,True
2026-09-25 13:09:29,34.2,70,46,0,False,False,True
2026-09-25 13:09:31,34.2,70,47,0,False,False,True
2026-09-25 13:09:33,34.2,70,46,0,False,False,True
2026-09-25 13:09:35,34.2,70,46,0,False,False,True
2026-09-25 13:09:37,34.2,70,46,0,False,False,True
2026-09-25 13:09:39,34.2,70,47,0,False,False,True
2026-09-25 13:09:41,34.2,70,45,0,False,False,True
2026-09-25 13:09:43,34.2,70,46,0,False,False,True
2026-09-25 13:09:45,34.2,70,45,0,False,False,True
2026-09-25 13:09:47,34.2,70,47,0,False,False,True
2026-09-25 13:09:49,34.2,70,46,0,False,False,True
2026-09-25 13:09:51,34.2,70,46,0,False,False,True
2026-09-25 13:09:53,34.2,70,46,0,False,False,True
2026-09-25 13:09:55,34.2,70,45,0,False,False,True
2026-09-25 13:09:57,34.2,70,46,0,False,False,True
2026-09-25 13:09:59,34.2,70,46,0,False,False,True
2026-09-25 13:10:01,34.2,70,46,0,False,False,True
2026-09-25 13:10:03,34.2,70,45,0,False,False,True
2026-09-25 13:10:05,34.2,70,46,0,False,False,True
2026-09-25 13:10:07,34.2,70,45,0,False,False,True
2026-09-25 13:10:09,34.2,69,45,0,False,False,True
2026-09-25 13:10:11,34.2,70,47,0,False,False,True
2026-09-25 13:10:13,34.2,70,46,0,False,False,True
2026-09-25 13:10:15,34.2,70,46,0,False,False,True
2026-09-25 13:10:17,34.2,70,46,0,False,False,True
2026-09-25 13:10:19,34.2,70,46,0,False,False,True
2026-09-25 13:10:21,34.2,70,46,0,False,False,True
2026-09-25 13:10:23,34.2,70,46,0,False,False,True
2026-09-25 13:10:25,34.2,70,46,0,False,False,True
2026-09-25 13:10:27,34.2,70,46,0,False,False,True
2026-09-25 13:10:29,34.2,70,46,0,False,False,True
2026-09-25 13:10:31,34.2,70,46,0,False,False,True
2026-09-25 13:10:33,34.2,70,46,0,False,False,True
2026-09-25 13:10:35,ERR,ERR,ERR,ERR,False,False,True
2026-09-25 13:10:37,ERR,ERR,ERR,ERR,False,False,True
2026-09-25 13:10:39,ERR,ERR,ERR,ERR,False,False,True
2026-09-25 13:10:41,ERR,ERR,ERR,ERR,False,False,True
2026-09-25 13:10:43,ERR,ERR,ERR,ERR,False,False,True
2026-09-25 13:10:45,34.2,71,61,0,False,False,True
2026-09-25 13:10:47,34.2,71,61,0,False,False,True
2026-09-25 13:10:49,34.2,71,61,0,False,False,True
2026-09-25 13:10:51,34.2,71,61,0,False,False,True
2026-09-25 13:10:53,34.2,71,61,0,False,False,True
2026-09-25 13:10:55,34.2,71,61,0,False,False,True
2026-09-25 13:11:02,ERR,ERR,ERR,ERR,False,False,False
2026-09-25 13:11:04,ERR,ERR,ERR,ERR,False,False,False
2026-09-25 13:11:06,34.2,89,61,0,False,False,True
2026-09-25 13:11:08,34.2,91,61,0,False,False,True
2026-09-25 13:11:10,34.2,91,61,0,False,False,True
2026-09-25 13:11:12,34.2,91,61,0,False,False,True
2026-09-25 13:11:14,34.2,91,62,0,False,False,True
2026-09-25 13:11:16,34.2,93,61,0,False,False,True
2026-09-25 13:11:18,34.2,92,61,0,False,False,True
2026-09-25 13:11:20,34.2,92,61,0,False,False,True
2026-09-25 13:11:22,34.2,92,61,0,False,False,True
2026-09-25 13:11:24,34.2,92,62,0,False,False,True
2026-09-25 13:11:26,34.2,91,62,0,False,False,True
2026-09-25 13:11:28,34.1,91,61,0,False,False,True
2026-09-25 13:11:30,33.8,91,62,0,False,False,True
2026-09-25 13:11:32,33.8,91,64,0,False,False,True
2026-09-25 13:11:34,33.8,91,62,0,False,False,True
2026-09-25 13:11:36,33.8,91,62,0,False,False,True
2026-09-25 13:11:38,ERR,ERR,62,0,False,False,False
2026-09-25 13:11:40,33.8,93,62,0,False,False,True
2026-09-25 13:11:42,33.8,93,62,0,False,False,True
2026-09-25 13:11:44,33.8,93,62,0,False,False,True
2026-09-25 13:11:46,33.8,94,62,0,False,False,True
2026-09-25 13:11:48,33.8,93,62,0,False,False,True
2026-09-25 13:11:50,33.8,91,62,0,False,False,True
2026-09-25 13:11:52,ERR,ERR,62,0,False,False,False
2026-09-25 13:11:54,33.8,91,62,0,False,False,True
2026-09-25 13:11:56,ERR,ERR,63,0,False,False,False
2026-09-25 13:11:58,33.8,89,62,0,False,False,True
2026-09-25 13:12:00,33.8,89,62,0,False,False,True
2026-09-25 13:12:02,ERR,ERR,62,0,False,False,False
2026-09-25 13:12:04,ERR,ERR,62,0,False,False,False
2026-09-25 13:12:06,33.8,82,62,0,False,False,True
2026-09-25 13:12:08,ERR,ERR,62,0,False,False,False
2026-09-25 13:12:10,ERR,ERR,62,0,False,False,False
2026-09-25 13:12:12,ERR,ERR,62,0,False,False,False
2026-09-25 13:12:14,33.8,78,62,0,False,False,True
2026-09-25 13:12:16,33.8,76,65,0,False,False,True
2026-09-25 13:12:18,33.8,75,62,0,False,False,True
2026-09-25 13:12:20,33.8,74,62,0,False,False,True
2026-09-25 13:12:22,33.8,75,62,0,False,False,True
2026-09-25 13:12:24,33.8,74,62,0,False,False,True
2026-09-25 13:12:26,33.8,74,62,0,False,False,True
2026-09-25 13:12:28,33.8,74,66,0,False,False,True
2026-09-25 13:12:30,33.8,74,62,0,False,False,True
2026-09-25 13:12:32,33.8,74,65,0,False,False,True
2026-09-25 13:12:34,33.8,74,62,0,False,False,True
2026-09-25 13:12:36,33.8,74,62,0,False,False,True
2026-09-25 13:12:38,33.8,74,62,0,False,False,True
2026-09-25 13:12:40,33.8,74,62,0,False,False,True
2026-09-25 13:12:42,33.8,74,62,0,False,False,True
2026-09-25 13:12:44,33.8,73,62,0,False,False,True
2026-09-25 13:12:46,33.8,74,63,0,False,False,True
2026-09-25 13:12:48,33.8,74,62,0,False,False,True
2026-09-25 13:12:50,33.8,74,62,0,False,False,True
2026-09-25 13:12:52,33.8,74,62,0,False,False,True
2026-09-25 13:12:54,ERR,ERR,ERR,ERR,False,False,True
2026-09-25 13:12:56,33.8,74,64,0,False,False,True
2026-09-25 13:12:58,33.8,74,65,0,False,False,True
2026-09-25 13:13:00,33.8,74,63,0,False,False,True
2026-09-25 13:13:02,33.8,74,63,0,False,False,True
2026-09-25 13:13:04,33.8,74,65,0,False,False,True
2026-09-25 13:13:06,33.8,74,63,0,False,False,True
2026-09-25 13:13:08,33.8,74,63,0,False,False,True
2026-09-25 13:13:10,33.8,74,66,0,False,False,True
2026-09-25 13:13:12,33.8,74,65,0,False,False,True
2026-09-25 13:13:14,33.8,74,65,0,False,False,True
2026-09-25 13:13:16,33.8,74,63,0,False,False,True
2026-09-25 13:13:18,33.8,74,63,0,False,False,True
2026-09-25 13:13:20,ERR,ERR,63,0,False,False,False
2026-09-25 13:13:22,33.8,74,63,0,False,False,True
2026-09-25 13:13:24,33.8,74,63,0,False,False,True
2026-09-25 13:13:26,ERR,ERR,64,0,False,False,False
2026-09-25 13:13:28,33.8,74,63,0,False,False,True
2026-09-25 13:13:30,33.8,74,64,0,False,False,True
2026-09-25 13:13:32,33.8,74,63,0,False,False,True
2026-09-25 13:13:34,33.8,74,63,0,False,False,True
2026-09-25 13:13:36,33.8,74,63,0,False,False,True
2026-09-25 13:13:38,33.8,74,63,0,False,False,True
2026-09-25 13:13:40,33.8,74,64,0,False,False,True
2026-09-25 13:13:42,33.8,74,63,0,False,False,True
2026-09-25 13:13:44,33.8,74,63,0,False,False,True
2026-09-25 13:13:46,33.8,74,63,0,False,False,True
2026-09-25 13:13:48,33.8,74,63,0,False,False,True
2026-09-25 13:13:50,33.8,74,63,0,False,False,True
2026-09-25 13:13:52,33.8,74,63,0,False,False,True
2026-09-25 13:13:54,33.8,74,63,0,False,False,True
2026-09-25 13:13:56,33.8,74,63,0,False,False,True
2026-09-25 13:13:58,33.8,74,66,0,False,False,True
2026-09-25 13:14:00,33.8,74,63,0,False,False,True
2026-09-25 13:14:02,33.8,74,63,0,False,False,True
2026-09-25 13:14:04,33.8,74,64,0,False,False,True
2026-09-25 13:14:06,33.8,74,64,0,False,False,True
2026-09-25 13:14:08,33.8,74,64,0,False,False,True
2026-09-25 13:14:10,33.8,74,64,0,False,False,True
2026-09-25 13:14:12,ERR,ERR,64,0,False,False,False
2026-09-25 13:14:14,33.8,75,64,0,False,False,True
2026-09-25 13:14:16,33.8,74,63,0,False,False,True
2026-09-25 13:14:18,33.8,75,64,0,False,False,True
2026-09-25 13:14:20,33.8,74,64,0,False,False,True
2026-09-25 13:14:22,33.8,74,64,0,False,False,True
2026-09-25 13:14:24,33.8,74,67,0,False,False,True
2026-09-25 13:14:26,33.8,74,63,0,False,False,True
2026-09-25 13:14:28,33.7,74,66,0,False,False,True
2026-09-25 13:14:30,33.7,74,66,0,False,False,True
2026-09-25 13:14:32,33.3,74,64,0,False,False,True
2026-09-25 13:14:34,33.3,74,67,0,False,False,True
2026-09-25 13:14:36,33.3,74,63,0,False,False,True
2026-09-25 13:14:38,33.3,74,63,0,False,False,True
2026-09-25 13:14:40,33.3,74,63,0,False,False,True
2026-09-25 13:14:42,33.3,74,63,0,False,False,True
2026-09-25 13:14:44,33.3,74,64,0,False,False,True
2026-09-25 13:14:46,33.3,74,64,0,False,False,True
2026-09-25 13:14:48,33.3,74,63,0,False,False,True
2026-09-25 13:14:50,33.3,74,63,0,False,False,True
2026-09-25 13:14:52,33.3,74,63,0,False,False,True
2026-09-25 13:14:54,33.3,74,63,0,False,False,True
2026-09-25 13:14:56,33.3,74,63,0,False,False,True
2026-09-25 13:14:58,33.3,74,63,0,False,False,True
2026-09-25 13:15:00,33.3,74,64,0,False,False,True
2026-09-25 13:15:02,33.3,74,64,0,False,False,True
2026-09-25 13:15:04,33.3,75,47,0,False,False,True
2026-09-25 13:15:06,32.8,76,51,0,False,False,True
2026-09-25 13:15:08,32.8,76,51,0,False,False,True
2026-09-25 13:15:10,32.8,76,51,0,False,False,True
2026-09-25 13:15:12,32.8,76,51,0,False,False,True
2026-09-25 13:15:14,32.8,76,51,0,False,False,True
2026-09-25 13:15:16,32.8,76,50,0,False,False,True
2026-09-25 13:15:18,32.8,75,51,0,False,False,True
2026-09-25 13:15:20,32.8,75,51,0,False,False,True
2026-09-25 13:15:22,32.8,75,51,0,False,False,True
2026-09-25 13:15:24,32.8,76,51,0,False,False,True
2026-09-25 13:15:26,32.8,76,51,0,False,False,True
2026-09-25 13:15:28,32.8,76,54,0,False,False,True
2026-09-25 13:15:30,32.8,76,54,0,False,False,True
2026-09-25 13:15:32,32.8,77,50,0,False,False,True
2026-09-25 13:15:34,32.8,77,50,0,False,False,True
2026-09-25 13:15:36,32.8,77,50,0,False,False,True
2026-09-25 13:15:38,32.8,77,50,0,False,False,True
2026-09-25 13:15:40,32.8,77,50,0,False,False,True
2026-09-25 13:15:42,32.8,77,50,0,False,False,True
2026-09-25 13:15:44,32.8,77,50,0,False,False,True
2026-09-25 13:15:46,32.8,77,50,0,False,False,True
2026-09-25 13:15:48,32.8,77,50,0,False,False,True
2026-09-25 13:15:50,32.8,77,52,0,False,False,True
2026-09-25 13:15:52,32.8,78,51,0,False,False,True
2026-09-25 13:15:54,32.8,78,51,0,False,False,True
2026-09-25 13:15:56,ERR,ERR,51,0,False,False,False
2026-09-25 13:15:58,32.8,79,51,0,False,False,True
2026-09-25 13:16:00,32.8,78,51,0,False,False,True
2026-09-25 13:16:02,32.8,78,51,0,False,False,True
2026-09-25 13:16:04,32.8,78,50,0,False,False,True
2026-09-25 13:16:06,32.8,78,50,0,False,False,True
2026-09-25 13:16:08,32.8,78,53,0,False,False,True
2026-09-25 13:16:10,32.8,78,51,0,False,False,True
2026-09-25 13:16:12,32.8,78,51,0,False,False,True
2026-09-25 13:16:14,32.8,77,51,0,False,False,True
2026-09-25 13:16:16,32.8,77,50,0,False,False,True
2026-09-25 13:16:18,32.8,78,51,0,False,False,True
2026-09-25 13:16:20,32.8,77,51,0,False,False,True
2026-09-25 13:16:22,32.8,77,50,0,False,False,True
2026-09-25 13:16:24,32.8,77,51,0,False,False,True
2026-09-25 13:16:26,32.8,77,54,0,False,False,True
2026-09-25 13:16:28,32.8,77,50,0,False,False,True
2026-09-25 13:16:30,32.8,77,50,0,False,False,True
2026-09-25 13:16:32,32.8,77,51,0,False,False,True
2026-09-25 13:16:34,32.8,77,50,0,False,False,True
2026-09-25 13:16:36,32.8,77,50,0,False,False,True
2026-09-25 13:16:38,32.8,77,50,0,False,False,True
2026-09-25 13:16:40,32.8,77,50,0,False,False,True
2026-09-25 13:16:42,32.8,77,50,0,False,False,True
2026-09-25 13:16:44,32.8,77,51,0,False,False,True
2026-09-25 13:16:46,32.8,77,50,0,False,False,True
2026-09-25 13:16:48,32.8,78,50,0,False,False,True
2026-09-25 13:16:50,32.8,78,50,0,False,False,True
2026-09-25 13:16:52,32.8,77,50,0,False,False,True
2026-09-25 13:16:54,32.8,77,50,0,False,False,True
2026-09-25 13:16:56,32.8,77,51,0,False,False,True
2026-09-25 13:16:58,32.8,77,51,0,False,False,True
2026-09-25 13:17:00,32.8,77,50,0,False,False,True
2026-09-25 13:17:02,32.8,77,50,0,False,False,True
2026-09-25 13:17:04,32.8,76,50,0,False,False,True
2026-09-25 13:17:06,32.8,76,50,0,False,False,True
2026-09-25 13:17:08,32.8,76,50,0,False,False,True
2026-09-25 13:17:10,32.8,77,51,0,False,False,True
2026-09-25 13:17:12,32.8,77,50,0,False,False,True
2026-09-25 13:17:14,32.8,77,50,0,False,False,True
2026-09-25 13:17:16,32.8,77,50,0,False,False,True
2026-09-25 13:17:18,32.8,77,50,0,False,False,True
2026-09-25 13:17:20,32.8,77,50,0,False,False,True
2026-09-25 13:17:22,32.8,77,51,0,False,False,True
2026-09-25 13:17:24,32.8,77,51,0,False,False,True
2026-09-25 13:17:26,32.8,76,53,0,False,False,True
2026-09-25 13:17:28,32.8,77,50,0,False,False,True
2026-09-25 13:17:30,32.8,76,50,0,False,False,True
2026-09-25 13:17:32,32.8,77,50,0,False,False,True
2026-09-25 13:17:34,32.8,76,50,0,False,False,True
2026-09-25 13:17:36,32.8,76,50,0,False,False,True
2026-09-25 13:17:38,32.8,76,50,0,False,False,True
2026-09-25 13:17:41,32.8,76,53,0,False,False,True
2026-09-25 13:17:43,32.8,76,53,0,False,False,True
2026-09-25 13:17:45,32.8,76,53,0,False,False,True
2026-09-25 13:17:47,32.8,76,50,0,False,False,True
2026-09-25 13:17:49,32.8,76,51,0,False,False,True
2026-09-25 13:17:51,32.8,76,50,0,False,False,True
2026-09-25 13:17:53,32.8,76,51,0,False,False,True
2026-09-25 13:17:55,32.8,76,53,0,False,False,True
2026-09-25 13:17:57,32.8,76,51,0,False,False,True
2026-09-25 13:17:59,32.8,77,50,0,False,False,True
2026-09-25 13:18:01,32.8,76,50,0,False,False,True
2026-09-25 13:18:03,32.8,76,50,0,False,False,True
2026-09-25 13:18:05,32.8,76,51,0,False,False,True
2026-09-25 13:18:07,32.8,76,51,0,False,False,True
2026-09-25 13:18:09,32.8,76,51,0,False,False,True
2026-09-25 13:18:11,32.8,76,51,0,False,False,True
2026-09-25 13:18:13,32.8,77,50,0,False,False,True
2026-09-25 13:18:15,32.8,76,51,0,False,False,True
2026-09-25 13:18:17,32.8,76,51,0,False,False,True
2026-09-25 13:18:19,32.8,76,51,0,False,False,True
2026-09-25 13:18:21,32.8,76,50,0,False,False,True
2026-09-25 13:18:23,32.8,77,51,0,False,False,True
2026-09-25 13:18:25,32.9,76,53,0,False,False,True
2026-09-25 13:18:27,33,75,50,0,False,False,True
2026-09-25 13:18:29,33.2,76,52,0,False,False,True
2026-09-25 13:18:31,33.2,75,51,0,False,False,True
2026-09-25 13:18:33,33.2,75,53,0,False,False,True
2026-09-25 13:18:35,33.2,75,53,0,False,False,True
2026-09-25 13:18:37,33.3,75,50,0,False,False,True
2026-09-25 13:18:39,33.3,75,51,0,False,False,True
2026-09-25 13:18:41,33.3,75,51,0,False,False,True
2026-09-25 13:18:43,33.3,75,51,0,False,False,True
2026-09-25 13:18:45,33.3,75,51,0,False,False,True
2026-09-25 13:18:47,33.3,75,51,0,False,False,True
2026-09-25 13:18:49,33.3,75,50,0,False,False,True
2026-09-25 13:18:51,33.3,75,51,0,False,False,True
2026-09-25 13:18:53,33.3,75,50,0,False,False,True
2026-09-25 13:18:55,33.3,75,51,0,False,False,True
2026-09-25 13:18:57,33.3,75,50,0,False,False,True
2026-09-25 13:18:59,33.3,75,51,0,False,False,True
2026-09-25 13:19:01,33.3,75,51,0,False,False,True
2026-09-25 13:19:03,33.3,75,51,0,False,False,True
2026-09-25 13:19:05,33.3,75,51,0,False,False,True
2026-09-25 13:19:07,33.3,75,51,0,False,False,True
2026-09-25 13:19:09,33.3,75,51,0,False,False,True
2026-09-25 13:19:11,33.3,75,52,0,False,False,True
2026-09-25 13:19:13,33.3,75,51,0,False,False,True
2026-09-25 13:19:15,33.3,75,50,0,False,False,True
2026-09-25 13:19:17,33.3,75,50,0,False,False,True
2026-09-25 13:19:19,33.3,75,50,0,False,False,True
2026-09-25 13:19:21,33.3,75,50,0,False,False,True
2026-09-25 13:19:23,33.3,75,51,0,False,False,True
2026-09-25 13:19:25,33.3,75,54,0,False,False,True
2026-09-25 13:19:27,33.3,75,50,0,False,False,True
2026-09-25 13:19:29,33.3,75,50,0,False,False,True
2026-09-25 13:19:31,33.3,75,50,0,False,False,True
2026-09-25 13:19:33,ERR,ERR,ERR,ERR,False,False,True
2026-09-25 13:19:35,ERR,ERR,ERR,ERR,False,False,True
2026-09-25 13:19:37,33.3,76,50,0,False,False,True
2026-09-25 13:19:39,33.3,76,50,0,False,False,True
2026-09-25 13:19:41,33.3,75,50,0,False,False,True
2026-09-25 13:19:43,33.3,75,50,0,False,False,True
2026-09-25 13:19:45,33.3,75,50,0,False,False,True
2026-09-25 13:19:47,33.3,75,50,0,False,False,True
2026-09-25 13:19:49,33.3,75,50,0,False,False,True
2026-09-25 13:19:51,33.3,75,50,0,False,False,True
2026-09-25 13:19:53,33.3,75,50,0,False,False,True
2026-09-25 13:19:55,33.3,75,50,0,False,False,True
2026-09-25 13:19:57,33.3,75,50,0,False,False,True
2026-09-25 13:19:59,33.3,75,50,0,False,False,True
2026-09-25 13:20:01,33.3,75,49,0,False,False,True
2026-09-25 13:20:03,33.3,75,50,0,False,False,True
2026-09-25 13:20:05,33.3,75,50,0,False,False,True
2026-09-25 13:20:07,33.3,75,49,0,False,False,True
2026-09-25 13:20:09,33.3,75,50,0,False,False,True
2026-09-25 13:20:11,33.3,75,53,0,False,False,True
2026-09-25 13:20:13,33.3,75,53,0,False,False,True
2026-09-25 13:20:15,33.3,75,53,0,False,False,True
2026-09-25 13:20:17,33.3,75,49,0,False,False,True
2026-09-25 13:20:19,33.3,75,50,0,False,False,True
2026-09-25 13:20:21,33.3,75,53,0,False,False,True
2026-09-25 13:20:23,33.3,75,53,0,False,False,True
2026-09-25 13:20:25,33.3,75,49,0,False,False,True
2026-09-25 13:20:27,33.3,75,50,0,False,False,True
2026-09-25 13:20:29,33.3,75,52,0,False,False,True
2026-09-25 13:20:31,33.3,75,49,0,False,False,True
2026-09-25 13:20:33,33.3,75,49,0,False,False,True
2026-09-25 13:20:35,33.3,75,49,0,False,False,True
2026-09-25 13:20:37,33.3,75,53,0,False,False,True
2026-09-25 13:20:39,33.3,75,53,0,False,False,True
2026-09-25 13:20:41,33.3,75,53,0,False,False,True
2026-09-25 13:20:43,33.3,74,49,0,False,False,True
2026-09-25 13:20:45,33.3,75,49,0,False,False,True
2026-09-25 13:20:47,33.3,74,49,0,False,False,True
2026-09-25 13:20:49,33.3,74,50,0,False,False,True
2026-09-25 13:20:51,33.3,75,49,0,False,False,True
2026-09-25 13:20:53,33.3,75,49,0,False,False,True
2026-09-25 13:20:55,33.3,75,49,0,False,False,True
2026-09-25 13:20:57,33.3,75,50,0,False,False,True
2026-09-25 13:20:59,33.3,75,49,0,False,False,True
2026-09-25 13:21:01,33.3,75,49,0,False,False,True
2026-09-25 13:21:03,33.3,74,52,0,False,False,True
2026-09-25 13:21:05,33.3,75,50,0,False,False,True
2026-09-25 13:21:07,33.3,74,49,0,False,False,True
2026-09-25 13:21:09,33.3,74,49,0,False,False,True
2026-09-25 13:21:11,33.3,74,49,0,False,False,True
2026-09-25 13:21:13,33.3,75,49,0,False,False,True
2026-09-25 13:21:15,33.3,74,49,0,False,False,True
2026-09-25 13:21:17,33.3,74,49,0,False,False,True
2026-09-25 13:21:19,33.3,74,49,0,False,False,True
2026-09-25 13:21:21,33.3,74,49,0,False,False,True
2026-09-25 13:21:23,33.3,74,49,0,False,False,True
2026-09-25 13:21:25,33.3,75,49,0,False,False,True
2026-09-25 13:21:27,33.3,76,52,0,False,False,True
2026-09-25 13:21:29,33.3,75,49,0,False,False,True
2026-09-25 13:21:31,33.3,75,49,0,False,False,True
2026-09-25 13:21:33,33.3,75,49,0,False,False,True
2026-09-25 13:21:35,33.3,75,49,0,False,False,True
2026-09-25 13:21:37,33.4,75,48,0,False,False,True
2026-09-25 13:21:39,33.4,75,52,0,False,False,True
2026-09-25 13:21:41,33.4,75,49,0,False,False,True
2026-09-25 13:21:43,33.4,75,49,0,False,False,True
2026-09-25 13:21:45,33.6,75,49,0,False,False,True
2026-09-25 13:21:47,33.6,74,49,0,False,False,True
2026-09-25 13:21:49,33.6,75,52,0,False,False,True
2026-09-25 13:21:51,33.7,74,49,0,False,False,True
2026-09-25 13:21:53,33.7,75,49,0,False,False,True
2026-09-25 13:21:55,33.7,74,49,0,False,False,True
2026-09-25 13:21:57,33.8,74,48,0,False,False,True
2026-09-25 13:21:59,33.8,74,49,0,False,False,True
2026-09-25 13:22:01,33.8,75,49,0,False,False,True
2026-09-25 13:22:03,ERR,ERR,49,0,False,False,False
2026-09-25 13:22:05,33.8,75,49,0,False,False,True
2026-09-25 13:22:07,33.8,74,51,0,False,False,True
2026-09-25 13:22:09,33.8,74,48,0,False,False,True
2026-09-25 13:22:11,33.8,75,48,0,False,False,True
2026-09-25 13:22:13,33.8,75,49,0,False,False,True
2026-09-25 13:22:15,33.8,75,49,0,False,False,True
2026-09-25 13:22:17,33.8,75,49,0,False,False,True
2026-09-25 13:22:19,33.8,75,52,0,False,False,True
2026-09-25 13:22:21,33.8,74,49,0,False,False,True
2026-09-25 13:22:23,33.8,74,48,0,False,False,True
2026-09-25 13:22:25,33.8,74,49,0,False,False,True
2026-09-25 13:22:27,33.8,74,48,0,False,False,True
2026-09-25 13:22:29,33.8,74,48,0,False,False,True
2026-09-25 13:22:31,33.8,75,48,0,False,False,True
2026-09-25 13:22:33,33.8,74,49,0,False,False,True
2026-09-25 13:22:35,33.8,74,48,0,False,False,True
2026-09-25 13:22:37,33.8,74,48,0,False,False,True
2026-09-25 13:22:39,33.8,74,48,0,False,False,True
2026-09-25 13:22:41,33.8,75,51,0,False,False,True
2026-09-25 13:22:43,33.8,74,48,0,False,False,True
2026-09-25 13:22:45,33.8,74,48,0,False,False,True
2026-09-25 13:22:47,33.8,74,48,0,False,False,True
2026-09-25 13:22:49,33.8,74,48,0,False,False,True
2026-09-25 13:22:51,33.8,74,48,0,False,False,True
2026-09-25 13:22:53,33.8,74,48,0,False,False,True
2026-09-25 13:22:55,33.8,74,48,0,False,False,True
2026-09-25 13:22:57,33.8,74,48,0,False,False,True
2026-09-25 13:22:59,33.8,74,48,0,False,False,True
2026-09-25 13:23:01,33.8,74,48,0,False,False,True
2026-09-25 13:23:03,33.8,74,49,0,False,False,True
2026-09-25 13:23:05,33.8,74,48,0,False,False,True
2026-09-25 13:23:07,33.8,74,51,0,False,False,True
2026-09-25 13:23:09,33.8,74,51,0,False,False,True
2026-09-25 13:23:11,33.8,74,48,0,False,False,True
2026-09-25 13:23:13,33.8,74,48,0,False,False,True
2026-09-25 13:23:15,33.8,74,48,0,False,False,True
2026-09-25 13:23:17,33.8,74,48,0,False,False,True
2026-09-25 13:23:19,33.8,74,48,0,False,False,True
2026-09-25 13:23:21,33.8,74,48,0,False,False,True
2026-09-25 13:23:23,33.8,74,48,0,False,False,True
2026-09-25 13:23:25,33.8,74,48,0,False,False,True
2026-09-25 13:23:27,33.8,74,48,0,False,False,True
2026-09-25 13:23:29,33.8,74,48,0,False,False,True
2026-09-25 13:23:31,33.8,74,51,0,False,False,True
2026-09-25 13:23:33,33.8,74,48,0,False,False,True
2026-09-25 13:23:35,33.8,74,48,0,False,False,True
2026-09-25 13:23:37,33.8,74,48,0,False,False,True
2026-09-25 13:23:39,33.8,74,48,0,False,False,True
2026-09-25 13:23:41,33.8,74,48,0,False,False,True
2026-09-25 13:23:43,33.8,74,48,0,False,False,True
2026-09-25 13:23:45,33.8,74,48,0,False,False,True
2026-09-25 13:23:47,33.8,74,48,0,False,False,True
2026-09-25 13:23:49,33.8,74,51,0,False,False,True
2026-09-25 13:23:51,33.8,74,48,0,False,False,True
2026-09-25 13:23:53,33.8,74,48,0,False,False,True
2026-09-25 13:23:55,33.8,74,48,0,False,False,True
2026-09-25 13:23:57,33.8,74,48,0,False,False,True
2026-09-25 13:23:59,33.8,74,47,0,False,False,True
2026-09-25 13:24:01,33.8,74,47,0,False,False,True
2026-09-25 13:24:03,33.8,74,47,0,False,False,True
2026-09-25 13:24:05,33.8,74,48,0,False,False,True
2026-09-25 13:24:07,33.8,74,48,0,False,False,True
2026-09-25 13:24:09,33.8,74,48,0,False,False,True
2026-09-25 13:24:11,33.8,74,48,0,False,False,True
2026-09-25 13:24:13,33.8,74,48,0,False,False,True
2026-09-25 13:24:15,33.8,74,48,0,False,False,True
2026-09-25 13:24:17,33.8,74,48,0,False,False,True
2026-09-25 13:24:19,33.8,74,47,0,False,False,True
2026-09-25 13:24:21,33.8,74,47,0,False,False,True
2026-09-25 13:24:23,33.8,74,47,0,False,False,True
2026-09-25 13:24:25,33.8,74,47,0,False,False,True
2026-09-25 13:24:27,33.8,74,48,0,False,False,True
2026-09-25 13:24:29,33.8,74,48,0,False,False,True
2026-09-25 13:24:31,33.8,74,48,0,False,False,True
2026-09-25 13:24:33,33.8,74,51,0,False,False,True
2026-09-25 13:24:35,33.8,74,47,0,False,False,True
2026-09-25 13:24:37,33.8,74,48,0,False,False,True
2026-09-25 13:24:39,33.8,74,47,0,False,False,True
2026-09-25 13:24:41,33.8,74,48,0,False,False,True
2026-09-25 13:24:43,33.8,74,48,0,False,False,True
2026-09-25 13:24:45,33.8,74,51,0,False,False,True
2026-09-25 13:24:47,33.8,74,51,0,False,False,True
2026-09-25 13:24:49,33.8,74,47,0,False,False,True
2026-09-25 13:24:51,33.8,74,47,0,False,False,True
2026-09-25 13:24:53,33.8,74,48,0,False,False,True
2026-09-25 13:24:55,33.8,74,47,0,False,False,True
2026-09-25 13:24:57,33.8,74,47,0,False,False,True
2026-09-25 13:24:59,33.8,74,48,0,False,False,True
2026-09-25 13:25:01,33.8,74,47,0,False,False,True
2026-09-25 13:25:03,33.8,74,47,0,False,False,True
2026-09-25 13:25:05,33.8,74,47,0,False,False,True
2026-09-25 13:25:07,33.8,74,47,0,False,False,True
2026-09-25 13:25:09,33.8,74,51,0,False,False,True
2026-09-25 13:25:11,33.8,74,47,0,False,False,True
2026-09-25 13:25:13,33.8,74,47,0,False,False,True
2026-09-25 13:25:15,33.8,74,48,0,False,False,True
2026-09-25 13:25:17,33.8,74,47,0,False,False,True
2026-09-25 13:25:19,33.8,74,48,0,False,False,True
2026-09-25 13:25:21,33.8,74,47,0,False,False,True
2026-09-25 13:25:23,33.8,74,50,0,False,False,True
2026-09-25 13:25:25,33.8,74,51,0,False,False,True
2026-09-25 13:25:27,33.8,74,47,0,False,False,True
2026-09-25 13:25:29,33.8,74,51,0,False,False,True
2026-09-25 13:25:31,33.8,74,47,0,False,False,True
2026-09-25 13:25:33,33.8,74,47,0,False,False,True
2026-09-25 13:25:35,33.8,74,47,0,False,False,True
2026-09-25 13:25:37,33.8,74,47,0,False,False,True
2026-09-25 13:25:39,33.8,74,47,0,False,False,True
2026-09-25 13:25:41,33.8,74,47,0,False,False,True
2026-09-25 13:25:43,33.8,74,47,0,False,False,True
2026-09-25 13:25:45,33.8,74,47,0,False,False,True
2026-09-25 13:25:47,33.8,74,47,0,False,False,True
2026-09-25 13:25:49,33.8,74,48,0,False,False,True
2026-09-25 13:25:51,33.8,74,47,0,False,False,True
2026-09-25 13:25:53,33.8,74,47,0,False,False,True
2026-09-25 13:25:55,33.9,74,47,0,False,False,True
2026-09-25 13:25:57,34.1,74,47,0,False,False,True
2026-09-25 13:25:59,34.2,74,47,0,False,False,True
2026-09-25 13:26:01,34.2,74,47,0,False,False,True
2026-09-25 13:26:03,34.2,74,47,0,False,False,True
2026-09-25 13:26:05,34.2,74,47,0,False,False,True
2026-09-25 13:26:07,34.2,74,47,0,False,False,True
2026-09-25 13:26:09,34.2,74,47,0,False,False,True
2026-09-25 13:26:11,34.2,74,47,0,False,False,True
2026-09-25 13:26:13,34.2,74,47,0,False,False,True
2026-09-25 13:26:15,34.2,74,47,0,False,False,True
2026-09-25 13:26:17,34.2,74,47,0,False,False,True
2026-09-25 13:26:19,34.2,74,48,0,False,False,True
2026-09-25 13:26:21,34.2,74,47,0,False,False,True
2026-09-25 13:26:23,34.2,74,47,0,False,False,True
2026-09-25 13:26:25,34.2,74,47,0,False,False,True
2026-09-25 13:26:27,34.2,74,50,0,False,False,True
2026-09-25 13:26:29,34.2,74,47,0,False,False,True
2026-09-25 13:26:31,34.2,74,47,0,False,False,True
2026-09-25 13:26:33,34.2,74,48,0,False,False,True
2026-09-25 13:26:35,34.2,74,47,0,False,False,True
2026-09-25 13:26:37,34.2,74,47,0,False,False,True
2026-09-25 13:26:39,34.2,74,47,0,False,False,True
2026-09-25 13:26:41,34.2,74,47,0,False,False,True
2026-09-25 13:26:43,34.2,74,47,0,False,False,True
2026-09-25 13:26:45,34.2,74,47,0,False,False,True
2026-09-25 13:26:47,34.2,74,47,0,False,False,True
2026-09-25 13:26:49,34.2,74,47,0,False,False,True
2026-09-25 13:26:51,34.2,74,50,0,False,False,True
2026-09-25 13:26:53,34.2,74,47,0,False,False,True
2026-09-25 13:26:55,34.2,74,47,0,False,False,True
2026-09-25 13:26:57,34.2,74,47,0,False,False,True
2026-09-25 13:26:59,34.2,74,47,0,False,False,True
2026-09-25 13:27:01,34.2,74,47,0,False,False,True
2026-09-25 13:27:03,34.2,74,47,0,False,False,True
2026-09-25 13:27:05,34.2,74,47,0,False,False,True
2026-09-25 13:27:07,34.2,74,47,0,False,False,True
2026-09-25 13:27:09,34.2,74,47,0,False,False,True
2026-09-25 13:27:11,34.2,74,50,0,False,False,True
2026-09-25 13:27:13,34.2,74,47,0,False,False,True
2026-09-25 13:27:15,34.2,74,47,0,False,False,True
2026-09-25 13:27:17,34.2,74,47,0,False,False,True
2026-09-25 13:27:19,34.2,74,47,0,False,False,True
2026-09-25 13:27:21,34.2,74,47,0,False,False,True
2026-09-25 13:27:23,34.2,74,50,0,False,False,True
2026-09-25 13:27:25,34.2,74,47,0,False,False,True
2026-09-25 13:27:27,34.2,74,47,0,False,False,True
2026-09-25 13:27:29,34.2,74,47,0,False,False,True
2026-09-25 13:27:31,34.2,74,47,0,False,False,True
2026-09-25 13:27:33,34.2,74,47,0,False,False,True
2026-09-25 13:27:35,34.2,74,47,0,False,False,True
2026-09-25 13:27:37,34.2,74,47,0,False,False,True
2026-09-25 13:27:39,34.2,74,47,0,False,False,True
2026-09-25 13:27:41,34.2,74,47,0,False,False,True
2026-09-25 13:27:43,34.2,74,50,0,False,False,True
2026-09-25 13:27:45,34.2,74,47,0,False,False,True
2026-09-25 13:27:47,34.2,74,46,0,False,False,True
2026-09-25 13:27:49,34.2,74,47,0,False,False,True
2026-09-25 13:27:51,34.2,74,47,0,False,False,True
2026-09-25 13:27:53,34.2,74,47,0,False,False,True
2026-09-25 13:27:55,34.2,74,47,0,False,False,True
2026-09-25 13:27:57,34.2,74,47,0,False,False,True
2026-09-25 13:27:59,34.2,74,47,0,False,False,True
2026-09-25 13:28:01,34.2,74,47,0,False,False,True
2026-09-25 13:28:03,34.2,74,47,0,False,False,True
2026-09-25 13:28:05,34.2,74,47,0,False,False,True
2026-09-25 13:28:07,34.2,74,47,0,False,False,True
2026-09-25 13:28:09,34.2,74,47,0,False,False,True
2026-09-25 13:28:11,34.2,74,47,0,False,False,True
2026-09-25 13:28:13,34.2,74,46,0,False,False,True
2026-09-25 13:28:15,34.2,74,46,0,False,False,True
2026-09-25 13:28:17,34.2,74,46,0,False,False,True
2026-09-25 13:28:19,34.2,74,46,0,False,False,True
2026-09-25 13:28:21,34.2,74,46,0,False,False,True
2026-09-25 13:28:23,34.2,74,50,0,False,False,True
2026-09-25 13:28:25,34.2,74,47,0,False,False,True
2026-09-25 13:28:27,34.2,74,47,0,False,False,True
2026-09-25 13:28:29,34.2,74,50,0,False,False,True
2026-09-25 13:28:31,34.2,74,47,0,False,False,True
2026-09-25 13:28:33,34.2,74,46,0,False,False,True
2026-09-25 13:28:35,34.2,74,46,0,False,False,True
2026-09-25 13:28:37,34.2,74,47,0,False,False,True
2026-09-25 13:28:39,34.2,74,47,0,False,False,True
2026-09-25 13:28:41,34.2,74,46,0,False,False,True
2026-09-25 13:28:43,34.2,74,46,0,False,False,True
2026-09-25 13:28:45,34.2,74,46,0,False,False,True
2026-09-25 13:28:47,34.2,74,47,0,False,False,True
2026-09-25 13:28:49,34.2,74,47,0,False,False,True
2026-09-25 13:28:51,34.2,74,46,0,False,False,True
2026-09-25 13:28:53,34.2,74,47,0,False,False,True
2026-09-25 13:28:55,34.2,74,47,0,False,False,True
2026-09-25 13:28:57,34.2,74,46,0,False,False,True
2026-09-25 13:28:59,34.2,74,46,0,False,False,True
2026-09-25 13:29:01,34.2,74,47,0,False,False,True
2026-09-25 13:29:03,34.2,74,47,0,False,False,True
2026-09-25 13:29:05,34.2,74,47,0,False,False,True
2026-09-25 13:29:08,34.2,74,47,0,False,False,True
2026-09-25 13:29:10,34.2,74,50,0,False,False,True
2026-09-25 13:29:12,34.2,74,46,0,False,False,True
2026-09-25 13:29:14,34.2,74,46,0,False,False,True
2026-09-25 13:29:16,34.2,74,47,0,False,False,True
2026-09-25 13:29:18,34.2,74,46,0,False,False,True
2026-09-25 13:29:20,34.2,74,46,0,False,False,True
2026-09-25 13:29:22,34.2,74,46,0,False,False,True
2026-09-25 13:29:24,34.2,74,47,0,False,False,True
2026-09-25 13:29:26,34.2,74,46,0,False,False,True
2026-09-25 13:29:28,34.2,74,46,0,False,False,True
2026-09-25 13:29:30,34.2,74,46,0,False,False,True
2026-09-25 13:29:32,34.2,74,47,0,False,False,True
2026-09-25 13:29:34,34.2,74,47,0,False,False,True
2026-09-25 13:29:36,34.2,74,47,0,False,False,True
2026-09-25 13:29:38,34.2,74,46,0,False,False,True
2026-09-25 13:29:40,34.2,74,46,0,False,False,True
2026-09-25 13:29:42,34.2,74,46,0,False,False,True
2026-09-25 13:29:44,34.2,74,47,0,False,False,True
2026-09-25 13:29:46,34.2,74,46,0,False,False,True
2026-09-25 13:29:48,34.2,74,46,0,False,False,True
2026-09-25 13:29:50,34.2,74,46,0,False,False,True
2026-09-25 13:29:52,34.2,74,50,0,False,False,True
2026-09-25 13:29:54,34.2,74,46,0,False,False,True
2026-09-25 13:29:56,34.2,74,46,0,False,False,True
2026-09-25 13:29:58,34.2,74,46,0,False,False,True
2026-09-25 13:30:00,34.2,74,46,0,False,False,True
2026-09-25 13:30:02,34.2,74,47,0,False,False,True
2026-09-25 13:30:04,34.2,74,46,0,False,False,True
2026-09-25 13:30:06,34.2,74,46,0,False,False,True
2026-09-25 13:30:08,34.2,74,47,0,False,False,True
2026-09-25 13:30:10,34.2,74,46,0,False,False,True
2026-09-25 13:30:12,34.2,74,47,0,False,False,True
2026-09-25 13:30:14,34.2,74,46,0,False,False,True
2026-09-25 13:30:16,34.2,74,46,0,False,False,True
2026-09-25 13:30:18,34.2,74,46,0,False,False,True
2026-09-25 13:30:20,34.2,74,46,0,False,False,True
2026-09-25 13:30:22,34.2,74,46,0,False,False,True
2026-09-25 13:30:24,34.2,74,46,0,False,False,True
2026-09-25 13:30:26,34.2,74,46,0,False,False,True
2026-09-25 13:30:28,34.2,74,46,0,False,False,True
2026-09-25 13:30:30,34.2,74,50,0,False,False,True
2026-09-25 13:30:32,34.2,74,49,0,False,False,True
2026-09-25 13:30:34,34.2,74,49,0,False,False,True
2026-09-25 13:30:36,34.2,74,46,0,False,False,True
2026-09-25 13:30:38,34.2,74,46,0,False,False,True
2026-09-25 13:30:40,34.2,74,46,0,False,False,True
2026-09-25 13:30:42,34.2,74,46,0,False,False,True
2026-09-25 13:30:44,34.2,74,49,0,False,False,True
2026-09-25 13:30:46,34.2,74,46,0,False,False,True
2026-09-25 13:30:48,34.2,74,46,0,False,False,True
2026-09-25 13:30:50,34.2,74,46,0,False,False,True
2026-09-25 13:30:52,34.2,74,46,0,False,False,True
2026-09-25 13:30:54,34.2,74,46,0,False,False,True
2026-09-25 13:30:56,34.2,74,46,0,False,False,True
2026-09-25 13:30:58,34.2,74,46,0,False,False,True
2026-09-25 13:31:00,34.2,74,47,0,False,False,True
2026-09-25 13:31:02,34.2,74,46,0,False,False,True
2026-09-25 13:31:04,34.2,74,46,0,False,False,True
2026-09-25 13:31:06,34.2,74,46,0,False,False,True
2026-09-25 13:31:08,34.2,74,46,0,False,False,True
2026-09-25 13:31:10,34.2,74,46,0,False,False,True
2026-09-25 13:31:12,34.2,74,46,0,False,False,True
2026-09-25 13:31:14,34.2,74,46,0,False,False,True
2026-09-25 13:31:16,34.2,74,46,0,False,False,True
2026-09-25 13:31:18,34.2,74,46,0,False,False,True
2026-09-25 13:31:20,34.2,74,46,0,False,False,True
2026-09-25 13:31:22,34.2,74,46,0,False,False,True
2026-09-25 13:31:24,34.2,74,47,0,False,False,True
2026-09-25 13:31:26,34.2,74,46,0,False,False,True
2026-09-25 13:31:28,34.2,74,46,0,False,False,True
2026-09-25 13:31:30,34.2,74,47,0,False,False,True
2026-09-25 13:31:32,34.2,74,46,0,False,False,True
2026-09-25 13:31:34,34.2,74,46,0,False,False,True
2026-09-25 13:31:36,34.2,74,46,0,False,False,True
2026-09-25 13:31:38,34.2,74,46,0,False,False,True
2026-09-25 13:31:40,34.2,74,49,0,False,False,True
2026-09-25 13:31:42,34.2,74,46,0,False,False,True
2026-09-25 13:31:44,34.2,74,50,0,False,False,True
2026-09-25 13:31:46,34.2,74,49,0,False,False,True
2026-09-25 13:31:48,34.2,74,46,0,False,False,True
2026-09-25 13:31:50,34.2,74,49,0,False,False,True
2026-09-25 13:31:52,34.2,74,46,0,False,False,True
2026-09-25 13:31:54,34.2,74,46,0,False,False,True
2026-09-25 13:31:56,34.2,74,46,0,False,False,True
2026-09-25 13:31:58,34.2,74,46,0,False,False,True
2026-09-25 13:32:00,34.2,74,46,0,False,False,True
2026-09-25 13:32:02,34.2,74,46,0,False,False,True
2026-09-25 13:32:04,34.3,74,46,0,False,False,True
2026-09-25 13:32:06,34.3,74,46,0,False,False,True
2026-09-25 13:32:08,34.3,74,46,0,False,False,True
2026-09-25 13:32:10,34.3,74,45,0,False,False,True
2026-09-25 13:32:12,34.4,74,47,0,False,False,True
2026-09-25 13:32:14,34.5,74,46,0,False,False,True
2026-09-25 13:32:16,34.6,74,46,0,False,False,True
2026-09-25 13:32:18,34.6,74,49,0,False,False,True
2026-09-25 13:32:20,34.6,74,46,0,False,False,True
2026-09-25 13:32:22,34.6,74,46,0,False,False,True
2026-09-25 13:32:24,34.6,74,46,0,False,False,True
2026-09-25 13:32:26,34.6,74,46,0,False,False,True
2026-09-25 13:32:28,34.6,74,46,0,False,False,True
2026-09-25 13:32:30,34.6,74,49,0,False,False,True
2026-09-25 13:32:32,34.6,74,46,0,False,False,True
2026-09-25 13:32:34,34.6,74,46,0,False,False,True
2026-09-25 13:32:36,34.6,74,49,0,False,False,True
2026-09-25 13:32:38,34.6,74,49,0,False,False,True
2026-09-25 13:32:40,34.6,74,46,0,False,False,True
2026-09-25 13:32:42,34.7,74,46,0,False,False,True
2026-09-25 13:32:44,34.7,74,49,0,False,False,True
2026-09-25 13:32:46,34.7,74,46,0,False,False,True
2026-09-25 13:32:48,34.7,74,46,0,False,False,True
2026-09-25 13:32:50,34.7,74,49,0,False,False,True
2026-09-25 13:32:52,34.7,74,45,0,False,False,True
2026-09-25 13:32:54,34.7,74,46,0,False,False,True
2026-09-25 13:32:56,34.7,74,46,0,False,False,True
2026-09-25 13:32:58,34.7,74,48,0,False,False,True
2026-09-25 13:33:00,34.7,74,46,0,False,False,True
2026-09-25 13:33:02,34.7,74,49,0,False,False,True
2026-09-25 13:33:04,34.7,74,46,0,False,False,True
2026-09-25 13:33:06,34.7,74,46,0,False,False,True
2026-09-25 13:33:08,34.7,74,49,0,False,False,True
2026-09-25 13:33:10,34.7,74,46,0,False,False,True
2026-09-25 13:33:12,34.7,74,46,0,False,False,True
2026-09-25 13:33:14,34.7,74,49,0,False,False,True
2026-09-25 13:33:16,34.7,74,46,0,False,False,True
2026-09-25 13:33:18,34.7,74,46,0,False,False,True
2026-09-25 13:33:20,34.7,74,46,0,False,False,True
2026-09-25 13:33:22,34.7,74,47,0,False,False,True
2026-09-25 13:33:24,34.7,74,46,0,False,False,True
2026-09-25 13:33:26,34.7,74,46,0,False,False,True
2026-09-25 13:33:28,34.7,74,48,0,False,False,True
2026-09-25 13:33:30,34.7,74,46,0,False,False,True
2026-09-25 13:33:32,34.7,74,46,0,False,False,True
2026-09-25 13:33:34,34.7,74,46,0,False,False,True
2026-09-25 13:33:36,34.7,74,46,0,False,False,True
2026-09-25 13:33:38,34.7,74,49,0,False,False,True
2026-09-25 13:33:40,34.7,74,46,0,False,False,True
2026-09-25 13:33:42,34.7,74,46,0,False,False,True
2026-09-25 13:33:44,34.7,74,46,0,False,False,True
2026-09-25 13:33:46,34.7,73,46,0,False,False,True
2026-09-25 13:33:48,34.7,73,46,0,False,False,True
2026-09-25 13:33:50,34.7,73,45,0,False,False,True
2026-09-25 13:33:52,34.7,73,46,0,False,False,True
2026-09-25 13:33:54,34.7,73,45,0,False,False,True
2026-09-25 13:33:56,34.7,73,45,0,False,False,True
2026-09-25 13:33:58,34.7,74,49,0,False,False,True
2026-09-25 13:34:00,34.7,73,46,0,False,False,True
2026-09-25 13:34:02,34.7,73,46,0,False,False,True
2026-09-25 13:34:04,34.7,73,47,0,False,False,True
2026-09-25 13:34:06,34.7,73,46,0,False,False,True
2026-09-25 13:34:08,34.7,73,46,0,False,False,True
2026-09-25 13:34:10,34.7,73,46,0,False,False,True
2026-09-25 13:34:12,34.7,74,46,0,False,False,True
2026-09-25 13:34:14,34.7,73,46,0,False,False,True
2026-09-25 13:34:16,34.7,73,46,0,False,False,True
2026-09-25 13:34:18,34.7,73,46,0,False,False,True
2026-09-25 13:34:20,34.7,73,46,0,False,False,True
2026-09-25 13:34:22,34.7,73,46,0,False,False,True
2026-09-25 13:34:24,34.7,73,46,0,False,False,True
2026-09-25 13:34:26,34.7,73,46,0,False,False,True
2026-09-25 13:34:28,34.7,73,46,0,False,False,True
2026-09-25 13:34:30,34.7,73,46,0,False,False,True
2026-09-25 13:34:32,34.7,73,45,0,False,False,True
2026-09-25 13:34:34,34.7,73,49,0,False,False,True
2026-09-25 13:34:36,34.7,73,49,0,False,False,True
2026-09-25 13:34:38,34.7,73,46,0,False,False,True
2026-09-25 13:34:40,34.7,73,46,0,False,False,True
2026-09-25 13:34:42,34.7,73,44,0,False,False,True
2026-09-25 13:34:44,34.7,73,49,0,False,False,True
2026-09-25 13:34:46,34.7,73,48,0,False,False,True
2026-09-25 13:34:48,34.7,73,45,0,False,False,True
2026-09-25 13:34:50,34.7,73,45,0,False,False,True
2026-09-25 13:34:52,34.7,73,45,0,False,False,True
2026-09-25 13:34:54,34.7,73,45,0,False,False,True
2026-09-25 13:34:56,34.7,73,45,0,False,False,True
2026-09-25 13:34:58,34.7,73,45,0,False,False,True
2026-09-25 13:35:00,34.7,73,46,0,False,False,True
2026-09-25 13:35:02,34.7,73,45,0,False,False,True
2026-09-25 13:35:04,34.7,73,45,0,False,False,True
2026-09-25 13:35:06,34.7,73,46,0,False,False,True
2026-09-25 13:35:08,34.7,73,45,0,False,False,True
2026-09-25 13:35:17,ERR,ERR,ERR,ERR,False,False,False
2026-09-25 13:35:19,34.7,73,45,0,False,False,True
2026-09-25 13:35:21,34.7,73,45,0,False,False,True
2026-09-25 13:35:23,34.7,73,46,0,False,False,True
2026-09-25 13:35:25,34.7,73,49,0,False,False,True
2026-09-25 13:35:27,34.7,73,46,0,False,False,True
2026-09-25 13:35:29,34.7,73,45,0,False,False,True
2026-09-25 13:35:31,34.7,73,45,0,False,False,True
2026-09-25 13:35:33,34.7,73,45,0,False,False,True
2026-09-25 13:35:35,34.7,73,45,0,False,False,True
2026-09-25 13:35:37,34.7,73,45,0,False,False,True
2026-09-25 13:35:39,34.7,73,45,0,False,False,True
2026-09-25 13:35:41,34.7,73,46,0,False,False,True
2026-09-25 13:35:43,34.7,73,46,0,False,False,True
2026-09-25 13:35:45,34.7,73,45,0,False,False,True
2026-09-25 13:35:47,34.7,73,49,0,False,False,True
2026-09-25 13:35:49,34.7,73,46,0,False,False,True
2026-09-25 13:35:51,34.7,73,46,0,False,False,True
2026-09-25 13:35:53,34.7,73,45,0,False,False,True
2026-09-25 13:35:55,34.7,73,45,0,False,False,True
2026-09-25 13:35:57,34.7,73,45,0,False,False,True
2026-09-25 13:35:59,34.7,73,45,0,False,False,True
2026-09-25 13:36:01,34.7,73,47,0,False,False,True
2026-09-25 13:36:03,34.7,73,45,0,False,False,True
2026-09-25 13:36:05,34.7,73,45,0,False,False,True
2026-09-25 13:36:07,34.7,73,45,0,False,False,True
2026-09-25 13:36:09,34.7,73,45,0,False,False,True
2026-09-25 13:36:11,34.7,73,45,0,False,False,True
2026-09-25 13:36:13,34.7,73,45,0,False,False,True
2026-09-25 13:36:15,34.7,73,44,0,False,False,True
2026-09-25 13:36:17,34.7,73,45,0,False,False,True
2026-09-25 13:36:19,34.7,73,45,0,False,False,True
2026-09-25 13:36:21,34.7,73,45,0,False,False,True
2026-09-25 13:36:23,34.7,73,45,0,False,False,True
2026-09-25 13:36:25,34.7,73,45,0,False,False,True
2026-09-25 13:36:27,34.7,73,45,0,False,False,True
2026-09-25 13:36:29,34.7,73,45,0,False,False,True
2026-09-25 13:36:31,34.7,73,45,0,False,False,True
2026-09-25 13:36:33,34.7,73,45,0,False,False,True
2026-09-25 13:36:35,34.7,73,45,0,False,False,True
2026-09-25 13:36:37,34.7,73,49,0,False,False,True
2026-09-25 13:36:39,34.7,73,45,0,False,False,True
2026-09-25 13:36:41,34.7,73,45,0,False,False,True
2026-09-25 13:36:43,34.7,73,45,0,False,False,True
2026-09-25 13:36:45,34.7,73,45,0,False,False,True
2026-09-25 13:36:47,34.7,73,45,0,False,False,True
2026-09-25 13:36:49,34.7,73,45,0,False,False,True
2026-09-25 13:36:51,34.7,73,45,0,False,False,True
2026-09-25 13:36:53,34.7,73,45,0,False,False,True
2026-09-25 13:36:55,34.7,73,45,0,False,False,True
2026-09-25 13:36:57,34.7,73,45,0,False,False,True
2026-09-25 13:36:59,34.7,72,45,0,False,False,True
2026-09-25 13:37:01,34.7,73,45,0,False,False,True
2026-09-25 13:37:03,34.7,73,48,0,False,False,True
2026-09-25 13:37:05,34.7,73,45,0,False,False,True
2026-09-25 13:37:07,34.7,73,45,0,False,False,True
2026-09-25 13:37:09,34.7,73,45,0,False,False,True
2026-09-25 13:37:11,34.7,73,45,0,False,False,True
2026-09-25 13:37:13,34.7,73,45,0,False,False,True
2026-09-25 13:37:15,34.7,73,45,0,False,False,True
2026-09-25 13:37:17,34.7,73,45,0,False,False,True
2026-09-25 13:37:19,34.7,73,45,0,False,False,True
2026-09-25 13:37:21,34.7,73,45,0,False,False,True
2026-09-25 13:37:23,34.7,73,45,0,False,False,True
2026-09-25 13:37:25,34.7,73,45,0,False,False,True
2026-09-25 13:37:27,34.7,73,45,0,False,False,True
2026-09-25 13:37:29,34.7,73,45,0,False,False,True
2026-09-25 13:37:31,34.7,73,48,0,False,False,True
2026-09-25 13:37:33,34.7,73,45,0,False,False,True
2026-09-25 13:37:35,34.7,73,45,0,False,False,True
2026-09-25 13:37:37,34.7,73,45,0,False,False,True
2026-09-25 13:37:39,34.8,73,45,0,False,False,True
2026-09-25 13:37:41,34.9,73,45,0,False,False,True
2026-09-25 13:37:43,35,72,45,0,False,False,True
2026-09-25 13:37:45,35.1,72,48,0,False,False,True
2026-09-25 13:37:47,35.1,72,48,0,False,False,True
2026-09-25 13:37:49,35.1,72,45,0,False,False,True
2026-09-25 13:37:51,35.1,72,45,0,False,False,True
2026-09-25 13:37:53,35.1,72,45,0,False,False,True
2026-09-25 13:37:55,35.1,72,45,0,False,False,True
2026-09-25 13:37:57,35.1,71,45,0,False,False,True
2026-09-25 13:37:59,35.1,71,45,0,False,False,True
2026-09-25 13:38:01,35.1,71,45,0,False,False,True
2026-09-25 13:38:03,35.1,71,45,0,False,False,True
2026-09-25 13:38:05,35.2,71,45,0,False,False,True
2026-09-25 13:38:07,35.2,71,45,0,False,False,True
2026-09-25 13:38:09,35.2,71,44,0,False,False,True
2026-09-25 13:38:11,35.2,71,45,0,False,False,True
2026-09-25 13:38:13,35.2,71,45,0,False,False,True
2026-09-25 13:38:15,35.2,71,45,0,False,False,True
2026-09-25 13:38:17,35.2,71,45,0,False,False,True
2026-09-25 13:38:19,35.2,71,45,0,False,False,True
2026-09-25 13:38:21,35.2,71,45,0,False,False,True
2026-09-25 13:38:22,ERR,ERR,ERR,ERR,False,False,False
2026-09-25 13:38:23,35.2,71,48,0,False,False,True
2026-09-25 13:38:24,ERR,ERR,ERR,ERR,False,False,False
2026-09-25 13:38:25,35.2,71,45,0,False,False,True
2026-09-25 13:38:26,ERR,ERR,ERR,ERR,False,False,False
2026-09-25 13:38:27,35.2,71,45,0,False,False,True
2026-09-25 13:38:28,ERR,ERR,ERR,ERR,False,False,False
2026-09-25 13:38:29,35.2,71,45,0,False,False,True
2026-09-25 13:38:30,ERR,ERR,ERR,ERR,False,False,False
2026-09-25 13:38:31,35.2,71,45,0,False,False,True
2026-09-25 13:38:32,ERR,ERR,ERR,ERR,False,False,False
2026-09-25 13:38:33,35.2,71,45,0,False,False,True
2026-09-25 13:38:34,ERR,ERR,ERR,ERR,False,False,False
2026-09-25 13:38:35,35.2,71,45,0,False,False,True
2026-09-25 13:38:36,ERR,ERR,ERR,ERR,False,False,False
2026-09-25 13:38:37,35.2,71,45,0,False,False,True
2026-09-25 13:38:38,ERR,ERR,ERR,ERR,False,False,False
2026-09-25 13:38:39,35.2,71,45,0,False,False,True
2026-09-25 13:38:40,ERR,ERR,ERR,ERR,False,False,False
2026-09-25 13:38:41,35.2,71,45,0,False,False,True
2026-09-25 13:38:42,ERR,ERR,ERR,ERR,False,False,False
2026-09-25 13:38:43,35.2,71,45,0,False,False,True
2026-09-25 13:38:44,ERR,ERR,ERR,ERR,False,False,False
2026-09-25 13:38:45,35.2,71,48,0,False,False,True
2026-09-25 13:38:46,ERR,ERR,ERR,ERR,False,False,False
2026-09-25 13:38:47,35.2,71,45,0,False,False,True
2026-09-25 13:38:48,ERR,ERR,ERR,ERR,False,False,False
2026-09-25 13:38:49,35.2,71,45,0,False,False,True
2026-09-25 13:38:50,ERR,ERR,ERR,ERR,False,False,False
2026-09-25 13:38:52,35.2,71,48,0,False,False,True
2026-09-25 13:38:55,ERR,ERR,ERR,ERR,False,False,False
2026-09-25 13:38:57,35.2,71,45,0,False,False,True
2026-09-25 13:38:59,35.2,71,45,0,False,False,True
2026-09-25 13:39:01,35.2,70,45,0,False,False,True
2026-09-25 13:39:03,35.2,70,45,0,False,False,True
2026-09-25 13:39:05,35.2,71,48,0,False,False,True
2026-09-25 13:39:07,35.2,70,45,0,False,False,True
2026-09-25 13:39:09,35.2,71,45,0,False,False,True
2026-09-25 13:39:11,35.2,70,45,0,False,False,True
2026-09-25 13:39:13,35.2,70,44,0,False,False,True
2026-09-25 13:39:15,35.2,70,45,0,False,False,True
2026-09-25 13:39:17,35.2,70,45,0,False,False,True
2026-09-25 13:39:19,35.2,70,45,0,False,False,True
2026-09-25 13:39:21,35.2,70,44,0,False,False,True
2026-09-25 13:39:23,35.2,70,44,0,False,False,True
2026-09-25 13:39:25,35.2,70,45,0,False,False,True
2026-09-25 13:39:27,35.2,70,45,0,False,False,True
2026-09-25 13:39:29,35.2,70,45,0,False,False,True
2026-09-25 13:39:31,35.2,70,44,0,False,False,True
2026-09-25 13:39:33,35.2,70,44,0,False,False,True
2026-09-25 13:39:35,35.2,70,45,0,False,False,True
2026-09-25 13:39:37,35.2,70,45,0,False,False,True
2026-09-25 13:39:39,35.2,70,45,0,False,False,True
2026-09-25 13:39:41,35.2,70,44,0,False,False,True
2026-09-25 13:39:43,35.2,70,45,0,False,False,True
2026-09-25 13:39:45,35.2,70,44,0,False,False,True
2026-09-25 13:39:47,35.2,70,44,0,False,False,True
2026-09-25 13:39:49,35.2,70,44,0,False,False,True
2026-09-25 13:39:51,35.2,70,44,0,False,False,True
2026-09-25 13:39:53,35.2,70,48,0,False,False,True
2026-09-25 13:39:55,35.2,70,44,0,False,False,True
2026-09-25 13:39:57,35.2,70,45,0,False,False,True
2026-09-25 13:39:59,35.2,70,44,0,False,False,True
2026-09-25 13:40:01,35.2,70,45,0,False,False,True
2026-09-25 13:40:03,35.2,70,44,0,False,False,True
2026-09-25 13:40:05,35.2,70,44,0,False,False,True
2026-09-25 13:40:07,35.2,70,44,0,False,False,True
2026-09-25 13:40:09,35.2,70,44,0,False,False,True
2026-09-25 13:40:11,35.2,70,48,0,False,False,True
2026-09-25 13:40:13,35.2,70,44,0,False,False,True
2026-09-25 13:40:15,35.2,70,44,0,False,False,True
2026-09-25 13:40:17,35.2,70,44,0,False,False,True
2026-09-25 13:40:19,35.2,70,44,0,False,False,True
2026-09-25 13:40:21,35.2,70,47,0,False,False,True
2026-09-25 13:40:23,35.2,70,44,0,False,False,True
2026-09-25 13:40:25,35.2,70,45,0,False,False,True
2026-09-25 13:40:27,35.2,69,45,0,False,False,True
2026-09-25 13:40:29,35.2,70,44,0,False,False,True
2026-09-25 13:40:31,35.2,69,44,0,False,False,True
2026-09-25 13:40:33,35.2,70,44,0,False,False,True
2026-09-25 13:40:35,35.2,70,44,0,False,False,True
2026-09-25 13:40:37,35.2,70,44,0,False,False,True
2026-09-25 13:40:39,35.2,70,45,0,False,False,True
2026-09-25 13:40:41,35.2,70,44,0,False,False,True
2026-09-25 13:40:43,35.2,70,44,0,False,False,True
2026-09-25 13:40:45,35.2,70,44,0,False,False,True
2026-09-25 13:40:47,35.2,69,44,0,False,False,True
2026-09-25 13:40:49,35.2,70,44,0,False,False,True
2026-09-25 13:40:51,35.2,70,44,0,False,False,True
2026-09-25 13:40:53,35.2,70,44,0,False,False,True
2026-09-25 13:40:55,35.2,70,43,0,False,False,True
2026-09-25 13:40:57,35.2,70,44,0,False,False,True
2026-09-25 13:40:59,35.2,70,44,0,False,False,True
2026-09-25 13:41:01,35.2,70,44,0,False,False,True
2026-09-25 13:41:03,35.2,69,45,0,False,False,True
2026-09-25 13:41:05,35.2,69,45,0,False,False,True
2026-09-25 13:41:07,35.2,69,45,0,False,False,True
2026-09-25 13:41:09,35.2,70,44,0,False,False,True
2026-09-25 13:41:11,35.2,70,47,0,False,False,True
2026-09-25 13:41:13,35.2,70,47,0,False,False,True
2026-09-25 13:41:15,35.2,69,48,0,False,False,True
2026-09-25 13:41:17,35.2,70,44,0,False,False,True
2026-09-25 13:41:19,35.2,70,44,0,False,False,True
2026-09-25 13:41:21,35.2,70,44,0,False,False,True
2026-09-25 13:41:23,35.2,70,44,0,False,False,True
2026-09-25 13:41:25,35.2,70,44,0,False,False,True
2026-09-25 13:41:27,35.2,70,44,0,False,False,True
2026-09-25 13:41:29,35.2,70,44,0,False,False,True
2026-09-25 13:41:31,35.2,70,44,0,False,False,True
2026-09-25 13:41:33,35.2,70,44,0,False,False,True
2026-09-25 13:41:35,35.2,70,44,0,False,False,True
2026-09-25 13:41:37,35.2,70,44,0,False,False,True
2026-09-25 13:41:39,35.2,70,44,0,False,False,True
2026-09-25 13:41:41,35.2,70,44,0,False,False,True
2026-09-25 13:41:43,35.2,70,47,0,False,False,True
2026-09-25 13:41:45,35.2,70,44,0,False,False,True
2026-09-25 13:41:47,35.2,70,44,0,False,False,True
2026-09-25 13:41:49,35.2,70,44,0,False,False,True
2026-09-25 13:41:51,35.2,70,47,0,False,False,True
2026-09-25 13:41:53,35.2,70,44,0,False,False,True
2026-09-25 13:41:55,35.2,70,44,0,False,False,True
2026-09-25 13:41:57,35.2,70,48,0,False,False,True
2026-09-25 13:41:59,35.2,70,44,0,False,False,True
2026-09-25 13:42:01,35.2,70,44,0,False,False,True
2026-09-25 13:42:03,35.2,70,44,0,False,False,True
2026-09-25 13:42:05,35.2,70,44,0,False,False,True
2026-09-25 13:42:07,35.2,70,44,0,False,False,True
2026-09-25 13:42:09,35.2,70,44,0,False,False,True
2026-09-25 13:42:11,35.2,70,44,0,False,False,True
2026-09-25 13:42:13,35.2,70,44,0,False,False,True
2026-09-25 13:42:15,35.2,70,48,0,False,False,True
2026-09-25 13:42:17,35.2,70,44,0,False,False,True
2026-09-25 13:42:19,35.2,69,44,0,False,False,True
2026-09-25 13:42:21,35.2,69,44,0,False,False,True
2026-09-25 13:42:23,35.2,70,44,0,False,False,True
2026-09-25 13:42:25,35.2,69,44,0,False,False,True
2026-09-25 13:42:27,35.2,69,44,0,False,False,True
2026-09-25 13:42:29,35.2,69,47,0,False,False,True
2026-09-25 13:42:31,35.2,69,44,0,False,False,True
2026-09-25 13:42:33,35.2,69,44,0,False,False,True
2026-09-25 13:42:35,35.2,69,44,0,False,False,True
2026-09-25 13:42:37,35.2,69,47,0,False,False,True
2026-09-25 13:42:39,35.2,69,44,0,False,False,True
2026-09-25 13:42:41,35.2,69,44,0,False,False,True
2026-09-25 13:42:43,35.2,69,44,0,False,False,True
2026-09-25 13:42:45,35.2,69,44,0,False,False,True
2026-09-25 13:42:47,35.2,69,44,0,False,False,True
2026-09-25 13:42:49,35.2,69,44,0,False,False,True
2026-09-25 13:42:51,35.2,69,44,0,False,False,True
2026-09-25 13:42:53,35.2,69,44,0,False,False,True
2026-09-25 13:42:55,35.2,69,47,0,False,False,True
2026-09-25 13:42:57,35.2,69,44,0,False,False,True
2026-09-25 13:42:59,35.2,69,47,0,False,False,True
2026-09-25 13:43:01,35.2,69,44,0,False,False,True
2026-09-25 13:43:03,35.2,69,44,0,False,False,True
2026-09-25 13:43:05,35.2,69,44,0,False,False,True
2026-09-25 13:43:07,35.2,69,44,0,False,False,True
2026-09-25 13:43:09,35.2,69,44,0,False,False,True
2026-09-25 13:43:11,35.2,69,44,0,False,False,True
2026-09-25 13:43:13,35.2,69,44,0,False,False,True
2026-09-25 13:43:15,35.2,69,44,0,False,False,True
2026-09-25 13:43:17,35.2,69,44,0,False,False,True
2026-09-25 13:43:19,35.2,69,44,0,False,False,True
2026-09-25 13:43:21,35.2,69,47,0,False,False,True
2026-09-25 13:43:23,35.2,69,44,0,False,False,True
2026-09-25 13:43:25,35.2,69,51,0,False,False,True
2026-09-25 13:43:27,35.2,69,51,0,False,False,True
2026-09-25 13:43:29,35.2,69,51,0,False,False,True
2026-09-25 13:43:31,ERR,ERR,ERR,ERR,False,False,True
2026-09-25 13:43:33,ERR,ERR,ERR,ERR,False,False,True
2026-09-25 13:43:35,ERR,ERR,ERR,ERR,False,False,True
2026-09-25 13:43:37,ERR,ERR,ERR,ERR,False,False,True
2026-09-25 13:43:39,ERR,ERR,ERR,ERR,False,False,True
2026-09-25 13:43:41,ERR,ERR,ERR,ERR,False,False,True
2026-09-25 13:43:43,ERR,ERR,ERR,ERR,False,False,True
2026-09-25 13:43:45,ERR,ERR,ERR,ERR,False,False,True
2026-09-25 13:43:47,35.2,69,49,0,False,False,True
2026-09-25 13:43:49,35.2,69,45,0,False,False,True
2026-09-25 13:43:51,35.2,69,45,0,False,False,True
2026-09-25 13:43:53,35.2,69,45,0,False,False,True
2026-09-25 13:43:55,35.2,69,45,0,False,False,True
2026-09-25 13:43:57,35.2,69,45,0,False,False,True
2026-09-25 13:43:59,35.2,69,45,0,False,False,True
2026-09-25 13:44:01,35.2,69,44,0,False,False,True
2026-09-25 13:44:03,35.2,69,45,0,False,False,True
2026-09-25 13:44:05,35.2,69,45,0,False,False,True
2026-09-25 13:44:07,35.2,69,45,0,False,False,True
2026-09-25 13:44:09,35.2,69,45,0,False,False,True
2026-09-25 13:44:11,35.2,69,44,0,False,False,True
2026-09-25 13:44:13,35.2,69,44,0,False,False,True
2026-09-25 13:44:15,35.2,69,44,0,False,False,True
2026-09-25 13:44:17,35.2,69,44,0,False,False,True
2026-09-25 13:44:19,35.2,69,47,0,False,False,True
2026-09-25 13:44:21,35.2,69,44,0,False,False,True
2026-09-25 13:44:23,35.2,69,44,0,False,False,True
2026-09-25 13:44:25,35.2,69,44,0,False,False,True
2026-09-25 13:44:27,35.2,69,47,0,False,False,True
2026-09-25 13:44:29,35.2,69,44,0,False,False,True
2026-09-25 13:44:31,35.2,69,44,0,False,False,True
2026-09-25 13:44:33,35.2,69,44,0,False,False,True
2026-09-25 13:44:35,35.2,69,44,0,False,False,True
2026-09-25 13:44:37,35.2,69,44,0,False,False,True
2026-09-25 13:44:40,35.2,69,44,0,False,False,True
2026-09-25 13:44:42,35.2,69,44,0,False,False,True
2026-09-25 13:44:44,35.2,69,44,0,False,False,True
2026-09-25 13:44:46,35.2,69,44,0,False,False,True
2026-09-25 13:44:48,35.2,69,44,0,False,False,True
2026-09-25 13:44:50,35.2,69,44,0,False,False,True
2026-09-25 13:44:52,35.2,69,44,0,False,False,True
2026-09-25 13:44:54,35.2,69,44,0,False,False,True
2026-09-25 13:44:56,35.2,69,44,0,False,False,True
2026-09-25 13:44:58,35.2,69,44,0,False,False,True
2026-09-25 13:45:00,35.2,69,44,0,False,False,True
2026-09-25 13:45:02,35.2,69,44,0,False,False,True
2026-09-25 13:45:04,35.2,69,44,0,False,False,True
2026-09-25 13:45:06,35.2,69,47,0,False,False,True
2026-09-25 13:45:08,35.2,69,43,0,False,False,True
2026-09-25 13:45:10,35.2,69,44,0,False,False,True
2026-09-25 13:45:12,35.2,69,44,0,False,False,True
2026-09-25 13:45:18,35.2,69,44,0,False,False,True
2026-09-25 13:45:20,35.2,69,44,0,False,False,True
2026-09-25 13:45:22,35.2,69,43,0,False,False,True
2026-09-25 13:45:24,35.2,69,43,0,False,False,True
2026-09-25 13:45:26,35.2,69,44,0,False,False,True
2026-09-25 13:45:28,35.2,69,44,0,False,False,True
2026-09-25 13:45:30,35.2,69,46,0,False,False,True
2026-09-25 13:45:32,35.2,69,44,0,False,False,True
2026-09-25 13:45:34,35.2,69,44,0,False,False,True
2026-09-25 13:45:36,35.2,69,44,0,False,False,True
2026-09-25 13:45:38,35.2,69,44,0,False,False,True
2026-09-25 13:45:40,35.2,69,44,0,False,False,True
2026-09-25 13:45:42,35.2,69,44,0,False,False,True
2026-09-25 13:45:44,35.2,69,47,0,False,False,True
2026-09-25 13:45:46,35.2,69,44,0,False,False,True
2026-09-25 13:45:48,35.2,69,43,0,False,False,True
2026-09-25 13:45:50,35.2,69,43,0,False,False,True
2026-09-25 13:45:52,35.2,69,46,0,False,False,True
2026-09-25 13:45:54,35.2,69,43,0,False,False,True
2026-09-25 13:45:56,35.2,69,43,0,False,False,True
2026-09-25 13:45:58,35.2,69,47,0,False,False,True
2026-09-25 13:46:00,35.2,69,43,0,False,False,True
2026-09-25 13:46:02,35.2,69,43,0,False,False,True
2026-09-25 13:46:04,35.2,69,44,0,False,False,True
2026-09-25 13:46:06,35.2,69,44,0,False,False,True
2026-09-25 13:46:09,35.2,69,44,0,False,False,True
2026-09-25 13:46:16,ERR,ERR,ERR,ERR,False,False,False
2026-09-25 13:46:18,35.2,69,43,0,False,False,True
2026-09-25 13:46:20,35.2,69,44,0,False,False,True
2026-09-25 13:46:22,35.2,69,44,0,False,False,True
2026-09-25 13:46:24,35.2,69,43,0,False,False,True
2026-09-25 13:46:26,35.2,69,44,0,False,False,True
2026-09-25 13:46:28,35.2,69,43,0,False,False,True
2026-09-25 13:46:30,35.2,69,44,0,False,False,True
2026-09-25 13:46:32,35.2,69,44,0,False,False,True
2026-09-25 13:46:34,35.2,69,43,0,False,False,True
2026-09-25 13:46:36,35.2,69,43,0,False,False,True
2026-09-25 13:46:38,35.2,69,43,0,False,False,True
2026-09-25 13:46:40,35.2,69,43,0,False,False,True
2026-09-25 13:46:42,35.2,69,43,0,False,False,True
2026-09-25 13:46:44,35.2,69,43,0,False,False,True
2026-09-25 13:46:46,35.2,69,43,0,False,False,True
2026-09-25 13:46:48,35.2,69,43,0,False,False,True
2026-09-25 13:46:50,35.2,69,44,0,False,False,True
2026-09-25 13:46:52,35.2,69,44,0,False,False,True
2026-09-25 13:46:54,35.2,69,43,0,False,False,True
2026-09-25 13:46:56,35.2,69,43,0,False,False,True
2026-09-25 13:46:58,35.2,69,43,0,False,False,True
2026-09-25 13:47:00,35.2,69,43,0,False,False,True
2026-09-25 13:47:02,35.2,69,43,0,False,False,True
2026-09-25 13:47:04,35.2,69,43,0,False,False,True
2026-09-25 13:47:06,35.2,69,43,0,False,False,True
2026-09-25 13:47:08,35.2,69,43,0,False,False,True
2026-09-25 13:47:10,35.2,69,44,0,False,False,True
2026-09-25 13:47:12,35.2,69,44,0,False,False,True
2026-09-25 13:47:14,35.2,69,44,0,False,False,True
2026-09-25 13:47:16,35.2,69,43,0,False,False,True
2026-09-25 13:47:18,35.2,69,43,0,False,False,True
2026-09-25 13:47:20,35.2,69,44,0,False,False,True
2026-09-25 13:47:22,35.2,69,43,0,False,False,True
2026-09-25 13:47:24,35.2,69,43,0,False,False,True
2026-09-25 13:47:26,35.2,69,47,0,False,False,True
2026-09-25 13:47:28,35.2,69,43,0,False,False,True
2026-09-25 13:47:30,35.2,69,44,0,False,False,True
2026-09-25 13:47:32,35.2,69,43,0,False,False,True
2026-09-25 13:47:34,35.2,69,43,0,False,False,True
2026-09-25 13:47:36,35.2,69,43,0,False,False,True
2026-09-25 13:47:38,35.2,69,43,0,False,False,True
2026-09-25 13:47:40,35.2,69,43,0,False,False,True
2026-09-25 13:47:42,35.2,69,45,0,False,False,True
2026-09-25 13:47:44,35.2,69,45,0,False,False,True
2026-09-25 13:47:46,35.2,69,43,0,False,False,True
2026-09-25 13:47:48,35.2,69,44,0,False,False,True
2026-09-25 13:47:50,35.2,69,43,0,False,False,True
2026-09-25 13:47:52,35.2,69,43,0,False,False,True
2026-09-25 13:47:54,35.2,69,43,0,False,False,True
2026-09-25 13:47:56,35.2,69,43,0,False,False,True
2026-09-25 13:47:58,35.2,69,43,0,False,False,True
2026-09-25 13:48:00,35.2,69,46,0,False,False,True
2026-09-25 13:48:02,35.2,69,43,0,False,False,True
2026-09-25 13:48:04,35.2,69,43,0,False,False,True
2026-09-25 13:48:06,35.2,69,43,0,False,False,True
2026-09-25 13:48:08,35.2,69,43,0,False,False,True
2026-09-25 13:48:10,35.2,69,43,0,False,False,True
2026-09-25 13:48:12,35.2,69,43,0,False,False,True
2026-09-25 13:48:14,35.2,69,47,0,False,False,True
2026-09-25 13:48:16,35.2,69,44,0,False,False,True
2026-09-25 13:48:18,35.2,69,43,0,False,False,True
2026-09-25 13:48:20,35.2,69,43,0,False,False,True
2026-09-25 13:48:22,35.2,69,43,0,False,False,True
2026-09-25 13:48:24,35.2,69,43,0,False,False,True
2026-09-25 13:48:26,35.2,69,43,0,False,False,True
2026-09-25 13:48:28,35.2,69,46,0,False,False,True
2026-09-25 13:48:30,35.2,69,43,0,False,False,True
2026-09-25 13:48:32,35.2,69,43,0,False,False,True
2026-09-25 13:48:34,35.2,69,43,0,False,False,True
2026-09-25 13:48:36,35.2,69,43,0,False,False,True
2026-09-25 13:48:38,35.2,69,43,0,False,False,True
2026-09-25 13:48:40,35.2,69,43,0,False,False,True
2026-09-25 13:48:42,35.2,69,43,0,False,False,True
2026-09-25 13:48:44,35.2,69,43,0,False,False,True
2026-09-25 13:48:46,35.2,69,44,0,False,False,True
2026-09-25 13:48:48,35.2,69,43,0,False,False,True
2026-09-25 13:48:50,35.2,69,43,0,False,False,True
2026-09-25 13:48:52,35.2,69,46,0,False,False,True
2026-09-25 13:48:54,35.2,69,43,0,False,False,True
2026-09-25 13:48:56,35.2,69,47,0,False,False,True
2026-09-25 13:48:58,35.2,69,43,0,False,False,True
2026-09-25 13:49:00,35.2,69,43,0,False,False,True
2026-09-25 13:49:02,35.2,69,43,0,False,False,True
2026-09-25 13:49:04,35.2,69,43,0,False,False,True
2026-09-25 13:49:06,35.2,69,43,0,False,False,True
2026-09-25 13:49:08,35.2,69,43,0,False,False,True
2026-09-25 13:49:10,35.2,69,43,0,False,False,True
2026-09-25 13:49:12,35.2,69,43,0,False,False,True
2026-09-25 13:49:14,35.2,69,44,0,False,False,True
2026-09-25 13:49:16,35.2,69,43,0,False,False,True
2026-09-25 13:49:18,35.2,69,43,0,False,False,True
2026-09-25 13:49:20,35.2,69,43,0,False,False,True
2026-09-25 13:49:22,35.2,69,43,0,False,False,True
2026-09-25 13:49:24,35.2,69,44,0,False,False,True
2026-09-25 13:49:26,35.2,69,43,0,False,False,True
2026-09-25 13:49:28,35.2,69,43,0,False,False,True
2026-09-25 13:49:30,35.2,69,43,0,False,False,True
2026-09-25 13:49:32,35.2,69,40,0,False,False,True
2026-09-25 13:49:34,35.2,69,40,0,False,False,True
2026-09-25 13:49:36,35.2,69,40,0,False,False,True
2026-09-25 13:49:38,35.2,69,43,0,False,False,True
2026-09-25 13:49:40,35.2,69,43,0,False,False,True
2026-09-25 13:49:42,35.2,69,43,0,False,False,True
2026-09-25 13:49:44,35.2,69,43,0,False,False,True
2026-09-25 13:49:46,35.2,69,43,0,False,False,True
2026-09-25 13:49:48,35.2,69,46,0,False,False,True
2026-09-25 13:49:50,35.2,69,43,0,False,False,True
2026-09-25 13:49:52,35.2,69,43,0,False,False,True
2026-09-25 13:49:54,35.2,69,43,0,False,False,True
2026-09-25 13:49:56,35.2,69,43,0,False,False,True
2026-09-25 13:49:58,35.2,69,43,0,False,False,True
2026-09-25 13:50:00,35.2,69,43,0,False,False,True
2026-09-25 13:50:02,35.2,69,43,0,False,False,True
2026-09-25 13:50:04,35.2,69,43,0,False,False,True
2026-09-25 13:50:06,35.2,69,43,0,False,False,True
2026-09-25 13:50:08,35.2,69,43,0,False,False,True
2026-09-25 13:50:10,35.2,69,43,0,False,False,True
2026-09-25 13:50:12,35.2,69,43,0,False,False,True
2026-09-25 13:50:14,35.2,69,43,0,False,False,True
2026-09-25 13:50:16,35.2,69,43,0,False,False,True
2026-09-25 13:50:18,35.2,69,43,0,False,False,True
2026-09-25 13:50:20,35.2,69,43,0,False,False,True
2026-09-25 13:50:22,35.2,69,43,0,False,False,True
2026-09-25 13:50:24,35.2,69,43,0,False,False,True
2026-09-25 13:50:26,35.2,69,43,0,False,False,True
2026-09-25 13:50:28,35.2,69,43,0,False,False,True
2026-09-25 13:50:30,35.2,69,43,0,False,False,True
2026-09-25 13:50:32,35.2,69,43,0,False,False,True
2026-09-25 13:50:34,35.2,69,43,0,False,False,True
2026-09-25 13:50:36,35.2,69,44,0,False,False,True
2026-09-25 13:50:38,35.2,69,43,0,False,False,True
2026-09-25 13:50:40,35.2,69,43,0,False,False,True
2026-09-25 13:50:42,35.2,69,43,0,False,False,True
2026-09-25 13:50:44,35.2,69,43,0,False,False,True
2026-09-25 13:50:46,35.2,69,43,0,False,False,True
2026-09-25 13:50:48,35.2,69,43,0,False,False,True
2026-09-25 13:50:50,35.2,69,43,0,False,False,True
2026-09-25 13:50:52,35.2,69,43,0,False,False,True
2026-09-25 13:50:54,35.2,69,43,0,False,False,True
2026-09-25 13:50:56,35.2,69,43,0,False,False,True
2026-09-25 13:50:58,35.2,69,43,0,False,False,True
2026-09-25 13:51:00,35.2,69,43,0,False,False,True
2026-09-25 13:51:02,35.2,69,47,0,False,False,True
2026-09-25 13:51:04,35.2,69,43,0,False,False,True
2026-09-25 13:51:06,35.2,69,43,0,False,False,True
2026-09-25 13:51:08,35.2,69,43,0,False,False,True
2026-09-25 13:51:10,35.2,69,43,0,False,False,True
2026-09-25 13:51:12,35.2,69,43,0,False,False,True
2026-09-25 13:51:14,35.2,69,43,0,False,False,True
2026-09-25 13:51:16,35.2,69,43,0,False,False,True
2026-09-25 13:51:18,35.2,69,43,0,False,False,True
2026-09-25 13:51:20,35.2,69,43,0,False,False,True
2026-09-25 13:51:22,35.2,69,43,0,False,False,True
2026-09-25 13:51:24,35.2,69,43,0,False,False,True
2026-09-25 13:51:26,35.2,69,43,0,False,False,True
2026-09-25 13:51:28,35.2,69,43,0,False,False,True
2026-09-25 13:51:30,35.2,69,43,0,False,False,True
2026-09-25 13:51:32,35.2,69,43,0,False,False,True
2026-09-25 13:51:34,35.2,69,43,0,False,False,True
2026-09-25 13:51:36,35.2,69,43,0,False,False,True
2026-09-25 13:51:38,35.2,69,43,0,False,False,True
2026-09-25 13:51:40,35.2,69,43,0,False,False,True
2026-09-25 13:51:42,35.2,69,43,0,False,False,True
2026-09-25 13:51:46,35.2,69,43,0,False,False,True
2026-09-25 13:51:48,35.2,69,43,0,False,False,True
2026-09-25 13:51:50,35.2,69,43,0,False,False,True
2026-09-25 13:51:52,35.2,69,43,0,False,False,True
2026-09-25 13:51:54,35.2,69,43,0,False,False,True
2026-09-25 13:51:56,35.2,69,46,0,False,False,True
2026-09-25 13:51:58,35.2,69,43,0,False,False,True
2026-09-25 13:52:00,35.2,69,43,0,False,False,True
2026-09-25 13:52:02,35.2,69,46,0,False,False,True
2026-09-25 13:52:04,35.2,69,43,0,False,False,True
2026-09-25 13:52:06,35.2,69,43,0,False,False,True
2026-09-25 13:52:08,35.2,69,43,0,False,False,True
2026-09-25 13:52:10,35.2,69,46,0,False,False,True
2026-09-25 13:52:12,35.2,69,43,0,False,False,True
2026-09-25 13:52:14,35.2,69,43,0,False,False,True
2026-09-25 13:52:16,35.2,69,43,0,False,False,True
2026-09-25 13:52:18,35.2,69,43,0,False,False,True
2026-09-25 13:52:20,35.2,69,0,0,True,False,True
2026-09-25 13:52:22,35.2,69,0,0,True,False,True
2026-09-25 13:52:24,35.2,69,0,0,True,False,True
2026-09-25 13:52:26,35.2,69,0,0,True,False,True
2026-09-25 13:52:28,35.2,69,0,0,True,False,True
2026-09-25 13:52:30,35.2,69,91,0,False,False,True
2026-09-25 13:52:32,35.2,69,91,0,False,False,True
2026-09-25 13:52:34,35.2,69,81,0,False,False,True
2026-09-25 13:52:36,35.2,69,82,0,False,False,True
2026-09-25 13:52:38,35.2,69,82,0,False,False,True
2026-09-25 13:52:40,35.2,69,82,0,False,False,True
2026-09-25 13:52:42,35.2,69,82,0,False,False,True
2026-09-25 13:52:44,35.2,69,80,0,False,False,True
2026-09-25 13:52:46,35.2,69,81,0,False,False,True
2026-09-25 13:52:48,35.2,69,81,0,False,False,True
2026-09-25 13:52:50,35.2,69,82,0,False,False,True
2026-09-25 13:52:52,35.2,69,81,0,False,False,True
2026-09-25 13:52:54,35.2,69,81,0,False,False,True
2026-09-25 13:52:56,35.2,69,81,0,False,False,True
2026-09-25 13:52:58,35.2,69,81,0,False,False,True
2026-09-25 13:53:00,35.2,69,80,0,False,False,True
2026-09-25 13:53:02,35.2,69,81,0,False,False,True
2026-09-25 13:53:04,35.2,69,81,0,False,False,True
2026-09-25 13:53:06,35.2,69,81,0,False,False,True
2026-09-25 13:53:08,ERR,ERR,ERR,ERR,False,False,True
2026-09-25 13:53:10,ERR,ERR,ERR,ERR,False,False,True
2026-09-25 13:53:12,ERR,ERR,ERR,ERR,False,False,True
2026-09-25 13:53:14,ERR,ERR,ERR,ERR,False,False,True
2026-09-25 13:53:16,ERR,ERR,ERR,ERR,False,False,True
2026-09-25 13:53:18,ERR,ERR,ERR,ERR,False,False,True
2026-09-25 13:53:20,35.2,69,80,0,False,False,True
2026-09-25 13:53:22,35.2,69,80,0,False,False,True
2026-09-25 13:53:24,35.2,69,80,0,False,False,True
2026-09-25 13:53:26,35.2,69,80,0,False,False,True
2026-09-25 13:53:28,35.2,69,80,0,False,False,True
2026-09-25 13:53:30,35.2,69,80,0,False,False,True
2026-09-25 13:53:32,35.2,69,80,0,False,False,True
2026-09-25 13:53:34,35.2,69,80,0,False,False,True
2026-09-25 13:53:36,35.2,69,80,0,False,False,True
2026-09-25 13:53:38,35.2,69,80,0,False,False,True
2026-09-25 13:53:40,35.2,69,80,0,False,False,True
2026-09-25 13:53:42,35.2,69,80,0,False,False,True
2026-09-25 13:53:44,35.2,69,80,0,False,False,True
2026-09-25 13:53:46,35.2,69,80,0,False,False,True
2026-09-25 13:53:48,35.2,69,80,0,False,False,True
2026-09-25 13:53:50,35.2,69,80,0,False,False,True
2026-09-25 13:53:52,35.2,69,80,0,False,False,True
2026-09-25 13:53:54,35.2,68,80,0,False,False,True
2026-09-25 13:53:56,35.2,68,80,0,False,False,True
2026-09-25 13:53:58,35.2,68,80,0,False,False,True
2026-09-25 13:54:00,35.2,68,81,0,False,False,True
2026-09-25 13:54:02,35.2,68,82,0,False,False,True
2026-09-25 13:54:04,35.2,68,80,0,False,False,True
2026-09-25 13:54:06,35.2,68,81,0,False,False,True
2026-09-25 13:54:08,35.2,69,80,0,False,False,True
2026-09-25 13:54:10,35.2,69,81,0,False,False,True
2026-09-25 13:54:12,35.2,69,80,0,False,False,True
2026-09-25 13:54:14,35.2,69,81,0,False,False,True
2026-09-25 13:54:16,35.2,69,80,0,False,False,True
2026-09-25 13:54:18,35.2,69,80,0,False,False,True
2026-09-25 13:54:20,35.2,69,80,0,False,False,True
2026-09-25 13:54:22,35.2,69,80,0,False,False,True
2026-09-25 13:54:24,35.2,68,80,0,False,False,True
2026-09-25 13:54:26,35.2,69,80,0,False,False,True
2026-09-25 13:54:28,35.1,68,80,0,False,False,True
2026-09-25 13:54:30,35.1,68,80,0,False,False,True
2026-09-25 13:54:32,35.1,68,80,0,False,False,True
2026-09-25 13:54:34,35.1,69,81,0,False,False,True
2026-09-25 13:54:36,35,68,81,0,False,False,True
2026-09-25 13:54:38,35,68,81,0,False,False,True
2026-09-25 13:54:40,34.8,69,81,0,False,False,True
2026-09-25 13:54:42,34.7,69,80,0,False,False,True
2026-09-25 13:54:44,34.7,69,80,0,False,False,True
2026-09-25 13:54:46,34.7,69,80,0,False,False,True
2026-09-25 13:54:48,34.7,69,80,0,False,False,True
2026-09-25 13:54:50,34.7,69,80,0,False,False,True
2026-09-25 13:54:52,34.7,69,80,0,False,False,True
2026-09-25 13:54:54,34.7,69,80,0,False,False,True
2026-09-25 13:54:56,34.7,69,80,0,False,False,True
2026-09-25 13:54:58,34.7,69,80,0,False,False,True
2026-09-25 13:55:00,34.7,69,80,0,False,False,True
2026-09-25 13:55:02,34.7,69,80,0,False,False,True
2026-09-25 13:55:04,34.7,69,80,0,False,False,True
2026-09-25 13:55:06,34.7,69,80,0,False,False,True
2026-09-25 13:55:08,34.7,70,81,0,False,False,True
2026-09-25 13:55:10,34.7,69,80,0,False,False,True
2026-09-25 13:55:12,34.7,70,80,0,False,False,True
2026-09-25 13:55:14,34.7,70,80,0,False,False,True
2026-09-25 13:55:16,34.7,70,80,0,False,False,True
2026-09-25 13:55:18,34.7,70,80,0,False,False,True
2026-09-25 13:55:20,34.7,69,81,0,False,False,True
2026-09-25 13:55:22,34.7,69,81,0,False,False,True
2026-09-25 13:55:24,34.7,69,80,0,False,False,True
2026-09-25 13:55:26,34.7,69,81,0,False,False,True
2026-09-25 13:55:28,34.7,69,80,0,False,False,True
2026-09-25 13:55:30,34.7,70,80,0,False,False,True
2026-09-25 13:55:32,34.7,69,81,0,False,False,True
2026-09-25 13:55:34,34.7,69,81,0,False,False,True
2026-09-25 13:55:36,34.7,70,80,0,False,False,True
2026-09-25 13:55:38,34.7,70,80,0,False,False,True
2026-09-25 13:55:40,34.7,70,81,0,False,False,True
2026-09-25 13:55:42,34.7,70,80,0,False,False,True
2026-09-25 13:55:44,34.7,70,80,0,False,False,True
2026-09-25 13:55:46,34.7,70,81,0,False,False,True
2026-09-25 13:55:48,34.7,70,80,0,False,False,True
2026-09-25 13:55:50,34.7,69,80,0,False,False,True
2026-09-25 13:55:52,34.7,69,80,0,False,False,True
2026-09-25 13:55:54,34.7,70,80,0,False,False,True
2026-09-25 13:55:56,34.7,70,80,0,False,False,True
2026-09-25 13:55:58,34.7,69,80,0,False,False,True
2026-09-25 13:56:00,34.7,69,81,0,False,False,True
2026-09-25 13:56:02,34.7,69,80,0,False,False,True
2026-09-25 13:56:04,34.7,69,80,0,False,False,True
2026-09-25 13:56:06,34.7,69,80,0,False,False,True
2026-09-25 13:56:08,34.7,69,80,0,False,False,True
2026-09-25 13:56:10,34.7,69,82,0,False,False,True
2026-09-25 13:56:12,34.7,69,80,0,False,False,True
2026-09-25 13:56:14,34.7,69,80,0,False,False,True
2026-09-25 13:56:16,34.7,70,82,0,False,False,True
2026-09-25 13:56:18,34.7,70,82,0,False,False,True
2026-09-25 13:56:20,34.7,70,80,0,False,False,True
2026-09-25 13:56:22,34.7,70,80,0,False,False,True
2026-09-25 13:56:24,34.7,70,82,0,False,False,True
2026-09-25 13:56:26,34.7,70,82,0,False,False,True
2026-09-25 13:56:28,34.7,70,81,0,False,False,True
2026-09-25 13:56:30,34.7,69,80,0,False,False,True
2026-09-25 13:56:32,34.7,69,80,0,False,False,True
2026-09-25 13:56:34,34.7,70,80,0,False,False,True
2026-09-25 13:56:36,34.7,70,82,0,False,False,True
2026-09-25 13:56:38,34.7,70,81,0,False,False,True
2026-09-25 13:56:40,34.7,70,81,0,False,False,True
2026-09-25 13:56:42,34.7,70,81,0,False,False,True
2026-09-25 13:56:44,34.7,70,81,0,False,False,True
2026-09-25 13:56:46,34.7,70,81,0,False,False,True
2026-09-25 13:56:48,34.7,70,81,0,False,False,True
2026-09-25 13:56:50,34.7,70,81,0,False,False,True
2026-09-25 13:56:52,34.7,70,81,0,False,False,True
2026-09-25 13:56:54,34.7,70,80,0,False,False,True
2026-09-25 13:56:56,34.7,70,80,0,False,False,True
2026-09-25 13:56:58,34.7,70,81,0,False,False,True
2026-09-25 13:57:00,34.7,70,81,0,False,False,True
2026-09-25 13:57:02,34.7,70,81,0,False,False,True
2026-09-25 13:57:04,34.7,70,81,0,False,False,True
2026-09-25 13:57:06,34.7,70,81,0,False,False,True
2026-09-25 13:57:08,34.7,70,81,0,False,False,True
2026-09-25 13:57:10,34.7,70,82,0,False,False,True
2026-09-25 13:57:15,34.7,70,82,0,False,False,True
2026-09-25 13:57:17,34.7,70,82,0,False,False,True
2026-09-25 13:57:19,34.6,70,81,0,False,False,True
2026-09-25 13:57:21,34.6,70,81,0,False,False,True
2026-09-25 13:57:23,34.6,70,82,0,False,False,True
2026-09-25 13:57:25,34.6,70,81,0,False,False,True
2026-09-25 13:57:27,34.6,70,81,0,False,False,True
2026-09-25 13:57:29,34.6,70,81,0,False,False,True
2026-09-25 13:57:31,34.6,70,82,0,False,False,True
2026-09-25 13:57:33,34.6,70,81,0,False,False,True
2026-09-25 13:57:35,34.3,70,81,0,False,False,True
2026-09-25 13:57:37,34.2,70,81,0,False,False,True
2026-09-25 13:57:39,34.2,70,81,0,False,False,True
2026-09-25 13:57:41,34.2,70,81,0,False,False,True
2026-09-25 13:57:43,34.2,70,81,0,False,False,True
2026-09-25 13:57:45,34.2,70,81,0,False,False,True
2026-09-25 13:57:47,34.2,70,81,0,False,False,True
2026-09-25 13:57:49,34.2,70,81,0,False,False,True
2026-09-25 13:57:51,34.2,70,82,0,False,False,True
2026-09-25 13:57:53,34.2,70,81,0,False,False,True
2026-09-25 13:57:55,34.2,70,81,0,False,False,True
2026-09-25 13:57:57,34.2,70,81,0,False,False,True
2026-09-25 13:57:59,34.2,70,81,0,False,False,True
2026-09-25 13:58:01,34.2,70,81,0,False,False,True
2026-09-25 13:58:03,34.2,70,81,0,False,False,True
2026-09-25 13:58:05,34.2,70,81,0,False,False,True
2026-09-25 13:58:07,34.2,70,81,0,False,False,True
2026-09-25 13:58:09,34.2,70,81,0,False,False,True
2026-09-25 13:58:11,34.2,70,81,0,False,False,True
2026-09-25 13:58:13,34.2,70,81,0,False,False,True
2026-09-25 13:58:15,34.2,70,81,0,False,False,True
2026-09-25 13:58:17,34.2,70,81,0,False,False,True
2026-09-25 13:58:19,34.2,70,81,0,False,False,True
2026-09-25 13:58:21,34.2,70,80,0,False,False,True
2026-09-25 13:58:23,34.2,70,82,0,False,False,True
2026-09-25 13:58:25,34.2,70,81,0,False,False,True
2026-09-25 13:58:27,34.2,70,81,0,False,False,True
2026-09-25 13:58:29,34.2,70,81,0,False,False,True
2026-09-25 13:58:31,34.2,70,81,0,False,False,True
2026-09-25 13:58:33,34.2,70,81,0,False,False,True
2026-09-25 13:58:35,34.2,70,82,0,False,False,True
2026-09-25 13:58:37,34.2,70,81,0,False,False,True
2026-09-25 13:58:39,34.2,70,81,0,False,False,True
2026-09-25 13:58:41,34.2,70,81,0,False,False,True
2026-09-25 13:58:43,34.2,70,80,0,False,False,True
2026-09-25 13:58:45,34.2,70,80,0,False,False,True
2026-09-25 13:58:47,34.2,70,81,0,False,False,True
2026-09-25 13:58:49,34.2,70,81,0,False,False,True
2026-09-25 13:58:51,34.2,70,81,0,False,False,True
2026-09-25 13:58:53,34.2,70,81,0,False,False,True
2026-09-25 13:58:55,34.2,70,81,0,False,False,True
2026-09-25 13:58:57,34.2,70,81,0,False,False,True
2026-09-25 13:58:59,34.2,70,81,0,False,False,True
2026-09-25 13:59:01,34.2,70,81,0,False,False,True
2026-09-25 13:59:03,34.2,70,82,0,False,False,True
2026-09-25 13:59:05,34.2,70,80,0,False,False,True
2026-09-25 13:59:07,34.2,70,81,0,False,False,True
2026-09-25 13:59:09,34.2,70,81,0,False,False,True
2026-09-25 13:59:11,34.2,70,81,0,False,False,True
2026-09-25 13:59:13,34.2,70,81,0,False,False,True
2026-09-25 13:59:15,34.2,70,82,0,False,False,True
2026-09-25 13:59:17,34.2,70,81,0,False,False,True
2026-09-25 13:59:19,34.2,70,81,0,False,False,True
2026-09-25 13:59:21,34.2,70,82,0,False,False,True
2026-09-25 13:59:23,34.2,70,81,0,False,False,True
2026-09-25 13:59:25,34.2,70,81,0,False,False,True
2026-09-25 13:59:27,34.2,70,81,0,False,False,True
2026-09-25 13:59:29,34.2,70,81,0,False,False,True
2026-09-25 13:59:31,34.2,70,81,0,False,False,True
2026-09-25 13:59:33,34.2,70,80,0,False,False,True
2026-09-25 13:59:35,34.2,70,81,0,False,False,True
2026-09-25 13:59:37,34.2,70,81,0,False,False,True
2026-09-25 13:59:39,34.2,70,81,0,False,False,True
2026-09-25 13:59:41,34.2,70,80,0,False,False,True
2026-09-25 13:59:43,34.2,70,81,0,False,False,True
2026-09-25 13:59:45,34.2,70,82,0,False,False,True
2026-09-25 13:59:47,34.2,70,81,0,False,False,True
2026-09-25 13:59:49,34.2,70,80,0,False,False,True
2026-09-25 13:59:51,34.2,70,80,0,False,False,True
2026-09-25 13:59:53,34.2,70,80,0,False,False,True
2026-09-25 13:59:55,34.2,70,81,0,False,False,True
2026-09-25 13:59:57,34.2,70,82,0,False,False,True
2026-09-25 13:59:59,34.2,70,81,0,False,False,True
2026-09-25 14:00:01,34.2,70,81,0,False,False,True
2026-09-25 14:00:03,34.2,70,82,0,False,False,True
2026-09-25 14:00:05,34.2,70,81,0,False,False,True
2026-09-25 14:00:07,34.2,70,81,0,False,False,True
2026-09-25 14:00:09,34.2,70,81,0,False,False,True
2026-09-25 14:00:11,34.2,70,81,0,False,False,True
2026-09-25 14:00:13,34.2,70,81,0,False,False,True
2026-09-25 14:00:15,34.2,70,81,0,False,False,True
2026-09-25 14:00:17,34.2,70,81,0,False,False,True
2026-09-25 14:00:19,34.2,70,81,0,False,False,True
2026-09-25 14:00:21,34.2,70,82,0,False,False,True
2026-09-25 14:00:23,34.2,70,81,0,False,False,True
2026-09-25 14:00:25,34.2,69,81,0,False,False,True
2026-09-25 14:00:27,34.2,69,81,0,False,False,True
2026-09-25 14:00:29,34.2,69,81,0,False,False,True
2026-09-25 14:00:31,34.2,69,81,0,False,False,True
2026-09-25 14:00:33,34.2,70,80,0,False,False,True
2026-09-25 14:00:35,34.2,70,81,0,False,False,True
2026-09-25 14:00:37,34.2,70,82,0,False,False,True
2026-09-25 14:00:39,34.1,70,81,0,False,False,True
2026-09-25 14:00:41,34.1,70,81,0,False,False,True
2026-09-25 14:00:43,34,70,81,0,False,False,True
2026-09-25 14:00:45,33.8,70,82,0,False,False,True
2026-09-25 14:00:47,33.8,70,81,0,False,False,True
2026-09-25 14:00:49,33.8,70,81,0,False,False,True
2026-09-25 14:00:51,33.8,70,81,0,False,False,True
2026-09-25 14:00:54,33.8,70,80,0,False,False,True
